time,load_N,cmod_mm
0.000000000000000000e+00,0.000000000000000000e+00,0.000000000000000000e+00
9.999999747378751636e-05,3.916366517543792725e+00,9.176385447062784806e-06
1.999999949475750327e-04,7.832733035087585449e+00,1.835277089412556961e-05
3.000000142492353916e-04,1.174909996986389160e+01,2.752915861492510885e-05
3.999999898951500654e-04,1.566546607017517090e+01,3.670554178825113922e-05
5.000000237487256527e-04,1.958183288574218750e+01,4.588192769006127492e-05
6.000000284984707832e-04,2.349819993972778320e+01,5.505831722985021770e-05
6.999999750405550003e-04,2.741456556320190430e+01,6.423470040317624807e-05
7.999999797903001308e-04,3.133093214035034180e+01,7.341108357650227845e-05
8.999999845400452614e-04,3.524729919433593750e+01,8.258747402578592300e-05
1.000000047497451305e-03,3.916366577148437500e+01,9.176385538012254983e-05
1.099999994039535522e-03,4.308003139495849609e+01,1.009402458294061944e-04
1.200000056996941566e-03,4.699639987945556641e+01,1.101166344597004354e-04
1.300000003539025784e-03,5.091276550292968750e+01,1.192930103570688516e-04
1.399999950081110001e-03,5.482913112640380859e+01,1.284694008063524961e-04
1.500000013038516045e-03,5.874549865722656250e+01,1.376457912556361407e-04
1.599999959580600262e-03,6.266186428070068359e+01,1.468221671530045569e-04
1.700000022538006306e-03,6.657823276519775391e+01,1.559985576022882015e-04
1.799999969080090523e-03,7.049459838867187500e+01,1.651749480515718460e-04
1.900000032037496567e-03,7.441096305847167969e+01,1.743513385008554906e-04
2.000000094994902611e-03,7.832733154296875000e+01,1.835277107602450997e-04
2.099999925121665001e-03,8.224370002746582031e+01,1.927041012095287442e-04
2.199999988079071045e-03,8.616006278991699219e+01,2.018804916588123888e-04
2.300000051036477089e-03,9.007643318176269531e+01,2.110568821080960333e-04
2.400000113993883133e-03,9.399279975891113281e+01,2.202332689194008708e-04
2.499999944120645523e-03,9.790916442871093750e+01,2.294096339028328657e-04
2.600000007078051567e-03,1.018255310058593750e+02,2.385860207141377032e-04
2.700000070035457611e-03,1.057418956756591797e+02,2.477624148014001548e-04
2.799999900162220001e-03,1.096582622528076172e+02,2.569388016127049923e-04
2.899999963119626045e-03,1.135746326446533203e+02,2.661151956999674439e-04
3.000000026077032089e-03,1.174909973144531250e+02,2.752915825112722814e-04
3.100000089034438133e-03,1.214073677062988281e+02,2.844679693225771189e-04
3.199999919161200523e-03,1.253237285614013672e+02,2.936443343060091138e-04
3.299999982118606567e-03,1.292400951385498047e+02,3.028207211173139513e-04
3.400000045076012611e-03,1.331564655303955078e+02,3.119971152045764029e-04
3.500000108033418655e-03,1.370728302001953125e+02,3.211735020158812404e-04
3.599999938160181046e-03,1.409891967773437500e+02,3.303498961031436920e-04
3.700000001117587090e-03,1.449055671691894531e+02,3.395262829144485295e-04
3.800000064074993134e-03,1.488219261169433594e+02,3.487026770017109811e-04
3.899999894201755524e-03,1.527382965087890625e+02,3.578790347091853619e-04
4.000000189989805222e-03,1.566546630859375000e+02,3.670554215204901993e-04
4.100000020116567612e-03,1.605710296630859375e+02,3.762318156077526510e-04
4.199999850243330002e-03,1.644874000549316406e+02,3.854082024190574884e-04
4.300000146031379700e-03,1.684037704467773438e+02,3.945845674024894834e-04
4.399999976158142090e-03,1.723201255798339844e+02,4.037609833176247776e-04
4.499999806284904480e-03,1.762364997863769531e+02,4.129373483010567725e-04
4.600000102072954178e-03,1.801528663635253906e+02,4.221137642161920667e-04
4.699999932199716568e-03,1.840692253112792969e+02,4.312901291996240616e-04
4.800000227987766266e-03,1.879855995178222656e+02,4.404665378388017416e-04
4.900000058114528656e-03,1.919019622802734375e+02,4.496429028222337365e-04
4.999999888241291046e-03,1.958183288574218750e+02,4.588192678056657314e-04
5.100000184029340744e-03,1.997346954345703125e+02,4.679956909967586398e-04
5.200000014156103134e-03,2.036510620117187500e+02,4.771720414282754064e-04
5.299999844282865524e-03,2.075674285888671875e+02,4.863484646193683147e-04
5.400000140070915222e-03,2.114837913513183594e+02,4.955248296028003097e-04
5.499999970197677612e-03,2.154001655578613281e+02,5.047012382419779897e-04
5.599999800324440002e-03,2.193165245056152344e+02,5.138776032254099846e-04
5.700000096112489700e-03,2.232328987121582031e+02,5.230539682088419795e-04
5.799999926239252090e-03,2.271492652893066406e+02,5.322303913999348879e-04
5.900000222027301788e-03,2.310656280517578125e+02,5.414067418314516544e-04
6.000000052154064178e-03,2.349819946289062500e+02,5.505831650225445628e-04
6.099999882280826569e-03,2.388983612060546875e+02,5.597595300059765577e-04
6.200000178068876266e-03,2.428147354125976562e+02,5.689359386451542377e-04
6.300000008195638657e-03,2.467310943603515625e+02,5.781123036285862327e-04
6.399999838322401047e-03,2.506474571228027344e+02,5.872886686120182276e-04
6.500000134110450745e-03,2.545638313293457031e+02,5.964650918031111360e-04
6.599999964237213135e-03,2.584801902770996094e+02,6.056414422346279025e-04
6.699999794363975525e-03,2.623965644836425781e+02,6.148178654257208109e-04
6.800000090152025223e-03,2.663129310607910156e+02,6.239942304091528058e-04
6.899999920278787613e-03,2.702292861938476562e+02,6.331706536002457142e-04
7.000000216066837311e-03,2.741456604003906250e+02,6.423470040317624807e-04
7.100000046193599701e-03,2.780620269775390625e+02,6.515233690151944757e-04
7.199999876320362091e-03,2.819783935546875000e+02,6.606997922062873840e-04
7.300000172108411789e-03,2.858947601318359375e+02,6.698761426378041506e-04
7.400000002235174179e-03,2.898111343383789062e+02,6.790525658288970590e-04
7.499999832361936569e-03,2.937275009155273438e+02,6.882289308123290539e-04
7.600000128149986267e-03,2.976438522338867188e+02,6.974053540034219623e-04
7.699999958276748657e-03,3.015602264404296875e+02,7.065817044349387288e-04
7.799999788403511047e-03,3.054765930175781250e+02,7.157580694183707237e-04
7.899999618530273438e-03,3.093929595947265625e+02,7.249344926094636321e-04
8.000000379979610443e-03,3.133093261718750000e+02,7.341108430409803987e-04
8.100000210106372833e-03,3.172256927490234375e+02,7.432872662320733070e-04
8.200000040233135223e-03,3.211420593261718750e+02,7.524636312155053020e-04
8.299999870359897614e-03,3.250584259033203125e+02,7.616399961989372969e-04
8.399999700486660004e-03,3.289748001098632812e+02,7.708164048381149769e-04
8.500000461935997009e-03,3.328911590576171875e+02,7.799928280292078853e-04
8.600000292062759399e-03,3.368075408935546875e+02,7.891691348049789667e-04
8.700000122189521790e-03,3.407238845825195312e+02,7.983455434441566467e-04
8.799999952316284180e-03,3.446402511596679688e+02,8.075219666352495551e-04
8.899999782443046570e-03,3.485566329956054688e+02,8.166983898263424635e-04
8.999999612569808960e-03,3.524729995727539062e+02,8.258746966021135449e-04
9.100000374019145966e-03,3.563893508911132812e+02,8.350511052412912250e-04
9.200000204145908356e-03,3.603057327270507812e+02,8.442275284323841333e-04
9.300000034272670746e-03,3.642220993041992188e+02,8.534038206562399864e-04
9.399999864399433136e-03,3.681384506225585938e+02,8.625802583992481232e-04
9.499999694526195526e-03,3.720548324584960938e+02,8.717566670384258032e-04
9.600000455975532532e-03,3.759711990356445312e+02,8.809330756776034832e-04
9.700000286102294922e-03,3.798875579833984375e+02,8.901093970052897930e-04
9.800000116229057312e-03,3.838039245605468750e+02,8.992858056444674730e-04
9.899999946355819702e-03,3.877202911376953125e+02,9.084622433874756098e-04
9.999999776482582092e-03,3.916366577148437500e+02,9.176385356113314629e-04
1.009999960660934448e-02,3.955530242919921875e+02,9.268149442505091429e-04
1.020000036805868149e-02,3.994693908691406250e+02,9.359913819935172796e-04
1.030000019818544388e-02,4.033857574462890625e+02,9.451677906326949596e-04
1.040000002831220627e-02,4.073021240234375000e+02,9.543440828565508127e-04
1.049999985843896866e-02,4.112184906005859375e+02,9.635205205995589495e-04
1.059999968856573105e-02,4.151348571777343750e+02,9.726969292387366295e-04
1.070000045001506805e-02,4.190512313842773438e+02,9.818732214625924826e-04
1.080000028014183044e-02,4.229675827026367188e+02,9.910496592056006193e-04
1.090000011026859283e-02,4.268839492797851562e+02,1.000226067844778299e-03
1.099999994039535522e-02,4.308003311157226562e+02,1.009402476483955979e-03
1.109999977052211761e-02,4.347166824340820312e+02,1.018578797811642289e-03
1.119999960064888000e-02,4.386330490112304688e+02,1.027755206450819969e-03
1.130000036209821701e-02,4.425494308471679688e+02,1.036931644193828106e-03
1.140000019222497940e-02,4.464657974243164062e+02,1.046107936417683959e-03
1.150000002235174179e-02,4.503821487426757812e+02,1.055284345056861639e-03
1.159999985247850418e-02,4.542985305786132812e+02,1.064460782799869776e-03
1.169999968260526657e-02,4.582148895263671875e+02,1.073637191439047456e-03
1.180000044405460358e-02,4.621312561035156250e+02,1.082813483662903309e-03
1.190000027418136597e-02,4.660476226806640625e+02,1.091989921405911446e-03
1.200000010430812836e-02,4.699639892578125000e+02,1.101166330045089126e-03
1.209999993443489075e-02,4.738803558349609375e+02,1.110342622268944979e-03
1.219999976456165314e-02,4.777967224121093750e+02,1.119519060011953115e-03
1.229999959468841553e-02,4.817130889892578125e+02,1.128695468651130795e-03
1.240000035613775253e-02,4.856294708251953125e+02,1.137871877290308475e-03
1.250000018626451492e-02,4.895458221435546875e+02,1.147048198617994785e-03
1.260000001639127731e-02,4.934621887207031250e+02,1.156224607257172465e-03
1.269999984651803970e-02,4.973785629272460938e+02,1.165401045000180602e-03
1.279999967664480209e-02,5.012949142456054688e+02,1.174577337224036455e-03
1.290000043809413910e-02,5.052112808227539062e+02,1.183753745863214135e-03
1.300000026822090149e-02,5.091276626586914062e+02,1.192930183606222272e-03
1.310000009834766388e-02,5.130440292358398438e+02,1.202106592245399952e-03
1.319999992847442627e-02,5.169603805541992188e+02,1.211282884469255805e-03
1.329999975860118866e-02,5.208767623901367188e+02,1.220459322212263942e-03
1.339999958872795105e-02,5.247931289672851562e+02,1.229635730851441622e-03
1.350000035017728806e-02,5.287094802856445312e+02,1.238812023075297475e-03
1.360000018030405045e-02,5.326258621215820312e+02,1.247988460818305612e-03
1.370000001043081284e-02,5.365422210693359375e+02,1.257164869457483292e-03
1.379999984055757523e-02,5.404585723876953125e+02,1.266341307200491428e-03
1.389999967068433762e-02,5.443749542236328125e+02,1.275517599424347281e-03
1.400000043213367462e-02,5.482913208007812500e+02,1.284694008063524961e-03
1.410000026226043701e-02,5.522076873779296875e+02,1.293870445806533098e-03
1.420000009238719940e-02,5.561240539550781250e+02,1.303046738030388951e-03
1.429999992251396179e-02,5.600404205322265625e+02,1.312223146669566631e-03
1.439999975264072418e-02,5.639567871093750000e+02,1.321399584412574768e-03
1.449999958276748657e-02,5.678731536865234375e+02,1.330575993051752448e-03
1.460000034421682358e-02,5.717895202636718750e+02,1.339752285275608301e-03
1.470000017434358597e-02,5.757058868408203125e+02,1.348928723018616438e-03
1.480000000447034836e-02,5.796222686767578125e+02,1.358105131657794118e-03
1.489999983459711075e-02,5.835386199951171875e+02,1.367281423881649971e-03
1.499999966472387314e-02,5.874550018310546875e+02,1.376457861624658108e-03
1.510000042617321014e-02,5.913713684082031250e+02,1.385634270263835788e-03
1.520000025629997253e-02,5.952877044677734375e+02,1.394810708006843925e-03
1.530000008642673492e-02,5.992040863037109375e+02,1.403987000230699778e-03
1.539999991655349731e-02,6.031204528808593750e+02,1.413163408869877458e-03
1.549999974668025970e-02,6.070368041992187500e+02,1.422339846612885594e-03
1.559999957680702209e-02,6.109531860351562500e+02,1.431516138836741447e-03
1.569999940693378448e-02,6.148695526123046875e+02,1.440692547475919127e-03
1.579999923706054688e-02,6.187859191894531250e+02,1.449868985218927264e-03
1.590000092983245850e-02,6.227022857666015625e+02,1.459045393858104944e-03
1.600000075995922089e-02,6.266186523437500000e+02,1.468221686081960797e-03
1.610000059008598328e-02,6.305350189208984375e+02,1.477398123824968934e-03
1.620000042021274567e-02,6.344513854980468750e+02,1.486574532464146614e-03
1.630000025033950806e-02,6.383677520751953125e+02,1.495750824688002467e-03
1.640000008046627045e-02,6.422841186523437500e+02,1.504927262431010604e-03
1.649999991059303284e-02,6.462005004882812500e+02,1.514103671070188284e-03
1.659999974071979523e-02,6.501168518066406250e+02,1.523279992397874594e-03
1.669999957084655762e-02,6.540332183837890625e+02,1.532456401037052274e-03
1.679999940097332001e-02,6.579496002197265625e+02,1.541632809676229954e-03
1.689999923110008240e-02,6.618659515380859375e+02,1.550809247419238091e-03
1.700000092387199402e-02,6.657823181152343750e+02,1.559985656058415771e-03
1.710000075399875641e-02,6.696986846923828125e+02,1.569162064697593451e-03
1.720000058412551880e-02,6.736150817871093750e+02,1.578338269609957933e-03
1.730000041425228119e-02,6.775314331054687500e+02,1.587514678249135613e-03
1.740000024437904358e-02,6.814477691650390625e+02,1.596691086888313293e-03
1.750000007450580597e-02,6.853641357421875000e+02,1.605867524631321430e-03
1.759999990463256836e-02,6.892805023193359375e+02,1.615043933270499110e-03
1.769999973475933075e-02,6.931968688964843750e+02,1.624220371013507247e-03
1.779999956488609314e-02,6.971004943847656250e+02,1.633474515983834863e-03
1.789999939501285553e-02,7.009819946289062500e+02,1.642863731831312180e-03
1.799999922513961792e-02,7.048537292480468750e+02,1.652312668738886714e-03
1.810000091791152954e-02,7.087210693359375000e+02,1.661788352066650987e-03
1.820000074803829193e-02,7.125865478515625000e+02,1.671275414992123842e-03
1.830000057816505432e-02,7.164511718750000000e+02,1.680767512880265713e-03
1.840000040829181671e-02,7.203154296875000000e+02,1.690262026386335492e-03
1.850000023841857910e-02,7.241795654296875000e+02,1.699757267488166690e-03
1.860000006854534149e-02,7.280436248779296875e+02,1.709252828732132912e-03
1.869999989867210388e-02,7.319076538085937500e+02,1.718748651910573244e-03
1.879999972879886627e-02,7.357716827392578125e+02,1.728244416881352663e-03
1.889999955892562866e-02,7.396356964111328125e+02,1.737740007229149342e-03
1.899999938905239105e-02,7.434997558593750000e+02,1.747235830407589674e-03
1.909999921917915344e-02,7.473638153076171875e+02,1.756731362547725439e-03
1.920000091195106506e-02,7.512278747558593750e+02,1.766226894687861204e-03
1.930000074207782745e-02,7.550918731689453125e+02,1.775722659658640623e-03
1.940000057220458984e-02,7.589559326171875000e+02,1.785218191798776388e-03
1.950000040233135223e-02,7.628199920654296875e+02,1.794713432900607586e-03
1.960000023245811462e-02,7.666840820312500000e+02,1.804208965040743351e-03
1.970000006258487701e-02,7.705481414794921875e+02,1.813704438973218203e-03
1.979999989271163940e-02,7.744122009277343750e+02,1.823199680075049400e-03
1.989999972283840179e-02,7.782763061523437500e+02,1.832695095799863338e-03
1.999999955296516418e-02,7.821403656005859375e+02,1.842190336901694536e-03
2.009999938309192657e-02,7.860044708251953125e+02,1.851685519795864820e-03
2.019999921321868896e-02,7.898685302734375000e+02,1.861180702690035105e-03
2.030000090599060059e-02,7.937326660156250000e+02,1.870675885584205389e-03
2.040000073611736298e-02,7.975967254638671875e+02,1.880171068478375673e-03
2.050000056624412537e-02,8.014608306884765625e+02,1.889666251372545958e-03
2.060000039637088776e-02,8.053249359130859375e+02,1.899161434266716242e-03
2.070000022649765015e-02,8.091890258789062500e+02,1.908656326122581959e-03
2.080000005662441254e-02,8.130531311035156250e+02,1.918151509016752243e-03
2.089999988675117493e-02,8.169172363281250000e+02,1.927646400872617960e-03
2.099999971687793732e-02,8.207813415527343750e+02,1.937141525559127331e-03
2.109999954700469971e-02,8.246454315185546875e+02,1.946636417414993048e-03
2.119999937713146210e-02,8.285095672607421875e+02,1.956131309270858765e-03
2.129999920725822449e-02,8.323736724853515625e+02,1.965626142919063568e-03
2.140000090003013611e-02,8.362377777099609375e+02,1.975121034774929285e-03
2.150000073015689850e-02,8.401019134521484375e+02,1.984616159461438656e-03
2.160000056028366089e-02,8.439660491943359375e+02,1.994110993109643459e-03
2.170000039041042328e-02,8.478301239013671875e+02,2.003605593927204609e-03
2.180000022053718567e-02,8.516942596435546875e+02,2.013100427575409412e-03
2.190000005066394806e-02,8.555583953857421875e+02,2.022595261223614216e-03
2.199999988079071045e-02,8.594225311279296875e+02,2.032090153079479933e-03
2.209999971091747284e-02,8.632866668701171875e+02,2.041584928520023823e-03
2.219999954104423523e-02,8.671507720947265625e+02,2.051079529337584972e-03
2.229999937117099762e-02,8.710148925781250000e+02,2.060574362985789776e-03
2.239999920129776001e-02,8.748790283203125000e+02,2.070068963803350925e-03
2.250000089406967163e-02,8.787431640625000000e+02,2.079563739243894815e-03
2.260000072419643402e-02,8.826072998046875000e+02,2.089058340061455965e-03
2.270000055432319641e-02,8.864714355468750000e+02,2.098553115501999855e-03
2.280000038444995880e-02,8.903355712890625000e+02,2.108047716319561005e-03
2.290000021457672119e-02,8.941996917724609375e+02,2.117542491760104895e-03
2.300000004470348358e-02,8.980638275146484375e+02,2.127037034370005131e-03
2.309999987483024597e-02,9.019279632568359375e+02,2.136531576979905367e-03
2.319999970495700836e-02,9.057920989990234375e+02,2.146026352420449257e-03
2.329999953508377075e-02,9.096562347412109375e+02,2.155520895030349493e-03
2.339999936521053314e-02,9.135203552246093750e+02,2.165015437640249729e-03
2.349999919533729553e-02,9.173844909667968750e+02,2.174509980250149965e-03
2.360000088810920715e-02,9.212486267089843750e+02,2.184004522860050201e-03
2.370000071823596954e-02,9.251127624511718750e+02,2.193499065469950438e-03
2.380000054836273193e-02,9.289769134521484375e+02,2.202993549872189760e-03
2.390000037848949432e-02,9.328410491943359375e+02,2.212488092482089996e-03
2.400000020861625671e-02,9.367051849365234375e+02,2.221982635091990232e-03
2.410000003874301910e-02,9.405693206787109375e+02,2.231477119494229555e-03
2.419999986886978149e-02,9.444334716796875000e+02,2.240971662104129791e-03
2.429999969899654388e-02,9.482976074218750000e+02,2.250466146506369114e-03
2.439999952912330627e-02,9.521617431640625000e+02,2.259960689116269350e-03
2.449999935925006866e-02,9.560258941650390625e+02,2.269455173518508673e-03
2.459999918937683105e-02,9.598900299072265625e+02,2.278949657920747995e-03
2.470000088214874268e-02,9.637458038330078125e+02,2.288497227709740400e-03
2.480000071227550507e-02,9.675880126953125000e+02,2.298130188137292862e-03
2.490000054240226746e-02,9.714110107421875000e+02,2.307883987668901682e-03
2.500000037252902985e-02,9.752187805175781250e+02,2.317733073141425848e-03
2.510000020265579224e-02,9.790173950195312500e+02,2.327639434952288866e-03
2.520000003278255463e-02,9.828107757568359375e+02,2.337578451260924339e-03
2.529999986290931702e-02,9.866011199951171875e+02,2.347536094021052122e-03
2.539999969303607941e-02,9.903897399902343750e+02,2.357504738029092550e-03
2.549999952316284180e-02,9.941773681640625000e+02,2.367479784879833460e-03
2.559999935328960419e-02,9.979643707275390625e+02,2.377458615228533745e-03
2.569999918341636658e-02,1.001751052856445312e+03,2.387440006714314222e-03
2.580000087618827820e-02,1.005537460327148438e+03,2.397422620560973883e-03
2.590000070631504059e-02,1.009323745727539062e+03,2.407406456768512726e-03
2.600000053644180298e-02,1.013109909057617188e+03,2.417391340713948011e-03
2.610000036656856537e-02,1.016895980834960938e+03,2.427376632113009691e-03
2.620000019669532776e-02,1.020681991577148438e+03,2.437362622004002333e-03
2.630000002682209015e-02,1.024467910766601562e+03,2.447349019348621368e-03
2.639999985694885254e-02,1.028253768920898438e+03,2.457336056977510452e-03
2.649999968707561493e-02,1.032039566040039062e+03,2.467323676683008671e-03
2.659999951720237732e-02,1.035825332641601562e+03,2.477311529219150543e-03
2.669999934732913971e-02,1.039611022949218750e+03,2.487299963831901550e-03
2.679999917745590210e-02,1.043396667480468750e+03,2.497288864105939865e-03
2.690000087022781372e-02,1.047182235717773438e+03,2.507278346456587315e-03
2.700000070035457611e-02,1.050967758178710938e+03,2.517268178053200245e-03
2.710000053048133850e-02,1.054753250122070312e+03,2.527258475311100483e-03
2.720000036060810089e-02,1.058538681030273438e+03,2.537249121814966202e-03
2.730000019073486328e-02,1.062324050903320312e+03,2.547240408603101969e-03
2.740000002086162567e-02,1.066109390258789062e+03,2.557232044637203217e-03
2.749999985098838806e-02,1.069894668579101562e+03,2.567224088124930859e-03
2.759999968111515045e-02,1.073679885864257812e+03,2.577216480858623981e-03
2.769999951124191284e-02,1.077465057373046875e+03,2.587209281045943499e-03
2.779999934136867523e-02,1.081250213623046875e+03,2.597202488686889410e-03
2.789999917149543762e-02,1.085035308837890625e+03,2.607196278404444456e-03
2.800000086426734924e-02,1.088820327758789062e+03,2.617190475575625896e-03
2.810000069439411163e-02,1.092605331420898438e+03,2.627184789162129164e-03
2.820000052452087402e-02,1.096390289306640625e+03,2.637179684825241566e-03
2.830000035464763641e-02,1.100175186157226562e+03,2.647174987941980362e-03
2.840000018477439880e-02,1.103960067749023438e+03,2.657170640304684639e-03
2.850000001490116119e-02,1.107744888305664062e+03,2.667166700121015310e-03
2.859999984502792358e-02,1.111529663085937500e+03,2.677163109183311462e-03
2.869999967515468597e-02,1.115314422607421875e+03,2.687159867491573095e-03
2.879999950528144836e-02,1.119099121093750000e+03,2.697157033253461123e-03
2.889999933540821075e-02,1.122883728027343750e+03,2.707154781091958284e-03
2.899999916553497314e-02,1.126668365478515625e+03,2.717152645345777273e-03
2.910000085830688477e-02,1.130452941894531250e+03,2.727150917053222656e-03
2.920000068843364716e-02,1.134228973388671875e+03,2.737203089054673910e-03
2.930000051856040955e-02,1.137999053955078125e+03,2.747292572166770697e-03
2.940000034868717194e-02,1.141765319824218750e+03,2.757405978627502918e-03
2.950000017881393433e-02,1.145519897460937500e+03,2.767592901363968849e-03
2.960000000894069672e-02,1.149266876220703125e+03,2.777827729005366564e-03
2.969999983906745911e-02,1.153008972167968750e+03,2.788092999253422022e-03
2.979999966919422150e-02,1.156748107910156250e+03,2.798376837745308876e-03
2.989999949932098389e-02,1.160485504150390625e+03,2.808671793900430202e-03
2.999999932944774628e-02,1.164221893310546875e+03,2.818972803652286530e-03
3.009999915957450867e-02,1.167957702636718750e+03,2.829277538694441319e-03
3.020000085234642029e-02,1.171693145751953125e+03,2.839584136381745338e-03
3.030000068247318268e-02,1.175428436279296875e+03,2.849891956429928541e-03
3.040000051259994507e-02,1.179163665771484375e+03,2.860200009308755398e-03
3.050000034272670746e-02,1.182898834228515625e+03,2.870508411433547735e-03
3.060000017285346985e-02,1.186634002685546875e+03,2.880816638935357332e-03
3.070000000298023224e-02,1.190369232177734375e+03,2.891124633606523275e-03
3.079999983310699463e-02,1.194104400634765625e+03,2.901432395447045565e-03
3.089999966323375702e-02,1.197839630126953125e+03,2.911740099079906940e-03
3.099999949336051941e-02,1.201574920654296875e+03,2.922047511674463749e-03
3.109999932348728180e-02,1.205310180664062500e+03,2.932354691438376904e-03
3.119999915361404419e-02,1.209045471191406250e+03,2.942661754786968231e-03
3.130000084638595581e-02,1.212780822753906250e+03,2.952968294266611338e-03
3.139999881386756897e-02,1.216516174316406250e+03,2.963274717330932617e-03
3.150000050663948059e-02,1.220251586914062500e+03,2.973580907564610243e-03
3.159999847412109375e-02,1.223986999511718750e+03,2.983886981382966042e-03
3.170000016689300537e-02,1.227722442626953125e+03,2.994192531332373619e-03
3.180000185966491699e-02,1.231457885742187500e+03,3.004498023074120283e-03
3.189999982714653015e-02,1.235193389892578125e+03,3.014803456608206034e-03
3.200000151991844177e-02,1.238928894042968750e+03,3.025108599103987217e-03
3.209999948740005493e-02,1.242664459228515625e+03,3.035413392353802919e-03
3.220000118017196655e-02,1.246399993896484375e+03,3.045717952772974968e-03
3.229999914765357971e-02,1.250135589599609375e+03,3.056022396776825190e-03
3.240000084042549133e-02,1.253871185302734375e+03,3.066326782573014498e-03
3.249999880790710449e-02,1.257606811523437500e+03,3.076630702707916498e-03
3.260000050067901611e-02,1.261342437744140625e+03,3.086934506427496672e-03
3.269999846816062927e-02,1.265078094482421875e+03,3.097238251939415932e-03
3.280000016093254089e-02,1.268813812255859375e+03,3.107541939243674278e-03
3.290000185370445251e-02,1.272549499511718750e+03,3.117845160886645317e-03
3.299999982118606567e-02,1.276285247802734375e+03,3.128148266114294529e-03
3.310000151395797729e-02,1.280020965576171875e+03,3.138451313134282827e-03
3.319999948143959045e-02,1.283756713867187500e+03,3.148754360154271126e-03
3.330000117421150208e-02,1.287492462158203125e+03,3.159056825097650290e-03
3.339999914169311523e-02,1.291228271484375000e+03,3.169359290041029453e-03
3.350000083446502686e-02,1.294964050292968750e+03,3.179661696776747704e-03
3.359999880194664001e-02,1.298699859619140625e+03,3.189964045304805040e-03
3.370000049471855164e-02,1.302435699462890625e+03,3.200265869963914156e-03
3.379999846220016479e-02,1.306171569824218750e+03,3.210567636415362358e-03
3.390000015497207642e-02,1.309907409667968750e+03,3.220869402866810560e-03
3.400000184774398804e-02,1.313643280029296875e+03,3.231171052902936935e-03
3.409999981522560120e-02,1.317375854492187500e+03,3.241493017412722111e-03
3.420000150799751282e-02,1.321097778320312500e+03,3.251882386393845081e-03
3.429999947547912598e-02,1.324810729980468750e+03,3.262326878029853106e-03
3.440000116825103760e-02,1.328510894775390625e+03,3.272851172368973494e-03
3.449999913573265076e-02,1.332199005126953125e+03,3.283450903836637735e-03
3.460000082850456238e-02,1.335879028320312500e+03,3.294101334176957607e-03
3.469999879598617554e-02,1.339553680419921875e+03,3.304785350337624550e-03
3.480000048875808716e-02,1.343224853515625000e+03,3.315490321256220341e-03
3.489999845623970032e-02,1.346893798828125000e+03,3.326209145598113537e-03
3.500000014901161194e-02,1.350561309814453125e+03,3.336937166750431061e-03
3.510000184178352356e-02,1.354227783203125000e+03,3.347671299707144499e-03
3.519999980926513672e-02,1.357893585205078125e+03,3.358410031069070101e-03
3.530000150203704834e-02,1.361558807373046875e+03,3.369151614606380463e-03
3.539999946951866150e-02,1.365223602294921875e+03,3.379896283149719238e-03
3.550000116229057312e-02,1.368888092041015625e+03,3.390642523299902678e-03
3.559999912977218628e-02,1.372552307128906250e+03,3.401390160433948040e-03
3.570000082254409790e-02,1.376216156005859375e+03,3.412140125874429941e-03
3.579999879002571106e-02,1.379879852294921875e+03,3.422890906222164631e-03
3.590000048279762268e-02,1.383543212890625000e+03,3.433643083553761244e-03
3.599999845027923584e-02,1.387206420898437500e+03,3.444396948907524347e-03
3.610000014305114746e-02,1.390869415283203125e+03,3.455151570960879326e-03
3.620000183582305908e-02,1.394532196044921875e+03,3.465907473582774401e-03
3.629999980330467224e-02,1.398194763183593750e+03,3.476665122434496880e-03
3.640000149607658386e-02,1.401857116699218750e+03,3.487423469778150320e-03
3.649999946355819702e-02,1.405519195556640625e+03,3.498183097690343857e-03
3.660000115633010864e-02,1.409181152343750000e+03,3.508943947963416576e-03
3.669999912381172180e-02,1.412842895507812500e+03,3.519705962389707565e-03
3.680000081658363342e-02,1.416504455566406250e+03,3.530468733515590429e-03
3.689999878406524658e-02,1.420165740966796875e+03,3.541233250871300697e-03
3.700000047683715820e-02,1.423826965332031250e+03,3.551998408511281013e-03
3.709999844431877136e-02,1.427487854003906250e+03,3.562764846719801426e-03
3.720000013709068298e-02,1.431148681640625000e+03,3.573532449081540108e-03
3.730000182986259460e-02,1.434809326171875000e+03,3.584300749935209751e-03
3.739999979734420776e-02,1.438469665527343750e+03,3.595070273149758577e-03
3.750000149011611938e-02,1.442129882812500000e+03,3.605840960517525673e-03
3.759999945759773254e-02,1.445789947509765625e+03,3.616612404584884644e-03
3.770000115036964417e-02,1.449449829101562500e+03,3.627385478466749191e-03
3.779999911785125732e-02,1.453105316162109375e+03,3.638184862211346626e-03
3.790000081062316895e-02,1.456754180908203125e+03,3.649025806225836277e-03
3.799999877810478210e-02,1.460398529052734375e+03,3.659894631709903479e-03
3.810000047087669373e-02,1.464035614013671875e+03,3.670808509923517704e-03
3.819999843835830688e-02,1.467663330078125000e+03,3.681780246552079916e-03
3.830000013113021851e-02,1.471284423828125000e+03,3.692792961373925209e-03
3.840000182390213013e-02,1.474901031494140625e+03,3.703833557665348053e-03
3.849999979138374329e-02,1.478514495849609375e+03,3.714892663992941380e-03
3.860000148415565491e-02,1.482125976562500000e+03,3.725963993929326534e-03
3.869999945163726807e-02,1.485736145019531250e+03,3.737043705768883228e-03
3.880000114440917969e-02,1.489345428466796875e+03,3.748128598090261221e-03
3.889999911189079285e-02,1.492953979492187500e+03,3.759217332117259502e-03
3.900000080466270447e-02,1.496562164306640625e+03,3.770308103412389755e-03
3.909999877214431763e-02,1.500170104980468750e+03,3.781400388106703758e-03
3.920000046491622925e-02,1.503777679443359375e+03,3.792493836954236031e-03
3.929999843239784241e-02,1.507385162353515625e+03,3.803588566370308399e-03
3.940000012516975403e-02,1.510992462158203125e+03,3.814683877862989902e-03
3.950000181794166565e-02,1.514599639892578125e+03,3.825779305770993233e-03
3.959999978542327881e-02,1.518206634521484375e+03,3.836875781416893005e-03
3.970000147819519043e-02,1.521813568115234375e+03,3.847972373478114605e-03
3.979999944567680359e-02,1.525420257568359375e+03,3.859069547615945339e-03
3.990000113844871521e-02,1.529026947021484375e+03,3.870166721753776073e-03
3.999999910593032837e-02,1.532633544921875000e+03,3.881264827214181423e-03
4.010000079870223999e-02,1.536240051269531250e+03,3.892363049089908600e-03
4.019999876618385315e-02,1.539846343994140625e+03,3.903461270965635777e-03
4.030000045895576477e-02,1.543452575683593750e+03,3.914560540579259396e-03
4.039999842643737793e-02,1.547058746337890625e+03,3.925659810192883015e-03
4.050000011920928955e-02,1.550664794921875000e+03,3.936759545467793941e-03
4.060000181198120117e-02,1.554270751953125000e+03,3.947859280742704868e-03
4.069999977946281433e-02,1.557876586914062500e+03,3.958959598094224930e-03
4.080000147223472595e-02,1.561482360839843750e+03,3.970060381107032299e-03
4.089999943971633911e-02,1.565088012695312500e+03,3.981161629781126976e-03
4.100000113248825073e-02,1.568693511962890625e+03,3.992262994870543480e-03
4.109999909996986389e-02,1.572299011230468750e+03,4.003364359959959984e-03
4.120000079274177551e-02,1.575904418945312500e+03,4.014466656371951103e-03
4.129999876022338867e-02,1.579509613037109375e+03,4.025568952783942223e-03
4.140000045299530029e-02,1.583114898681640625e+03,4.036671714857220650e-03
4.149999842047691345e-02,1.586719909667968750e+03,4.047774593345820904e-03
4.160000011324882507e-02,1.590324920654296875e+03,4.058877937495708466e-03
4.170000180602073669e-02,1.593929779052734375e+03,4.069981281645596027e-03
4.179999977350234985e-02,1.597534637451171875e+03,4.081085091456770897e-03
4.190000146627426147e-02,1.601139404296875000e+03,4.092189483344554901e-03
4.199999943375587463e-02,1.604744018554687500e+03,4.103294340893626213e-03
4.210000112652778625e-02,1.608348571777343750e+03,4.114398732781410217e-03
4.219999909400939941e-02,1.611950134277343750e+03,4.125522333197295666e-03
4.230000078678131104e-02,1.615542877197265625e+03,4.136698320508003235e-03
4.239999875426292419e-02,1.619128326416015625e+03,4.147919709794223309e-03
4.250000044703483582e-02,1.622700744628906250e+03,4.159220610745251179e-03
4.259999841451644897e-02,1.626263031005859375e+03,4.170582280494272709e-03
4.270000010728836060e-02,1.629818267822265625e+03,4.181987722404301167e-03
4.280000180006027222e-02,1.633368591308593750e+03,4.193422500975430012e-03
4.289999976754188538e-02,1.636915557861328125e+03,4.204878001473844051e-03
4.300000146031379700e-02,1.640460205078125000e+03,4.216347355395555496e-03
4.309999942779541016e-02,1.644003143310546875e+03,4.227826721034944057e-03
4.320000112056732178e-02,1.647544860839843750e+03,4.239312955178320408e-03
4.329999908804893494e-02,1.651085693359375000e+03,4.250804777257144451e-03
4.340000078082084656e-02,1.654625732421875000e+03,4.262300441041588783e-03
4.349999874830245972e-02,1.658165222167968750e+03,4.273799131624400616e-03
4.360000044107437134e-02,1.661704162597656250e+03,4.285300383344292641e-03
4.369999840855598450e-02,1.665242767333984375e+03,4.296804079785943031e-03
4.380000010132789612e-02,1.668780914306640625e+03,4.308310104534029961e-03
4.390000179409980774e-02,1.672318572998046875e+03,4.319817991927266121e-03
4.399999976158142090e-02,1.675855987548828125e+03,4.331327741965651512e-03
4.410000145435333252e-02,1.679392944335937500e+03,4.342839587479829788e-03
4.419999942183494568e-02,1.682929626464843750e+03,4.354352829977869987e-03
4.430000111460685730e-02,1.686465942382812500e+03,4.365867935121059418e-03
4.439999908208847046e-02,1.690001922607421875e+03,4.377384670078754425e-03
4.450000077486038208e-02,1.693537506103515625e+03,4.388903151266276836e-03
4.459999874234199524e-02,1.697072784423828125e+03,4.400423378683626652e-03
4.470000043511390686e-02,1.700607788085937500e+03,4.411945235915482044e-03
4.479999840259552002e-02,1.704142425537109375e+03,4.423468490131199360e-03
4.490000009536743164e-02,1.707676818847656250e+03,4.434993374161422253e-03
4.500000178813934326e-02,1.711210815429687500e+03,4.446520004421472549e-03
4.509999975562095642e-02,1.714744506835937500e+03,4.458047915250062943e-03
4.520000144839286804e-02,1.718277923583984375e+03,4.469577455893158913e-03
4.529999941587448120e-02,1.721811035156250000e+03,4.481108742766082287e-03
4.540000110864639282e-02,1.725343780517578125e+03,4.492641193792223930e-03
4.549999907612800598e-02,1.728876281738281250e+03,4.504175391048192978e-03
4.560000076889991760e-02,1.732408508300781250e+03,4.515710752457380295e-03
4.569999873638153076e-02,1.735936126708984375e+03,4.527273704297840595e-03
4.580000042915344238e-02,1.739456604003906250e+03,4.538881359621882439e-03
4.589999839663505554e-02,1.742970764160156250e+03,4.550528479740023613e-03
4.600000008940696716e-02,1.746474822998046875e+03,4.562237067148089409e-03
4.610000178217887878e-02,1.749971405029296875e+03,4.573989892378449440e-03
4.619999974966049194e-02,1.753462554931640625e+03,4.585775197483599186e-03
4.630000144243240356e-02,1.756949890136718750e+03,4.597583785653114319e-03
4.639999940991401672e-02,1.760434539794921875e+03,4.609408322721719742e-03
4.650000110268592834e-02,1.763917175292968750e+03,4.621243453584611416e-03
4.659999907016754150e-02,1.767398468017578125e+03,4.633086966350674629e-03
4.670000076293945312e-02,1.770878784179687500e+03,4.644935368560254574e-03
4.679999873042106628e-02,1.774358276367187500e+03,4.656788078136742115e-03
4.690000042319297791e-02,1.777837249755859375e+03,4.668644163757562637e-03
4.699999839067459106e-02,1.781315185546875000e+03,4.680506419390439987e-03
4.710000008344650269e-02,1.784791473388671875e+03,4.692379967309534550e-03
4.720000177621841431e-02,1.788267028808593750e+03,4.704258521087467670e-03
4.729999974370002747e-02,1.791742095947265625e+03,4.716139403171837330e-03
4.740000143647193909e-02,1.795216857910156250e+03,4.728022031486034393e-03
4.749999940395355225e-02,1.798691375732421875e+03,4.739905358292162418e-03
4.760000109672546387e-02,1.802165679931640625e+03,4.751789849251508713e-03
4.769999906420707703e-02,1.805639801025390625e+03,4.763674922287464142e-03
4.780000075697898865e-02,1.809113525390625000e+03,4.775561508722603321e-03
4.789999872446060181e-02,1.812587158203125000e+03,4.787448677234351635e-03
4.800000041723251343e-02,1.816060577392578125e+03,4.799336427822709084e-03
4.809999838471412659e-02,1.819533660888671875e+03,4.811225691810250282e-03
4.820000007748603821e-02,1.823006530761718750e+03,4.823115537874400616e-03
4.830000177025794983e-02,1.826479217529296875e+03,4.835005966015160084e-03
4.839999973773956299e-02,1.829951751708984375e+03,4.846898023970425129e-03
4.850000143051147461e-02,1.833423950195312500e+03,4.858790547586977482e-03
4.859999939799308777e-02,1.836895935058593750e+03,4.870683653280138969e-03
4.870000109076499939e-02,1.840367797851562500e+03,4.882578272372484207e-03
4.879999905824661255e-02,1.843839385986328125e+03,4.894473473541438580e-03
4.890000075101852417e-02,1.847310668945312500e+03,4.906369256787002087e-03
4.899999871850013733e-02,1.850781890869140625e+03,4.918266087770462036e-03
4.910000041127204895e-02,1.854252838134765625e+03,4.930163850076496601e-03
4.919999837875366211e-02,1.857721496582031250e+03,4.942074418067932129e-03
4.930000007152557373e-02,1.861182800292968750e+03,4.954029456712305546e-03
4.940000176429748535e-02,1.864631591796875000e+03,4.966059001162648201e-03
4.949999973177909851e-02,1.868069824218750000e+03,4.978150711394846439e-03
4.960000142455101013e-02,1.871500396728515625e+03,4.990288405679166317e-03
4.969999939203262329e-02,1.874925170898437500e+03,5.002459511160850525e-03
4.980000108480453491e-02,1.878345855712890625e+03,5.014655063860118389e-03
4.989999905228614807e-02,1.881763458251953125e+03,5.026867613196372986e-03
5.000000074505805969e-02,1.885178802490234375e+03,5.039092851802706718e-03
5.009999871253967285e-02,1.888592498779296875e+03,5.051328218542039394e-03
5.020000040531158447e-02,1.892004058837890625e+03,5.063575808890163898e-03
5.029999837279319763e-02,1.895412170410156250e+03,5.075845634564757347e-03
5.040000006556510925e-02,1.898818450927734375e+03,5.088126286864280701e-03
5.050000175833702087e-02,1.902223632812500000e+03,5.100413691252470016e-03
5.059999972581863403e-02,1.905628021240234375e+03,5.112705519422888756e-03
5.070000141859054565e-02,1.909031768798828125e+03,5.125000141561031342e-03
5.079999938607215881e-02,1.912434936523437500e+03,5.137297557666897774e-03
5.090000107884407043e-02,1.915837646484375000e+03,5.149597651325166225e-03
5.099999904632568359e-02,1.919239807128906250e+03,5.161899491213262081e-03
5.110000073909759521e-02,1.922641571044921875e+03,5.174204125069081783e-03
5.119999870657920837e-02,1.926042816162109375e+03,5.186510854400694370e-03
5.130000039935112000e-02,1.929441253662109375e+03,5.198836559429764748e-03
5.139999836683273315e-02,1.932837829589843750e+03,5.211173789575695992e-03
5.150000005960464478e-02,1.936233367919921875e+03,5.223516724072396755e-03
5.160000175237655640e-02,1.939628356933593750e+03,5.235863267444074154e-03
5.169999971985816956e-02,1.943022857666015625e+03,5.248212837614119053e-03
5.180000141263008118e-02,1.946416961669921875e+03,5.260563688352704048e-03
5.189999938011169434e-02,1.949810607910156250e+03,5.272916867397725582e-03
5.200000107288360596e-02,1.953203918457031250e+03,5.285271676257252693e-03
5.209999904036521912e-02,1.956596771240234375e+03,5.297628347761929035e-03
5.220000073313713074e-02,1.959989349365234375e+03,5.309987114742398262e-03
5.229999870061874390e-02,1.963381469726562500e+03,5.322347045876085758e-03
5.240000039339065552e-02,1.966773193359375000e+03,5.334709305316209793e-03
5.249999836087226868e-02,1.970164581298828125e+03,5.347073194570839405e-03
5.260000005364418030e-02,1.973555541992187500e+03,5.359439295716583729e-03
5.270000174641609192e-02,1.976944122314453125e+03,5.371818784624338150e-03
5.279999971389770508e-02,1.980327270507812500e+03,5.384229705668985844e-03
5.290000140666961670e-02,1.983703216552734375e+03,5.396682769060134888e-03
5.299999937415122986e-02,1.987070648193359375e+03,5.409185308963060379e-03
5.310000106692314148e-02,1.990431243896484375e+03,5.421727895736694336e-03
5.319999903440475464e-02,1.993784729003906250e+03,5.434312508441507816e-03
5.330000072717666626e-02,1.997133148193359375e+03,5.446927156299352646e-03
5.339999869465827942e-02,2.000478363037109375e+03,5.459561594761908054e-03
5.350000038743019104e-02,2.003821350097656250e+03,5.472209653817117214e-03
5.359999835491180420e-02,2.007162750244140625e+03,5.484866211190819740e-03
5.370000004768371582e-02,2.010502990722656250e+03,5.497529404237866402e-03
5.380000174045562744e-02,2.013842468261718750e+03,5.510196671821177006e-03
5.389999970793724060e-02,2.017181304931640625e+03,5.522867082618176937e-03
5.400000140070915222e-02,2.020519622802734375e+03,5.535540287382900715e-03
5.409999936819076538e-02,2.023857482910156250e+03,5.548215587623417377e-03
5.420000106096267700e-02,2.027194854736328125e+03,5.560892983339726925e-03
5.429999902844429016e-02,2.030531951904296875e+03,5.573572008870542049e-03
5.440000072121620178e-02,2.033868560791015625e+03,5.586252198554575443e-03
5.449999868869781494e-02,2.037204864501953125e+03,5.598934367299079895e-03
5.460000038146972656e-02,2.040539733886718750e+03,5.611624452285468578e-03
5.469999834895133972e-02,2.043872650146484375e+03,5.624326295219361782e-03
5.480000004172325134e-02,2.047204467773437500e+03,5.637035821564495564e-03
5.490000173449516296e-02,2.050535522460937500e+03,5.649749771691858768e-03
5.499999970197677612e-02,2.053865539550781250e+03,5.662470357492566109e-03
5.510000139474868774e-02,2.057193084716796875e+03,5.675207008607685566e-03
5.519999936223030090e-02,2.060519226074218750e+03,5.687952507287263870e-03
5.530000105500221252e-02,2.063843261718750000e+03,5.700711975805461407e-03
5.539999902248382568e-02,2.067164886474609375e+03,5.713486578315496445e-03
5.550000071525573730e-02,2.070485137939453125e+03,5.726269097067415714e-03
5.559999868273735046e-02,2.073804565429687500e+03,5.739056738093495369e-03
5.570000037550926208e-02,2.077123443603515625e+03,5.751847405917942524e-03
5.579999834299087524e-02,2.080441833496093750e+03,5.764640518464148045e-03
5.590000003576278687e-02,2.083759887695312500e+03,5.777434911578893661e-03
5.600000172853469849e-02,2.087077636718750000e+03,5.790230934508144855e-03
5.609999969601631165e-02,2.090393646240234375e+03,5.803036619909107685e-03
5.620000138878822327e-02,2.093703277587890625e+03,5.815879907459020615e-03
5.629999935626983643e-02,2.097000885009765625e+03,5.828794324770569801e-03
5.640000104904174805e-02,2.100286987304687500e+03,5.841776030138134956e-03
5.649999901652336121e-02,2.103564270019531250e+03,5.854809773154556751e-03
5.660000070929527283e-02,2.106835144042968750e+03,5.867881118319928646e-03
5.669999867677688599e-02,2.110101318359375000e+03,5.880979355424642563e-03
5.680000036954879761e-02,2.113364196777343750e+03,5.894096684642136097e-03
5.689999833703041077e-02,2.116624633789062500e+03,5.907227401621639729e-03
5.700000002980232239e-02,2.119882904052734375e+03,5.920370109379291534e-03
5.710000172257423401e-02,2.123136810302734375e+03,5.933538312092423439e-03
5.719999969005584717e-02,2.126387542724609375e+03,5.946725723333656788e-03
5.730000138282775879e-02,2.129636108398437500e+03,5.959926173090934753e-03
5.739999935030937195e-02,2.132883239746093750e+03,5.973135586827993393e-03
5.750000104308128357e-02,2.136129241943359375e+03,5.986351752653717995e-03
5.759999901056289673e-02,2.139374481201171875e+03,5.999572342261672020e-03
5.770000070333480835e-02,2.142619079589843750e+03,6.012796424329280853e-03
5.779999867081642151e-02,2.145863098144531250e+03,6.026023649610579014e-03
5.790000036358833313e-02,2.149105865478515625e+03,6.039259256795048714e-03
5.799999833106994629e-02,2.152347900390625000e+03,6.052498705685138702e-03
5.810000002384185791e-02,2.155589538574218750e+03,6.065740948542952538e-03
5.820000171661376953e-02,2.158830718994140625e+03,6.078984704799950123e-03
5.829999968409538269e-02,2.162071685791015625e+03,6.092230556532740593e-03
5.840000137686729431e-02,2.165312225341796875e+03,6.105477572418749332e-03
5.849999934434890747e-02,2.168552429199218750e+03,6.118726683780550957e-03
5.860000103712081909e-02,2.171792388916015625e+03,6.131976842880249023e-03
5.869999900460243225e-02,2.175031951904296875e+03,6.145228631794452667e-03
5.880000069737434387e-02,2.178271209716796875e+03,6.158481934107840061e-03
5.889999866485595703e-02,2.181510131835937500e+03,6.171736400574445724e-03
5.900000035762786865e-02,2.184748687744140625e+03,6.184992380440235138e-03
5.909999832510948181e-02,2.187986907958984375e+03,6.198249990120530128e-03
5.920000001788139343e-02,2.191224792480468750e+03,6.211509229615330696e-03
5.930000171065330505e-02,2.194462371826171875e+03,6.224769400432705879e-03
5.939999967813491821e-02,2.197699554443359375e+03,6.238031317479908466e-03
5.950000137090682983e-02,2.200936492919921875e+03,6.251294165849685669e-03
5.959999933838844299e-02,2.204173034667968750e+03,6.264558644033968449e-03
5.970000103116035461e-02,2.207408325195312500e+03,6.277829641476273537e-03
5.979999899864196777e-02,2.210632843017578125e+03,6.291161640547215939e-03
5.990000069141387939e-02,2.213846130371093750e+03,6.304558715783059597e-03
5.999999865889549255e-02,2.217049713134765625e+03,6.318011670373380184e-03
6.010000035166740417e-02,2.220244903564453125e+03,6.331513985060155392e-03
6.019999831914901733e-02,2.223434326171875000e+03,6.345050060190260410e-03
6.030000001192092896e-02,2.226619201660156250e+03,6.358612095937132835e-03
6.040000170469284058e-02,2.229801513671875000e+03,6.372190196998417377e-03
6.049999967217445374e-02,2.232982086181640625e+03,6.385778309777379036e-03
6.060000136494636536e-02,2.236161468505859375e+03,6.399372592568397522e-03
6.069999933242797852e-02,2.239340026855468750e+03,6.412971648387610912e-03
6.080000102519989014e-02,2.242517883300781250e+03,6.426573731005191803e-03
6.089999899268150330e-02,2.245695129394531250e+03,6.440179073251783848e-03
6.100000068545341492e-02,2.248872009277343750e+03,6.453785812482237816e-03
6.109999865293502808e-02,2.252048461914062500e+03,6.467394530773162842e-03
6.120000034570693970e-02,2.255224548339843750e+03,6.481005460955202579e-03
6.129999831318855286e-02,2.258400207519531250e+03,6.494617438875138760e-03
6.140000000596046448e-02,2.261573303222656250e+03,6.508244201540946960e-03
6.150000169873237610e-02,2.264743103027343750e+03,6.521890754811465740e-03
6.159999966621398926e-02,2.267909362792968750e+03,6.535558146424591541e-03
6.170000135898590088e-02,2.271070068359375000e+03,6.549258599989116192e-03
6.179999932646751404e-02,2.274226928710937500e+03,6.562982453033328056e-03
6.190000101923942566e-02,2.277381042480468750e+03,6.576721789315342903e-03
6.199999898672103882e-02,2.280533264160156250e+03,6.590472767129540443e-03
6.210000067949295044e-02,2.283684204101562500e+03,6.604231661185622215e-03
6.219999864697456360e-02,2.286834106445312500e+03,6.617995444685220718e-03
6.230000033974647522e-02,2.289983276367187500e+03,6.631763535551726818e-03
6.239999830722808838e-02,2.293131958007812500e+03,6.645535002462565899e-03
6.250000000000000000e-02,2.296280029296875000e+03,6.659307633526623249e-03
6.260000169277191162e-02,2.299427795410156250e+03,6.673083291389048100e-03
6.270000338554382324e-02,2.302575195312500000e+03,6.686860113404691219e-03
6.279999762773513794e-02,2.305721740722656250e+03,6.700640544295310974e-03
6.289999932050704956e-02,2.308860900878906250e+03,6.714463466778397560e-03
6.300000101327896118e-02,2.311990600585937500e+03,6.728339008986949921e-03
6.310000270605087280e-02,2.315112487792968750e+03,6.742258789017796516e-03
6.319999694824218750e-02,2.318228393554687500e+03,6.756211398169398308e-03
6.329999864101409912e-02,2.321339843750000000e+03,6.770188687369227409e-03
6.340000033378601074e-02,2.324447937011718750e+03,6.784184253774583340e-03
6.350000202655792236e-02,2.327553588867187500e+03,6.798192625865340233e-03
6.360000371932983398e-02,2.330657409667968750e+03,6.812210078351199627e-03
6.369999796152114868e-02,2.333759887695312500e+03,6.826234282925724983e-03
6.379999965429306030e-02,2.336861145019531250e+03,6.840263842605054379e-03
6.390000134706497192e-02,2.339961486816406250e+03,6.854298757389187813e-03
6.400000303983688354e-02,2.343061035156250000e+03,6.868335767649114132e-03
6.409999728202819824e-02,2.346159973144531250e+03,6.882376037538051605e-03
6.419999897480010986e-02,2.349258117675781250e+03,6.896419217810034752e-03
6.430000066757202148e-02,2.352355773925781250e+03,6.910464377142488956e-03
6.440000236034393311e-02,2.355452880859375000e+03,6.924511631950736046e-03
6.449999660253524780e-02,2.358549438476562500e+03,6.938560982234776020e-03
6.459999829530715942e-02,2.361645507812500000e+03,6.952612195163965225e-03
6.469999998807907104e-02,2.364741088867187500e+03,6.966665387153625488e-03
6.480000168085098267e-02,2.367836120605468750e+03,6.980720558203756809e-03
6.490000337362289429e-02,2.370930664062500000e+03,6.994776893407106400e-03
6.499999761581420898e-02,2.374023315429687500e+03,7.008844171650707722e-03
6.509999930858612061e-02,2.377113586425781250e+03,7.022923673503100872e-03
6.520000100135803223e-02,2.380202026367187500e+03,7.037012721411883831e-03
6.530000269412994385e-02,2.383289245605468750e+03,7.051108987070620060e-03
6.539999693632125854e-02,2.386375549316406250e+03,7.065209094434976578e-03
6.549999862909317017e-02,2.389461181640625000e+03,7.079312810674309731e-03
6.560000032186508179e-02,2.392546264648437500e+03,7.093418971635401249e-03
6.570000201463699341e-02,2.395630798339843750e+03,7.107527344487607479e-03
6.580000370740890503e-02,2.398714904785156250e+03,7.121638045646250248e-03
6.589999794960021973e-02,2.401797973632812500e+03,7.135754101909697056e-03
6.599999964237213135e-02,2.404876831054687500e+03,7.149893208406865597e-03
6.610000133514404297e-02,2.407953002929687500e+03,7.164048030972480774e-03
6.620000302791595459e-02,2.411026672363281250e+03,7.178216241300106049e-03
6.629999727010726929e-02,2.414095153808593750e+03,7.192413904704153538e-03
6.639999896287918091e-02,2.417159240722656250e+03,7.206634734757244587e-03
6.650000065565109253e-02,2.420216369628906250e+03,7.220896310172975063e-03
6.660000234842300415e-02,2.423266601562500000e+03,7.235195254907011986e-03
6.669999659061431885e-02,2.426311279296875000e+03,7.249525166116654873e-03
6.679999828338623047e-02,2.429350524902343750e+03,7.263886160217225552e-03
6.689999997615814209e-02,2.432384277343750000e+03,7.278276607394218445e-03
6.700000166893005371e-02,2.435413818359375000e+03,7.292691501788794994e-03
6.710000336170196533e-02,2.438440307617187500e+03,7.307122810743749142e-03
6.719999760389328003e-02,2.441464660644531250e+03,7.321565062738955021e-03
6.729999929666519165e-02,2.444487243652343750e+03,7.336017442867159843e-03
6.740000098943710327e-02,2.447508544921875000e+03,7.350475760176777840e-03
6.750000268220901489e-02,2.450527648925781250e+03,7.364945602603256702e-03
6.759999692440032959e-02,2.453541809082031250e+03,7.379444898106157780e-03
6.769999861717224121e-02,2.456551696777343750e+03,7.393967942334711552e-03
6.780000030994415283e-02,2.459558105468750000e+03,7.408511475659906864e-03
6.790000200271606445e-02,2.462561401367187500e+03,7.423072820529341698e-03
6.800000369548797607e-02,2.465562683105468750e+03,7.437646621838212013e-03
6.809999793767929077e-02,2.468562561035156250e+03,7.452227291651070118e-03
6.819999963045120239e-02,2.471561523437500000e+03,7.466813432984054089e-03
6.830000132322311401e-02,2.474559814453125000e+03,7.481403648853302002e-03
6.840000301599502563e-02,2.477557434082031250e+03,7.495996775105595589e-03
6.849999725818634033e-02,2.480554626464843750e+03,7.510591065511107445e-03
6.859999895095825195e-02,2.483551452636718750e+03,7.525188033469021320e-03
6.870000064373016357e-02,2.486547912597656250e+03,7.539786049164831638e-03
6.880000233650207520e-02,2.489544006347656250e+03,7.554385811090469360e-03
6.889999657869338989e-02,2.492538635253906250e+03,7.568994187749922276e-03
6.899999827146530151e-02,2.495531860351562500e+03,7.583610480651259422e-03
6.909999996423721313e-02,2.498523986816406250e+03,7.598233059979975224e-03
6.920000165700912476e-02,2.501515441894531250e+03,7.612859597429633141e-03
6.930000334978103638e-02,2.504506347656250000e+03,7.627488696016371250e-03
6.939999759197235107e-02,2.507490539550781250e+03,7.642154349014163017e-03
6.949999928474426270e-02,2.510465637207031250e+03,7.656870526261627674e-03
6.960000097751617432e-02,2.513433288574218750e+03,7.671627565287053585e-03
6.970000267028808594e-02,2.516394897460937500e+03,7.686418131925165653e-03
6.979999691247940063e-02,2.519352050781250000e+03,7.701232214458286762e-03
6.989999860525131226e-02,2.522305908203125000e+03,7.716064574196934700e-03
7.000000029802322388e-02,2.525257263183593750e+03,7.730909623205661774e-03
7.010000199079513550e-02,2.528205505371093750e+03,7.745770970359444618e-03
7.020000368356704712e-02,2.531150390625000000e+03,7.760649896226823330e-03
7.029999792575836182e-02,2.534092895507812500e+03,7.775542791932821274e-03
7.039999961853027344e-02,2.537033447265625000e+03,7.790443953126668930e-03
7.050000131130218506e-02,2.539972839355468750e+03,7.805351051501929760e-03
7.060000300407409668e-02,2.542911132812500000e+03,7.820263737812638283e-03
7.069999724626541138e-02,2.545848571777343750e+03,7.835179800167679787e-03
7.079999893903732300e-02,2.548785339355468750e+03,7.850099005736410618e-03
7.090000063180923462e-02,2.551721496582031250e+03,7.865020423196256161e-03
7.100000232458114624e-02,2.554655761718750000e+03,7.879951503127813339e-03
7.109999656677246094e-02,2.557586608886718750e+03,7.894900045357644558e-03
7.119999825954437256e-02,2.560514892578125000e+03,7.909862091764807701e-03
7.129999995231628418e-02,2.563441284179687500e+03,7.924834149889647961e-03
7.140000164508819580e-02,2.566365112304687500e+03,7.939821342006325722e-03
7.150000333786010742e-02,2.569287292480468750e+03,7.954816916026175022e-03
7.159999758005142212e-02,2.572208251953125000e+03,7.969818310812115669e-03
7.169999927282333374e-02,2.575128356933593750e+03,7.984824827872216702e-03
7.180000096559524536e-02,2.578047790527343750e+03,7.999833673238754272e-03
7.190000265836715698e-02,2.580966613769531250e+03,8.014845545403659344e-03
7.199999690055847168e-02,2.583884887695312500e+03,8.029859280213713646e-03
7.209999859333038330e-02,2.586802734375000000e+03,8.044875110499560833e-03
7.220000028610229492e-02,2.589719970703125000e+03,8.059892803430557251e-03
7.230000197887420654e-02,2.592636840820312500e+03,8.074912475422024727e-03
7.240000367164611816e-02,2.595553283691406250e+03,8.089933195151388645e-03
7.249999791383743286e-02,2.598469116210937500e+03,8.104956708848476410e-03
7.259999960660934448e-02,2.601384582519531250e+03,8.119981270283460617e-03
7.270000129938125610e-02,2.604299682617187500e+03,8.135007694363594055e-03
7.280000299215316772e-02,2.607209533691406250e+03,8.150060777552425861e-03
7.289999723434448242e-02,2.610112060546875000e+03,8.165154722519218922e-03
7.299999892711639404e-02,2.613008117675781250e+03,8.180282078683376312e-03
7.310000061988830566e-02,2.615898986816406250e+03,8.195438887923955917e-03
7.320000231266021729e-02,2.618784179687500000e+03,8.210626547224819660e-03
7.329999655485153198e-02,2.621663635253906250e+03,8.225844125263392925e-03
7.339999824762344360e-02,2.624538940429687500e+03,8.241084986366331577e-03
7.349999994039535522e-02,2.627408874511718750e+03,8.256355766206979752e-03
7.360000163316726685e-02,2.630273681640625000e+03,8.271654020063579082e-03
7.370000332593917847e-02,2.633134338378906250e+03,8.286974858492612839e-03
7.379999756813049316e-02,2.635992126464843750e+03,8.302311645820736885e-03
7.389999926090240479e-02,2.638846984863281250e+03,8.317663101479411125e-03
7.400000095367431641e-02,2.641699462890625000e+03,8.333028643392026424e-03
7.410000264644622803e-02,2.644550292968750000e+03,8.348402101546525955e-03
7.419999688863754272e-02,2.647399963378906250e+03,8.363781846128404140e-03
7.429999858140945435e-02,2.650248840332031250e+03,8.379164850339293480e-03
7.440000027418136597e-02,2.653096862792968750e+03,8.394550881348550320e-03
7.450000196695327759e-02,2.655944335937500000e+03,8.409939939156174660e-03
7.460000365972518921e-02,2.658791259765625000e+03,8.425330859608948231e-03
7.469999790191650391e-02,2.661637695312500000e+03,8.440722711384296417e-03
7.479999959468841553e-02,2.664483642578125000e+03,8.456117357127368450e-03
7.490000128746032715e-02,2.667329101562500000e+03,8.471513050608336926e-03
7.500000298023223877e-02,2.670174255371093750e+03,8.486910490319132805e-03
7.509999722242355347e-02,2.673018737792968750e+03,8.502308977767825127e-03
7.519999891519546509e-02,2.675862915039062500e+03,8.517709211446344852e-03
7.530000060796737671e-02,2.678703918457031250e+03,8.533126092515885830e-03
7.540000230073928833e-02,2.681540771484375000e+03,8.548564044758677483e-03
7.549999654293060303e-02,2.684372680664062500e+03,8.564028074033558369e-03
7.559999823570251465e-02,2.687200622558593750e+03,8.579515269957482815e-03
7.569999992847442627e-02,2.690025390625000000e+03,8.595018764026463032e-03
7.580000162124633789e-02,2.692847717285156250e+03,8.610533899627625942e-03
7.590000331401824951e-02,2.695665588378906250e+03,8.626075112260878086e-03
7.599999755620956421e-02,2.698478881835937500e+03,8.641640190035104752e-03
7.609999924898147583e-02,2.701288391113281250e+03,8.657224592752754688e-03
7.620000094175338745e-02,2.704095275878906250e+03,8.672823663800954819e-03
7.630000263452529907e-02,2.706900085449218750e+03,8.688432979397475719e-03
7.639999687671661377e-02,2.709700500488281250e+03,8.704064064659178257e-03
7.649999856948852539e-02,2.712496520996093750e+03,8.719718665815889835e-03
7.660000026226043701e-02,2.715287170410156250e+03,8.735401206649839878e-03
7.670000195503234863e-02,2.718074035644531250e+03,8.751105400733649731e-03
7.680000364780426025e-02,2.720857971191406250e+03,8.766823448240756989e-03
7.689999788999557495e-02,2.723639709472656250e+03,8.782553602941334248e-03
7.699999958276748657e-02,2.726419982910156250e+03,8.798290742561221123e-03
7.710000127553939819e-02,2.729198913574218750e+03,8.814034285023808479e-03
7.720000296831130981e-02,2.731976928710937500e+03,8.829782367683947086e-03
7.729999721050262451e-02,2.734753051757812500e+03,8.845538948662579060e-03
7.739999890327453613e-02,2.737528015136718750e+03,8.861301932483911514e-03
7.750000059604644775e-02,2.740302062988281250e+03,8.877068990841507912e-03
7.760000228881835938e-02,2.743075378417968750e+03,8.892839192412793636e-03
7.769999653100967407e-02,2.745848144531250000e+03,8.908612420782446861e-03
7.779999822378158569e-02,2.748619384765625000e+03,8.924393914639949799e-03
7.789999991655349731e-02,2.751389526367187500e+03,8.940179483033716679e-03
7.800000160932540894e-02,2.754159118652343750e+03,8.955969358794391155e-03
7.810000330209732056e-02,2.756926513671875000e+03,8.971770294010639191e-03
7.819999754428863525e-02,2.759692321777343750e+03,8.987579145468771458e-03
7.829999923706054688e-02,2.762456542968750000e+03,9.003397659398615360e-03
7.840000092983245850e-02,2.765216735839843750e+03,9.019237011671066284e-03
7.850000262260437012e-02,2.767973449707031250e+03,9.035095223225653172e-03
7.859999686479568481e-02,2.770726257324218750e+03,9.050973341800272465e-03
7.869999855756759644e-02,2.773474365234375000e+03,9.066876838915050030e-03
7.880000025033950806e-02,2.776218750000000000e+03,9.082800243049860001e-03
7.890000194311141968e-02,2.778959411621093750e+03,9.098743787035346031e-03
7.900000363588333130e-02,2.781694152832031250e+03,9.114720276556909084e-03
7.909999787807464600e-02,2.784422241210937500e+03,9.130732854828238487e-03
7.919999957084655762e-02,2.787143737792968750e+03,9.146783151663839817e-03
7.930000126361846924e-02,2.789859802246093750e+03,9.162862668745219707e-03
7.940000295639038086e-02,2.792571472167968750e+03,9.178966400213539600e-03
7.949999719858169556e-02,2.795279785156250000e+03,9.195086779072880745e-03
7.959999889135360718e-02,2.797985839843750000e+03,9.211219847202301025e-03
7.970000058412551880e-02,2.800690002441406250e+03,9.227362344972789288e-03
7.980000227689743042e-02,2.803392578125000000e+03,9.243512875400483608e-03
7.989999651908874512e-02,2.806093688964843750e+03,9.259672136977314949e-03
7.999999821186065674e-02,2.808793701171875000e+03,9.275835938751697540e-03
8.009999990463256836e-02,2.811492919921875000e+03,9.292003000155091286e-03
8.020000159740447998e-02,2.814191467285156250e+03,9.308173204772174358e-03
8.030000329017639160e-02,2.816889587402343750e+03,9.324344457127153873e-03
8.039999753236770630e-02,2.819587219238281250e+03,9.340518619865179062e-03
8.049999922513961792e-02,2.822284179687500000e+03,9.356693946756422520e-03
8.060000091791152954e-02,2.824980224609375000e+03,9.372874512337148190e-03
8.070000261068344116e-02,2.827675598144531250e+03,9.389059152454137802e-03
8.079999685287475586e-02,2.830370178222656250e+03,9.405245771631598473e-03
8.089999854564666748e-02,2.833064331054687500e+03,9.421434253454208374e-03
8.100000023841857910e-02,2.835758239746093750e+03,9.437624714337289333e-03
8.110000193119049072e-02,2.838451171875000000e+03,9.453817154280841351e-03
8.120000362396240234e-02,2.841140930175781250e+03,9.470026358030736446e-03
8.129999786615371704e-02,2.843827392578125000e+03,9.486253024078905582e-03
8.139999955892562866e-02,2.846510986328125000e+03,9.502494009211659431e-03
8.150000125169754028e-02,2.849192199707031250e+03,9.518747101537883282e-03
8.160000294446945190e-02,2.851871337890625000e+03,9.535011020489037037e-03
8.169999718666076660e-02,2.854546813964843750e+03,9.551293798722326756e-03
8.179999887943267822e-02,2.857217956542968750e+03,9.567599277943372726e-03
8.190000057220458984e-02,2.859881958007812500e+03,9.583942126482725143e-03
8.200000226497650146e-02,2.862539306640625000e+03,9.600320598110556602e-03
8.209999650716781616e-02,2.865191040039062500e+03,9.616728173568844795e-03
8.219999819993972778e-02,2.867837036132812500e+03,9.633166366256773472e-03
8.229999989271163940e-02,2.870476501464843750e+03,9.649639716371893883e-03
8.240000158548355103e-02,2.873110473632812500e+03,9.666142519563436508e-03
8.250000327825546265e-02,2.875740417480468750e+03,9.682666510343551636e-03
8.259999752044677734e-02,2.878367797851562500e+03,9.699204121716320515e-03
8.269999921321868896e-02,2.880993225097656250e+03,9.715751628391444683e-03
8.280000090599060059e-02,2.883617065429687500e+03,9.732305770739912987e-03
8.290000259876251221e-02,2.886239135742187500e+03,9.748869459144771099e-03
8.299999684095382690e-02,2.888859313964843750e+03,9.765442810021340847e-03
8.309999853372573853e-02,2.891477905273437500e+03,9.782023495063185692e-03
8.320000022649765015e-02,2.894095458984375000e+03,9.798608603887259960e-03
8.330000191926956177e-02,2.896711120605468750e+03,9.815204888582229614e-03
8.340000361204147339e-02,2.899325134277343750e+03,9.831808158196508884e-03
8.349999785423278809e-02,2.901938171386718750e+03,9.848416782915592194e-03
8.359999954700469971e-02,2.904550537109375000e+03,9.865028550848364830e-03
8.370000123977661133e-02,2.907162109375000000e+03,9.881642530672252178e-03
8.380000293254852295e-02,2.909773193359375000e+03,9.898259304463863373e-03
8.389999717473983765e-02,2.912383544921875000e+03,9.914878173731267452e-03
8.399999886751174927e-02,2.914993347167968750e+03,9.931499836966395378e-03
8.410000056028366089e-02,2.917602722167968750e+03,9.948122431524097919e-03
8.420000225305557251e-02,2.920210632324218750e+03,9.964752476662397385e-03
8.429999649524688721e-02,2.922817565917968750e+03,9.981387876905500889e-03
8.439999818801879883e-02,2.925423400878906250e+03,9.998028166592121124e-03
8.449999988079071045e-02,2.928028625488281250e+03,1.001467253081500530e-02
8.460000157356262207e-02,2.930633239746093750e+03,1.003131887409836054e-02
8.470000326633453369e-02,2.933237182617187500e+03,1.004796708002686501e-02
8.479999750852584839e-02,2.935839355468750000e+03,1.006462576333433390e-02
8.489999920129776001e-02,2.938437194824218750e+03,1.008130598347634077e-02
8.500000089406967163e-02,2.941031127929687500e+03,1.009800692554563284e-02
8.510000258684158325e-02,2.943621459960937500e+03,1.011472649406641722e-02
8.519999682903289795e-02,2.946208984375000000e+03,1.013145921751856804e-02
8.529999852180480957e-02,2.948794128417968750e+03,1.014820486307144165e-02
8.540000021457672119e-02,2.951377380371093750e+03,1.016495912335813046e-02
8.550000190734863281e-02,2.953957702636718750e+03,1.018172909971326590e-02
8.560000360012054443e-02,2.956533081054687500e+03,1.019852259196341038e-02
8.569999784231185913e-02,2.959104370117187500e+03,1.021533878520131111e-02
8.579999953508377075e-02,2.961669433593750000e+03,1.023218687623739243e-02
8.590000122785568237e-02,2.964227294921875000e+03,1.024907326791435480e-02
8.600000292062759399e-02,2.966778381347656250e+03,1.026599784381687641e-02
8.609999716281890869e-02,2.969324401855468750e+03,1.028294942807406187e-02
8.619999885559082031e-02,2.971866394042968750e+03,1.029992301482707262e-02
8.630000054836273193e-02,2.974405639648437500e+03,1.031691103707998991e-02
8.640000224113464355e-02,2.976940856933593750e+03,1.033392071258276701e-02
8.649999648332595825e-02,2.979471679687500000e+03,1.035095320548862219e-02
8.659999817609786987e-02,2.981998962402343750e+03,1.036800432484596968e-02
8.669999986886978149e-02,2.984522460937500000e+03,1.038507744669914246e-02
8.680000156164169312e-02,2.987043029785156250e+03,1.040216465480625629e-02
8.690000325441360474e-02,2.989561401367187500e+03,1.041926408652216196e-02
8.699999749660491943e-02,2.992078186035156250e+03,1.043637143447995186e-02
8.709999918937683105e-02,2.994593750000000000e+03,1.045348530169576406e-02
8.720000088214874268e-02,2.997108398437500000e+03,1.047060359269380569e-02
8.730000257492065430e-02,2.999622070312500000e+03,1.048772514332085848e-02
8.739999681711196899e-02,3.002135253906250000e+03,1.050485076848417521e-02
8.749999850988388062e-02,3.004647644042968750e+03,1.052197848912328482e-02
8.760000020265579224e-02,3.007157836914062500e+03,1.053911680355668068e-02
8.770000189542770386e-02,3.009665710449218750e+03,1.055626745801419020e-02
8.780000358819961548e-02,3.012171813964843750e+03,1.057342858985066414e-02
8.789999783039093018e-02,3.014676330566406250e+03,1.059059763792902231e-02
8.799999952316284180e-02,3.017178161621093750e+03,1.060777972452342510e-02
8.810000121593475342e-02,3.019674743652343750e+03,1.062499044928699732e-02
8.820000290870666504e-02,3.022166320800781250e+03,1.064222748391330242e-02
8.829999715089797974e-02,3.024653442382812500e+03,1.065948687028139830e-02
8.839999884366989136e-02,3.027137084960937500e+03,1.067676511593163013e-02
8.850000053644180298e-02,3.029614807128906250e+03,1.069407374598085880e-02
8.860000222921371460e-02,3.032086975097656250e+03,1.071140996646136045e-02
8.869999647140502930e-02,3.034554382324218750e+03,1.072877261321991682e-02
8.879999816417694092e-02,3.037018066406250000e+03,1.074615400284528732e-02
8.889999985694885254e-02,3.039477355957031250e+03,1.076355716213583946e-02
8.900000154972076416e-02,3.041932312011718750e+03,1.078098325524479151e-02
8.910000324249267578e-02,3.044383728027343750e+03,1.079842622857540846e-02
8.919999748468399048e-02,3.046831359863281250e+03,1.081588875968009233e-02
8.929999917745590210e-02,3.049274658203125000e+03,1.083337294403463602e-02
8.940000087022781372e-02,3.051714477539062500e+03,1.085087459068745375e-02
8.950000256299972534e-02,3.054152038574218750e+03,1.086838834453374147e-02
8.959999680519104004e-02,3.056587463378906250e+03,1.088591082952916622e-02
8.969999849796295166e-02,3.059021484375000000e+03,1.090344158001244068e-02
8.980000019073486328e-02,3.061454284667968750e+03,1.092097652144730091e-02
8.990000188350677490e-02,3.063886169433593750e+03,1.093851565383374691e-02
9.000000357627868652e-02,3.066316894531250000e+03,1.095605990849435329e-02
9.009999781847000122e-02,3.068746459960937500e+03,1.097360986750572920e-02
9.019999951124191284e-02,3.071175109863281250e+03,1.099116425029933453e-02
9.030000120401382446e-02,3.073602966308593750e+03,1.100872165989130735e-02
9.040000289678573608e-02,3.076030090332031250e+03,1.102628197986632586e-02
9.049999713897705078e-02,3.078456054687500000e+03,1.104384800419211388e-02
9.059999883174896240e-02,3.080880859375000000e+03,1.106141973286867142e-02
9.070000052452087402e-02,3.083304748535156250e+03,1.107899611815810204e-02
9.080000221729278564e-02,3.085727661132812500e+03,1.109657669439911842e-02
9.089999645948410034e-02,3.088149291992187500e+03,1.111416402272880077e-02
9.099999815225601196e-02,3.090569641113281250e+03,1.113175775390118361e-02
9.109999984502792358e-02,3.092987792968750000e+03,1.114936312660574913e-02
9.120000153779983521e-02,3.095404052734375000e+03,1.116697909310460091e-02
9.130000323057174683e-02,3.097819152832031250e+03,1.118460239376872778e-02
9.139999747276306152e-02,3.100233032226562500e+03,1.120223104953765869e-02
9.149999916553497314e-02,3.102646118164062500e+03,1.121986354701220989e-02
9.160000085830688477e-02,3.105056884765625000e+03,1.123750885017216206e-02
9.170000255107879639e-02,3.107461975097656250e+03,1.125518395565450191e-02
9.179999679327011108e-02,3.109860961914062500e+03,1.127289130818098783e-02
9.189999848604202271e-02,3.112254272460937500e+03,1.129063009284436703e-02
9.200000017881393433e-02,3.114643066406250000e+03,1.130839285906404257e-02
9.210000187158584595e-02,3.117028076171875000e+03,1.132617471739649773e-02
9.220000356435775757e-02,3.119410156250000000e+03,1.134397264104336500e-02
9.229999780654907227e-02,3.121786743164062500e+03,1.136179838795214891e-02
9.239999949932098389e-02,3.124158508300781250e+03,1.137964997906237841e-02
9.250000119209289551e-02,3.126523132324218750e+03,1.139753963798284531e-02
9.260000288486480713e-02,3.128882385253906250e+03,1.141545793507248163e-02
9.269999712705612183e-02,3.131236999511718750e+03,1.143339928239583969e-02
9.279999881982803345e-02,3.133588317871093750e+03,1.145135820843279362e-02
9.290000051259994507e-02,3.135936889648437500e+03,1.146933028940111399e-02
9.300000220537185669e-02,3.138283630371093750e+03,1.148731191642582417e-02
9.309999644756317139e-02,3.140628723144531250e+03,1.150530087761580944e-02
9.319999814033508301e-02,3.142971984863281250e+03,1.152329845353960991e-02
9.329999983310699463e-02,3.145312988281250000e+03,1.154130743816494942e-02
9.340000152587890625e-02,3.147652404785156250e+03,1.155932480469346046e-02
9.350000321865081787e-02,3.149990417480468750e+03,1.157734845764935017e-02
9.359999746084213257e-02,3.152327392578125000e+03,1.159537606872618198e-02
9.369999915361404419e-02,3.154663513183593750e+03,1.161340845283120871e-02
9.380000084638595581e-02,3.156998901367187500e+03,1.163144374731928110e-02
9.390000253915786743e-02,3.159333251953125000e+03,1.164948183577507734e-02
9.399999678134918213e-02,3.161667236328125000e+03,1.166752260178327560e-02
9.409999847412109375e-02,3.164000305175781250e+03,1.168556639458984137e-02
9.420000016689300537e-02,3.166331604003906250e+03,1.170361973345279694e-02
9.430000185966491699e-02,3.168661437988281250e+03,1.172168110497295856e-02
9.440000355243682861e-02,3.170990173339843750e+03,1.173974794801324606e-02
9.449999779462814331e-02,3.173318115234375000e+03,1.175781700294464827e-02
9.459999948740005493e-02,3.175643615722656250e+03,1.177590026054531336e-02
9.470000118017196655e-02,3.177964599609375000e+03,1.179400552064180374e-02
9.480000287294387817e-02,3.180281860351562500e+03,1.181213103700429201e-02
9.489999711513519287e-02,3.182595153808593750e+03,1.183027669321745634e-02
9.499999880790710449e-02,3.184902832031250000e+03,1.184845145326107740e-02
9.510000050067901611e-02,3.187205383300781250e+03,1.186665310524404049e-02
9.520000219345092773e-02,3.189503051757812500e+03,1.188488036859780550e-02
9.529999643564224243e-02,3.191794128417968750e+03,1.190313976258039474e-02
9.539999812841415405e-02,3.194079711914062500e+03,1.192142802756279707e-02
9.549999982118606567e-02,3.196360778808593750e+03,1.193973887711763382e-02
9.560000151395797729e-02,3.198636901855468750e+03,1.195807440672069788e-02
9.570000320672988892e-02,3.200907287597656250e+03,1.197643997147679329e-02
9.579999744892120361e-02,3.203173217773437500e+03,1.199482847005128860e-02
9.589999914169311523e-02,3.205435668945312500e+03,1.201323443092405796e-02
9.600000083446502686e-02,3.207695556640625000e+03,1.203165319748222828e-02
9.610000252723693848e-02,3.209953674316406250e+03,1.205008034594357014e-02
9.619999676942825317e-02,3.212210021972656250e+03,1.206851471215486526e-02
9.629999846220016479e-02,3.214465148925781250e+03,1.208695513196289539e-02
9.640000015497207642e-02,3.216719238281250000e+03,1.210539950989186764e-02
9.650000184774398804e-02,3.218972290039062500e+03,1.212384854443371296e-02
9.660000354051589966e-02,3.221224304199218750e+03,1.214230048935860395e-02
9.669999778270721436e-02,3.223475463867187500e+03,1.216075697448104620e-02
9.679999947547912598e-02,3.225725891113281250e+03,1.217921532224863768e-02
9.690000116825103760e-02,3.227975280761718750e+03,1.219767821021378040e-02
9.700000286102294922e-02,3.230223632812500000e+03,1.221614505629986525e-02
9.709999710321426392e-02,3.232470336914062500e+03,1.223462074995040894e-02
9.719999879598617554e-02,3.234715698242187500e+03,1.225310133304446936e-02
9.730000048875808716e-02,3.236960083007812500e+03,1.227158680558204651e-02
9.740000218152999878e-02,3.239203430175781250e+03,1.229007588699460030e-02
9.749999642372131348e-02,3.241446105957031250e+03,1.230856869369745255e-02
9.759999811649322510e-02,3.243687927246093750e+03,1.232706406153738499e-02
9.769999980926513672e-02,3.245929016113281250e+03,1.234556315466761589e-02
9.780000150203704834e-02,3.248168640136718750e+03,1.236406783573329449e-02
9.790000319480895996e-02,3.250406311035156250e+03,1.238258287776261568e-02
9.799999743700027466e-02,3.252642333984375000e+03,1.240110525395721197e-02
9.809999912977218628e-02,3.254876831054687500e+03,1.241963577922433615e-02
9.820000082254409790e-02,3.257110229492187500e+03,1.243817154318094254e-02
9.830000251531600952e-02,3.259342407226562500e+03,1.245671231299638748e-02
9.839999675750732422e-02,3.261572753906250000e+03,1.247526321094483137e-02
9.849999845027923584e-02,3.263796447753906250e+03,1.249384752009063959e-02
9.860000014305114746e-02,3.266014099121093750e+03,1.251246558967977762e-02
9.870000183582305908e-02,3.268226135253906250e+03,1.253111055120825768e-02
9.880000352859497070e-02,3.270433715820312500e+03,1.254977786447852850e-02
9.889999777078628540e-02,3.272637939453125000e+03,1.256846310570836067e-02
9.899999946355819702e-02,3.274839294433593750e+03,1.258716196753084660e-02
9.910000115633010864e-02,3.277034790039062500e+03,1.260589121375232935e-02
9.920000284910202026e-02,3.279223571777343750e+03,1.262465608306229115e-02
9.929999709129333496e-02,3.281406127929687500e+03,1.264345191884785891e-02
9.939999878406524658e-02,3.283580932617187500e+03,1.266228966414928436e-02
9.950000047683715820e-02,3.285749084472656250e+03,1.268116093706339598e-02
9.960000216960906982e-02,3.287912170410156250e+03,1.270006003323942423e-02
9.969999641180038452e-02,3.290071044921875000e+03,1.271897845435887575e-02
9.979999810457229614e-02,3.292226806640625000e+03,1.273791468702256680e-02
9.989999979734420776e-02,3.294378295898437500e+03,1.275687082670629025e-02
1.000000014901161194e-01,3.296526794433593750e+03,1.277584268245846033e-02
1.001000031828880310e-01,3.298672790527343750e+03,1.279482792597264051e-02
1.001999974250793457e-01,3.300816467285156250e+03,1.281382306478917599e-02
1.002999991178512573e-01,3.302958374023437500e+03,1.283282716758549213e-02
1.004000008106231689e-01,3.305098449707031250e+03,1.285183918662369251e-02
1.005000025033950806e-01,3.307236206054687500e+03,1.287086273077875376e-02
1.005999967455863953e-01,3.309371887207031250e+03,1.288989780005067587e-02
1.006999984383583069e-01,3.311504577636718750e+03,1.290894660633057356e-02
1.008000001311302185e-01,3.313634094238281250e+03,1.292801182717084885e-02
1.009000018239021301e-01,3.315760559082031250e+03,1.294709148351103067e-02
1.010000035166740417e-01,3.317884277343750000e+03,1.296618522610515356e-02
1.010999977588653564e-01,3.320005310058593750e+03,1.298529305495321751e-02
1.011999994516372681e-01,3.322123840332031250e+03,1.300441287457942963e-02
1.013000011444091797e-01,3.324237243652343750e+03,1.302355667576193810e-02
1.014000028371810913e-01,3.326344238281250000e+03,1.304273516871035099e-02
1.014999970793724060e-01,3.328443908691406250e+03,1.306194998323917389e-02
1.015999987721443176e-01,3.330537536621093750e+03,1.308119611348956823e-02
1.017000004649162292e-01,3.332626037597656250e+03,1.310046820435672998e-02
1.018000021576881409e-01,3.334710266113281250e+03,1.311976101715117693e-02
1.018999963998794556e-01,3.336790832519531250e+03,1.313907117582857609e-02
1.019999980926513672e-01,3.338868530273437500e+03,1.315839646849781275e-02
1.020999997854232788e-01,3.340942993164062500e+03,1.317773666232824326e-02
1.022000014781951904e-01,3.343011901855468750e+03,1.319710526149719954e-02
1.023000031709671021e-01,3.345074096679687500e+03,1.321650773752480745e-02
1.023999974131584167e-01,3.347130493164062500e+03,1.323593850247561932e-02
1.024999991059303284e-01,3.349182006835937500e+03,1.325539441313594580e-02
1.026000007987022400e-01,3.351227783203125000e+03,1.327488047536462545e-02
1.027000024914741516e-01,3.353269287109375000e+03,1.329438772518187761e-02
1.027999967336654663e-01,3.355307128906250000e+03,1.331391348503530025e-02
1.028999984264373779e-01,3.357341796875000000e+03,1.333345449529588223e-02
1.030000001192092896e-01,3.359374023437500000e+03,1.335300772916525602e-02
1.031000018119812012e-01,3.361403869628906250e+03,1.337257202249020338e-02
1.032000035047531128e-01,3.363431640625000000e+03,1.339214597828686237e-02
1.032999977469444275e-01,3.365457397460937500e+03,1.341172785032540560e-02
1.033999994397163391e-01,3.367481018066406250e+03,1.343132066540420055e-02
1.035000011324882507e-01,3.369502746582031250e+03,1.345092256087809801e-02
1.036000028252601624e-01,3.371522583007812500e+03,1.347053330391645432e-02
1.036999970674514771e-01,3.373540832519531250e+03,1.349015173036605120e-02
1.037999987602233887e-01,3.375557617187500000e+03,1.350977690890431404e-02
1.039000004529953003e-01,3.377572692871093750e+03,1.352940767537802458e-02
1.040000021457672119e-01,3.379584838867187500e+03,1.354905532207340002e-02
1.040999963879585266e-01,3.381593322753906250e+03,1.356872089672833681e-02
1.041999980807304382e-01,3.383598754882812500e+03,1.358840067405253649e-02
1.042999997735023499e-01,3.385599975585937500e+03,1.360810175538063049e-02
1.044000014662742615e-01,3.387597656250000000e+03,1.362782099749892950e-02
1.045000031590461731e-01,3.389590454101562500e+03,1.364756468683481216e-02
1.045999974012374878e-01,3.391577819824218750e+03,1.366733596660196781e-02
1.046999990940093994e-01,3.393559997558593750e+03,1.368713309057056904e-02
1.048000007867813110e-01,3.395537719726562500e+03,1.370695279911160469e-02
1.049000024795532227e-01,3.397511474609375000e+03,1.372679194901138544e-02
1.049999967217445374e-01,3.399482177734375000e+03,1.374664623290300369e-02
1.050999984145164490e-01,3.401449401855468750e+03,1.376651588361710310e-02
1.052000001072883606e-01,3.403413879394531250e+03,1.378640020266175270e-02
1.053000018000602722e-01,3.405376098632812500e+03,1.380629732739180326e-02
1.054000034928321838e-01,3.407335815429687500e+03,1.382620318327099085e-02
1.054999977350234985e-01,3.409292846679687500e+03,1.384612161200493574e-02
1.055999994277954102e-01,3.411246337890625000e+03,1.386605878360569477e-02
1.057000011205673218e-01,3.413196289062500000e+03,1.388601295184344053e-02
1.058000028133392334e-01,3.415142944335937500e+03,1.390598225407302380e-02
1.058999970555305481e-01,3.417086242675781250e+03,1.392596866935491562e-02
1.059999987483024597e-01,3.419024108886718750e+03,1.394598395563662052e-02
1.061000004410743713e-01,3.420955749511718750e+03,1.396603079047054052e-02
1.062000021338462830e-01,3.422880676269531250e+03,1.398610975593328476e-02
1.062999963760375977e-01,3.424799316406250000e+03,1.400622294750064611e-02
1.063999980688095093e-01,3.426712585449218750e+03,1.402636268176138401e-02
1.064999997615814209e-01,3.428621215820312500e+03,1.404652430210262537e-02
1.066000014543533325e-01,3.430526000976562500e+03,1.406670548021793365e-02
1.067000031471252441e-01,3.432427307128906250e+03,1.408690586686134338e-02
1.067999973893165588e-01,3.434323547363281250e+03,1.410713000223040581e-02
1.068999990820884705e-01,3.436215820312500000e+03,1.412737555801868439e-02
1.070000007748603821e-01,3.438104736328125000e+03,1.414763845968991518e-02
1.071000024676322937e-01,3.439990783691406250e+03,1.416791242081671953e-02
1.071999967098236084e-01,3.441874633789062500e+03,1.418819907121360302e-02
1.072999984025955200e-01,3.443756347656250000e+03,1.420849445275962353e-02
1.074000000953674316e-01,3.445636047363281250e+03,1.422880019526928663e-02
1.075000017881393433e-01,3.447513793945312500e+03,1.424911268986761570e-02
1.076000034809112549e-01,3.449389526367187500e+03,1.426943566184490919e-02
1.076999977231025696e-01,3.451263427734375000e+03,1.428976713214069605e-02
1.077999994158744812e-01,3.453135742187500000e+03,1.431010698433965445e-02
1.079000011086463928e-01,3.455006347656250000e+03,1.433045323938131332e-02
1.080000028014183044e-01,3.456873596191406250e+03,1.435081660747528076e-02
1.080999970436096191e-01,3.458738281250000000e+03,1.437119289766997099e-02
1.081999987363815308e-01,3.460599121093750000e+03,1.439158816356211901e-02
1.083000004291534424e-01,3.462455078125000000e+03,1.441201078705489635e-02
1.084000021219253540e-01,3.464306640625000000e+03,1.443245494738221169e-02
1.084999963641166687e-01,3.466153991699218750e+03,1.445292064454406500e-02
1.085999980568885803e-01,3.467994567871093750e+03,1.447342196479439735e-02
1.086999997496604919e-01,3.469829284667968750e+03,1.449395157396793365e-02
1.088000014424324036e-01,3.471659057617187500e+03,1.451450702734291553e-02
1.089000031352043152e-01,3.473484985351562500e+03,1.453508215490728617e-02
1.089999973773956299e-01,3.475306335449218750e+03,1.455568044912070036e-02
1.090999990701675415e-01,3.477120910644531250e+03,1.457631506491452456e-02
1.092000007629394531e-01,3.478929016113281250e+03,1.459698227699846029e-02
1.093000024557113647e-01,3.480731994628906250e+03,1.461767789442092180e-02
1.093999966979026794e-01,3.482530395507812500e+03,1.463839539792388678e-02
1.094999983906745911e-01,3.484325073242187500e+03,1.465913257561624050e-02
1.096000000834465027e-01,3.486116577148437500e+03,1.467988512013107538e-02
1.097000017762184143e-01,3.487905212402343750e+03,1.470065268222242594e-02
1.098000034689903259e-01,3.489691284179687500e+03,1.472143130376935005e-02
1.098999977111816406e-01,3.491475036621093750e+03,1.474222063552588224e-02
1.099999994039535522e-01,3.493256958007812500e+03,1.476302056107670069e-02
1.101000010967254639e-01,3.495036987304687500e+03,1.478382723871618509e-02
1.102000027894973755e-01,3.496815002441406250e+03,1.480464416090399027e-02
1.102999970316886902e-01,3.498591491699218750e+03,1.482546771876513958e-02
1.103999987244606018e-01,3.500366394042968750e+03,1.484629756305366755e-02
1.105000004172325134e-01,3.502136413574218750e+03,1.486715173814445734e-02
1.106000021100044250e-01,3.503900634765625000e+03,1.488803501706570387e-02
1.106999963521957397e-01,3.505657348632812500e+03,1.490895636379718781e-02
1.107999980449676514e-01,3.507406738281250000e+03,1.492991601116955280e-02
1.108999997377395630e-01,3.509147766113281250e+03,1.495091791730374098e-02
1.110000014305114746e-01,3.510881042480468750e+03,1.497196045238524675e-02
1.111000031232833862e-01,3.512607788085937500e+03,1.499303756281733513e-02
1.111999973654747009e-01,3.514329284667968750e+03,1.501414261292666197e-02
1.112999990582466125e-01,3.516046325683593750e+03,1.503526943270117044e-02
1.114000007510185242e-01,3.517759521484375000e+03,1.505641371477395296e-02
1.115000024437904358e-01,3.519469543457031250e+03,1.507757499348372221e-02
1.115999966859817505e-01,3.521176696777343750e+03,1.509874931070953608e-02
1.116999983787536621e-01,3.522881103515625000e+03,1.511993643362075090e-02
1.118000000715255737e-01,3.524583190917968750e+03,1.514113612938672304e-02
1.119000017642974854e-01,3.526283142089843750e+03,1.516234269365668297e-02
1.120000034570693970e-01,3.527981079101562500e+03,1.518356159795075655e-02
1.120999976992607117e-01,3.529676940917968750e+03,1.520478702150285244e-02
1.121999993920326233e-01,3.531371154785156250e+03,1.522602094337344170e-02
1.123000010848045349e-01,3.533063354492187500e+03,1.524726313073188066e-02
1.124000027775764465e-01,3.534753967285156250e+03,1.526851183734834194e-02
1.124999970197677612e-01,3.536442871093750000e+03,1.528976880945265293e-02
1.125999987125396729e-01,3.538127746582031250e+03,1.531104592140763998e-02
1.127000004053115845e-01,3.539807434082031250e+03,1.533234980888664722e-02
1.128000020980834961e-01,3.541482055664062500e+03,1.535367732867598534e-02
1.128999963402748108e-01,3.543151916503906250e+03,1.537503045983612537e-02
1.129999980330467224e-01,3.544815490722656250e+03,1.539641700219362974e-02
1.130999997258186340e-01,3.546473022460937500e+03,1.541783357970416546e-02
1.132000014185905457e-01,3.548125061035156250e+03,1.543927809689193964e-02
1.133000031113624573e-01,3.549772705078125000e+03,1.546074636280536652e-02
1.133999973535537720e-01,3.551416687011718750e+03,1.548223407007753849e-02
1.134999990463256836e-01,3.553057373046875000e+03,1.550373714417219162e-02
1.136000007390975952e-01,3.554695068359375000e+03,1.552525523584336042e-02
1.137000024318695068e-01,3.556329956054687500e+03,1.554678659886121750e-02
1.137999966740608215e-01,3.557960571289062500e+03,1.556834077928215265e-02
1.138999983668327332e-01,3.559586853027343750e+03,1.558991638012230396e-02
1.140000000596046448e-01,3.561209045410156250e+03,1.561151328496634960e-02
1.141000017523765564e-01,3.562827697753906250e+03,1.563312753569334745e-02
1.142000034451484680e-01,3.564442565917968750e+03,1.565476099494844675e-02
1.142999976873397827e-01,3.566052307128906250e+03,1.567642169538885355e-02
1.143999993801116943e-01,3.567657043457031250e+03,1.569810789078474045e-02
1.145000010728836060e-01,3.569257202148437500e+03,1.571981539018452168e-02
1.146000027656555176e-01,3.570853515625000000e+03,1.574154233094304800e-02
1.146999970078468323e-01,3.572446533203125000e+03,1.576328615192323923e-02
1.147999987006187439e-01,3.574036621093750000e+03,1.578504487406462431e-02
1.149000003933906555e-01,3.575622436523437500e+03,1.580682268831878901e-02
1.150000020861625671e-01,3.577202453613281250e+03,1.582863158546388149e-02
1.150999963283538818e-01,3.578777404785156250e+03,1.585046784020960331e-02
1.151999980211257935e-01,3.580348022460937500e+03,1.587232365272939205e-02
1.152999997138977051e-01,3.581914855957031250e+03,1.589419855736196041e-02
1.154000014066696167e-01,3.583478515625000000e+03,1.591608847957104445e-02
1.155000030994415283e-01,3.585039306640625000e+03,1.593799109105020761e-02
1.155999973416328430e-01,3.586597839355468750e+03,1.595990627538412809e-02
1.156999990344047546e-01,3.588152465820312500e+03,1.598183810710906982e-02
1.158000007271766663e-01,3.589702392578125000e+03,1.600379450246691704e-02
1.159000024199485779e-01,3.591247192382812500e+03,1.602577802259474993e-02
1.159999966621398926e-01,3.592787170410156250e+03,1.604778296314179897e-02
1.160999983549118042e-01,3.594323120117187500e+03,1.606980897486209869e-02
1.162000000476837158e-01,3.595855895996093750e+03,1.609184988774359226e-02
1.163000017404556274e-01,3.597385559082031250e+03,1.611390360631048679e-02
1.164000034332275391e-01,3.598912780761718750e+03,1.613597187679260969e-02
1.164999976754188538e-01,3.600435607910156250e+03,1.615805865731090307e-02
1.165999993681907654e-01,3.601954223632812500e+03,1.618016837164759636e-02
1.167000010609626770e-01,3.603466674804687500e+03,1.620230684056878090e-02
1.168000027537345886e-01,3.604973205566406250e+03,1.622447674162685871e-02
1.168999969959259033e-01,3.606474548339843750e+03,1.624667213764041662e-02
1.169999986886978149e-01,3.607971069335937500e+03,1.626889081671833992e-02
1.171000003814697266e-01,3.609463317871093750e+03,1.629112893715500832e-02
1.172000020742416382e-01,3.610951843261718750e+03,1.631338591687381268e-02
1.172999963164329529e-01,3.612436950683593750e+03,1.633565966039896011e-02
1.173999980092048645e-01,3.613918945312500000e+03,1.635794644244015217e-02
1.174999997019767761e-01,3.615398132324218750e+03,1.638024777639657259e-02
1.176000013947486877e-01,3.616872070312500000e+03,1.640257181134074926e-02
1.177000030875205994e-01,3.618341064453125000e+03,1.642492308747023344e-02
1.177999973297119141e-01,3.619805480957031250e+03,1.644729566760361195e-02
1.178999990224838257e-01,3.621266174316406250e+03,1.646968722343444824e-02
1.180000007152557373e-01,3.622723693847656250e+03,1.649209193419665098e-02
1.181000024080276489e-01,3.624178100585937500e+03,1.651451131328940392e-02
1.181999966502189636e-01,3.625630187988281250e+03,1.653694326523691416e-02
1.182999983429908752e-01,3.627079772949218750e+03,1.655938394833356142e-02
1.184000000357627869e-01,3.628527343750000000e+03,1.658183487597852945e-02
1.185000017285346985e-01,3.629972778320312500e+03,1.660429430194199085e-02
1.186000034213066101e-01,3.631416259765625000e+03,1.662676408886909485e-02
1.186999976634979248e-01,3.632857360839843750e+03,1.664924435317516327e-02
1.187999993562698364e-01,3.634296386718750000e+03,1.667173311579972506e-02
1.189000010490417480e-01,3.635733520507812500e+03,1.669423212297260761e-02
1.190000027418136597e-01,3.637168884277343750e+03,1.671673764940351248e-02
1.190999969840049744e-01,3.638602600097656250e+03,1.673924934584647417e-02
1.191999986767768860e-01,3.640034667968750000e+03,1.676176930777728558e-02
1.193000003695487976e-01,3.641464660644531250e+03,1.678429974708706141e-02
1.194000020623207092e-01,3.642892578125000000e+03,1.680683845188468695e-02
1.194999963045120239e-01,3.644319152832031250e+03,1.682938344310969114e-02
1.195999979972839355e-01,3.645743347167968750e+03,1.685193879529833794e-02
1.196999996900558472e-01,3.647164489746093750e+03,1.687451056204736233e-02
1.198000013828277588e-01,3.648582641601562500e+03,1.689709722995758057e-02
1.199000030755996704e-01,3.649996765136718750e+03,1.691970275714993477e-02
1.199999973177909851e-01,3.651405029296875000e+03,1.694234122987836599e-02
1.200999990105628967e-01,3.652807373046875000e+03,1.696500915568321943e-02
1.202000007033348083e-01,3.654204589843750000e+03,1.698770455550402403e-02
1.203000023961067200e-01,3.655597167968750000e+03,1.701042347121983767e-02
1.203999966382980347e-01,3.656982788085937500e+03,1.703317963983863592e-02
1.204999983310699463e-01,3.658360168457031250e+03,1.705597992986440659e-02
1.206000000238418579e-01,3.659729797363281250e+03,1.707881863694638014e-02
1.207000017166137695e-01,3.661092773437500000e+03,1.710169354919344187e-02
1.208000034093856812e-01,3.662450439453125000e+03,1.712459453847259283e-02
1.208999976515769958e-01,3.663803344726562500e+03,1.714751927647739649e-02
1.209999993443489075e-01,3.665152648925781250e+03,1.717046136036515236e-02
1.211000010371208191e-01,3.666498352050781250e+03,1.719342253636568785e-02
1.212000027298927307e-01,3.667841064453125000e+03,1.721639675088226795e-02
1.212999969720840454e-01,3.669180053710937500e+03,1.723938994109630585e-02
1.213999986648559570e-01,3.670514587402343750e+03,1.726240583229809999e-02
1.215000003576278687e-01,3.671845153808593750e+03,1.728544081561267376e-02
1.216000020503997803e-01,3.673172485351562500e+03,1.730849267914891243e-02
1.216999962925910950e-01,3.674496643066406250e+03,1.733155932743102312e-02
1.217999979853630066e-01,3.675818115234375000e+03,1.735463680233806372e-02
1.218999996781349182e-01,3.677136230468750000e+03,1.737773080822080374e-02
1.220000013709068298e-01,3.678451110839843750e+03,1.740084157790988684e-02
1.221000030636787415e-01,3.679762878417968750e+03,1.742396701592952013e-02
1.221999973058700562e-01,3.681072143554687500e+03,1.744710502680391073e-02
1.222999989986419678e-01,3.682378967285156250e+03,1.747025351505726576e-02
1.224000006914138794e-01,3.683683837890625000e+03,1.749341061804443598e-02
1.225000023841857910e-01,3.684986755371093750e+03,1.751657598651945591e-02
1.225999966263771057e-01,3.686285705566406250e+03,1.753976137842983007e-02
1.226999983191490173e-01,3.687578491210937500e+03,1.756297925021499395e-02
1.228000000119209290e-01,3.688864013671875000e+03,1.758623600471764803e-02
1.229000017046928406e-01,3.690142333984375000e+03,1.760952675249427557e-02
1.230000033974647522e-01,3.691414123535156250e+03,1.763285312335938215e-02
1.230999976396560669e-01,3.692679260253906250e+03,1.765621104277670383e-02
1.231999993324279785e-01,3.693939270019531250e+03,1.767959655262529850e-02
1.233000010251998901e-01,3.695194030761718750e+03,1.770300569478422403e-02
1.234000027179718018e-01,3.696443969726562500e+03,1.772643998265266418e-02
1.234999969601631165e-01,3.697688781738281250e+03,1.774990139529109001e-02
1.235999986529350281e-01,3.698928771972656250e+03,1.777338795363903046e-02
1.237000003457069397e-01,3.700164794921875000e+03,1.779689185786992311e-02
1.238000020384788513e-01,3.701397399902343750e+03,1.782041275873780251e-02
1.238999962806701660e-01,3.702627075195312500e+03,1.784394844435155392e-02
1.239999979734420776e-01,3.703854187011718750e+03,1.786749670282006264e-02
1.240999996662139893e-01,3.705078796386718750e+03,1.789105567149817944e-02
1.242000013589859009e-01,3.706300903320312500e+03,1.791462709661573172e-02
1.243000030517578125e-01,3.707520263671875000e+03,1.793820934835821390e-02
1.243999972939491272e-01,3.708737670898437500e+03,1.796180394012480974e-02
1.244999989867210388e-01,3.709953125000000000e+03,1.798540691379457712e-02
1.246000006794929504e-01,3.711166748046875000e+03,1.800901826936751604e-02
1.247000023722648621e-01,3.712378601074218750e+03,1.803263591136783361e-02
1.247999966144561768e-01,3.713588867187500000e+03,1.805626181885600090e-02
1.248999983072280884e-01,3.714797546386718750e+03,1.807989389635622501e-02
1.250000000000000000e-01,3.716003723144531250e+03,1.810354006011039019e-02
1.251000016927719116e-01,3.717205200195312500e+03,1.812720904126763344e-02
1.252000033855438232e-01,3.718402526855468750e+03,1.815089897718280554e-02
1.253000050783157349e-01,3.719595520019531250e+03,1.817461184691637754e-02
1.254000067710876465e-01,3.720783142089843750e+03,1.819835184141993523e-02
1.254999935626983643e-01,3.721966247558593750e+03,1.822211523540318012e-02
1.255999952554702759e-01,3.723145202636718750e+03,1.824589970055967569e-02
1.256999969482421875e-01,3.724320678710937500e+03,1.826970116235315800e-02
1.257999986410140991e-01,3.725488159179687500e+03,1.829354453366249800e-02
1.259000003337860107e-01,3.726645874023437500e+03,1.831743726506829262e-02
1.260000020265579224e-01,3.727794921875000000e+03,1.834137598052620888e-02
1.261000037193298340e-01,3.728935729980468750e+03,1.836535474285483360e-02
1.262000054121017456e-01,3.730069946289062500e+03,1.838936738204210997e-02
1.263000071048736572e-01,3.731198486328125000e+03,1.841340761166065931e-02
1.263999938964843750e-01,3.732321716308593750e+03,1.843747333623468876e-02
1.264999955892562866e-01,3.733440063476562500e+03,1.846156269311904907e-02
1.265999972820281982e-01,3.734554321289062500e+03,1.848567498382180929e-02
1.266999989748001099e-01,3.735665161132812500e+03,1.850980066228657961e-02
1.268000006675720215e-01,3.736772155761718750e+03,1.853394869249314070e-02
1.269000023603439331e-01,3.737874938964843750e+03,1.855811569839715958e-02
1.270000040531158447e-01,3.738974121093750000e+03,1.858230144716799259e-02
1.271000057458877563e-01,3.740070251464843750e+03,1.860650209710001945e-02
1.272000074386596680e-01,3.741163330078125000e+03,1.863071543630212545e-02
1.272999942302703857e-01,3.742254028320312500e+03,1.865494123194366693e-02
1.273999959230422974e-01,3.743342529296875000e+03,1.867917762137949467e-02
1.274999976158142090e-01,3.744428771972656250e+03,1.870342413894832134e-02
1.275999993085861206e-01,3.745513366699218750e+03,1.872767729219049215e-02
1.277000010013580322e-01,3.746595825195312500e+03,1.875194057356566191e-02
1.278000026941299438e-01,3.747675964355468750e+03,1.877621421590447426e-02
1.279000043869018555e-01,3.748753906250000000e+03,1.880050019826740026e-02
1.280000060796737671e-01,3.749829589843750000e+03,1.882479467894881964e-02
1.280999928712844849e-01,3.750903503417968750e+03,1.884909742511808872e-02
1.281999945640563965e-01,3.751975708007812500e+03,1.887340843677520752e-02
1.282999962568283081e-01,3.753046203613281250e+03,1.889772748108953238e-02
1.283999979496002197e-01,3.754113220214843750e+03,1.892206270713359118e-02
1.284999996423721313e-01,3.755175964355468750e+03,1.894642238039523363e-02
1.286000013351440430e-01,3.756232604980468750e+03,1.897081278730183840e-02
1.287000030279159546e-01,3.757283508300781250e+03,1.899523416068404913e-02
1.288000047206878662e-01,3.758329162597656250e+03,1.901968079619109631e-02
1.289000064134597778e-01,3.759370056152343750e+03,1.904415059834718704e-02
1.289999932050704956e-01,3.760406982421875000e+03,1.906863925978541374e-02
1.290999948978424072e-01,3.761438232421875000e+03,1.909315830562263727e-02
1.291999965906143188e-01,3.762463623046875000e+03,1.911770645529031754e-02
1.292999982833862305e-01,3.763482482910156250e+03,1.914228755049407482e-02
1.293999999761581421e-01,3.764495910644531250e+03,1.916689402423799038e-02
1.295000016689300537e-01,3.765504699707031250e+03,1.919152378104627132e-02
1.296000033617019653e-01,3.766509521484375000e+03,1.921617425978183746e-02
1.297000050544738770e-01,3.767510986328125000e+03,1.924083754420280457e-02
1.298000067472457886e-01,3.768508850097656250e+03,1.926552131772041321e-02
1.298999935388565063e-01,3.769502990722656250e+03,1.929021975956857204e-02
1.299999952316284180e-01,3.770494506835937500e+03,1.931493286974728107e-02
1.300999969244003296e-01,3.771483337402343750e+03,1.933965831995010376e-02
1.301999986171722412e-01,3.772469787597656250e+03,1.936439261771738529e-02
1.303000003099441528e-01,3.773454345703125000e+03,1.938913878984749317e-02
1.304000020027160645e-01,3.774435485839843750e+03,1.941389916464686394e-02
1.305000036954879761e-01,3.775413024902343750e+03,1.943867607042193413e-02
1.306000053882598877e-01,3.776387512207031250e+03,1.946346950717270374e-02
1.307000070810317993e-01,3.777358764648437500e+03,1.948827947489917278e-02
1.307999938726425171e-01,3.778327026367187500e+03,1.951310411095619202e-02
1.308999955654144287e-01,3.779291931152343750e+03,1.953794364817440510e-02
1.309999972581863403e-01,3.780253845214843750e+03,1.956279971636831760e-02
1.310999989509582520e-01,3.781211853027343750e+03,1.958767417818307877e-02
1.312000006437301636e-01,3.782162719726562500e+03,1.961258891969919205e-02
1.313000023365020752e-01,3.783106201171875000e+03,1.963754091411828995e-02
1.314000040292739868e-01,3.784043151855468750e+03,1.966252806596457958e-02
1.315000057220458984e-01,3.784973876953125000e+03,1.968754455447196960e-02
1.316000074148178101e-01,3.785899658203125000e+03,1.971258642151951790e-02
1.316999942064285278e-01,3.786820800781250000e+03,1.973764947615563869e-02
1.317999958992004395e-01,3.787738098144531250e+03,1.976273325271904469e-02
1.318999975919723511e-01,3.788651733398437500e+03,1.978783379308879375e-02
1.319999992847442627e-01,3.789562377929687500e+03,1.981294690631330013e-02
1.321000009775161743e-01,3.790469787597656250e+03,1.983807655051350594e-02
1.322000026702880859e-01,3.791373718261718750e+03,1.986322458833456039e-02
1.323000043630599976e-01,3.792274414062500000e+03,1.988838752731680870e-02
1.324000060558319092e-01,3.793172424316406250e+03,1.991356280632317066e-02
1.324999928474426270e-01,3.794067871093750000e+03,1.993874879553914070e-02
1.325999945402145386e-01,3.794959777832031250e+03,1.996395480819046497e-02
1.326999962329864502e-01,3.795846496582031250e+03,1.998918759636580944e-02
1.327999979257583618e-01,3.796728515625000000e+03,2.001444343477487564e-02
1.328999996185302734e-01,3.797606689453125000e+03,2.003971999511122704e-02
1.330000013113021851e-01,3.798481567382812500e+03,2.006501145660877228e-02
1.331000030040740967e-01,3.799353393554687500e+03,2.009031758643686771e-02
1.332000046968460083e-01,3.800222656250000000e+03,2.011563605628907681e-02
1.333000063896179199e-01,3.801089660644531250e+03,2.014096500352025032e-02
1.333999931812286377e-01,3.801953247070312500e+03,2.016631001606583595e-02
1.334999948740005493e-01,3.802812561035156250e+03,2.019167924299836159e-02
1.335999965667724609e-01,3.803667297363281250e+03,2.021706919185817242e-02
1.336999982595443726e-01,3.804517578125000000e+03,2.024248195812106133e-02
1.337999999523162842e-01,3.805362365722656250e+03,2.026792336255311966e-02
1.339000016450881958e-01,3.806202270507812500e+03,2.029338991269469261e-02
1.340000033378601074e-01,3.807037658691406250e+03,2.031887741759419441e-02
1.341000050306320190e-01,3.807869384765625000e+03,2.034438354894518852e-02
1.342000067234039307e-01,3.808697753906250000e+03,2.036990458145737648e-02
1.342999935150146484e-01,3.809523437500000000e+03,2.039544004946947098e-02
1.343999952077865601e-01,3.810346496582031250e+03,2.042098599486052990e-02
1.344999969005584717e-01,3.811166931152343750e+03,2.044654451310634613e-02
1.345999985933303833e-01,3.811984985351562500e+03,2.047211537137627602e-02
1.347000002861022949e-01,3.812801208496093750e+03,2.049769461154937744e-02
1.348000019788742065e-01,3.813614746093750000e+03,2.052328572608530521e-02
1.349000036716461182e-01,3.814424438476562500e+03,2.054889872670173645e-02
1.350000053644180298e-01,3.815229797363281250e+03,2.057453035376966000e-02
1.351000070571899414e-01,3.816031250000000000e+03,2.060018223710358143e-02
1.351999938488006592e-01,3.816829406738281250e+03,2.062585088424384594e-02
1.352999955415725708e-01,3.817624450683593750e+03,2.065153396688401699e-02
1.353999972343444824e-01,3.818416870117187500e+03,2.067722752690315247e-02
1.354999989271163940e-01,3.819205505371093750e+03,2.070294320583343506e-02
1.356000006198883057e-01,3.819989501953125000e+03,2.072868123650550842e-02
1.357000023126602173e-01,3.820768676757812500e+03,2.075444418005645275e-02
1.358000040054321289e-01,3.821543579101562500e+03,2.078022575005888939e-02
1.359000056982040405e-01,3.822313171386718750e+03,2.080603805370628834e-02
1.360000073909759521e-01,3.823076171875000000e+03,2.083188504911959171e-02
1.360999941825866699e-01,3.823832885742187500e+03,2.085776301100850105e-02
1.361999958753585815e-01,3.824584228515625000e+03,2.088367007672786713e-02
1.362999975681304932e-01,3.825328430175781250e+03,2.090961183421313763e-02
1.363999992609024048e-01,3.826065551757812500e+03,2.093559072818607092e-02
1.365000009536743164e-01,3.826795898437500000e+03,2.096160454675555229e-02
1.366000026464462280e-01,3.827520690917968750e+03,2.098764560651034117e-02
1.367000043392181396e-01,3.828240173339843750e+03,2.101370994932949543e-02
1.368000060319900513e-01,3.828954162597656250e+03,2.103980304673314095e-02
1.368999928236007690e-01,3.829663208007812500e+03,2.106592128984630108e-02
1.369999945163726807e-01,3.830367980957031250e+03,2.109206048771739006e-02
1.370999962091445923e-01,3.831069152832031250e+03,2.111821819562464952e-02
1.371999979019165039e-01,3.831766601562500000e+03,2.114439266733825207e-02
1.372999995946884155e-01,3.832460327148437500e+03,2.117058564908802509e-02
1.374000012874603271e-01,3.833150878906250000e+03,2.119679504539817572e-02
1.375000029802322388e-01,3.833838684082031250e+03,2.122301713097840548e-02
1.376000046730041504e-01,3.834524108886718750e+03,2.124925144016742706e-02
1.377000063657760620e-01,3.835207031250000000e+03,2.127549622673541307e-02
1.377999931573867798e-01,3.835886047363281250e+03,2.130176126956939697e-02
1.378999948501586914e-01,3.836561096191406250e+03,2.132804878056049347e-02
1.379999965429306030e-01,3.837232360839843750e+03,2.135435328818857670e-02
1.380999982357025146e-01,3.837900512695312500e+03,2.138067642226815224e-02
1.381999999284744263e-01,3.838565551757812500e+03,2.140701247844845057e-02
1.383000016212463379e-01,3.839228027343750000e+03,2.143336308654397726e-02
1.384000033140182495e-01,3.839888061523437500e+03,2.145972417201846838e-02
1.385000050067901611e-01,3.840546081542968750e+03,2.148609550204128027e-02
1.386000066995620728e-01,3.841202148437500000e+03,2.151247521396726370e-02
1.386999934911727905e-01,3.841853759765625000e+03,2.153888018801808357e-02
1.387999951839447021e-01,3.842499572753906250e+03,2.156531543005257845e-02
1.388999968767166138e-01,3.843139465332031250e+03,2.159177744761109352e-02
1.389999985694885254e-01,3.843774108886718750e+03,2.161826833616942167e-02
1.391000002622604370e-01,3.844403808593750000e+03,2.164478402119129896e-02
1.392000019550323486e-01,3.845028869628906250e+03,2.167132275644689798e-02
1.393000036478042603e-01,3.845649963378906250e+03,2.169788011815398932e-02
1.394000053405761719e-01,3.846267395019531250e+03,2.172445424366742373e-02
1.395000070333480835e-01,3.846881835937500000e+03,2.175104280468076468e-02
1.395999938249588013e-01,3.847493347167968750e+03,2.177764370571821928e-02
1.396999955177307129e-01,3.848102172851562500e+03,2.180425880942493677e-02
1.397999972105026245e-01,3.848708679199218750e+03,2.183088229503482580e-02
1.398999989032745361e-01,3.849311340332031250e+03,2.185752952937036753e-02
1.400000005960464478e-01,3.849907348632812500e+03,2.188420924358069897e-02
1.401000022888183594e-01,3.850494812011718750e+03,2.191093517467379570e-02
1.402000039815902710e-01,3.851074035644531250e+03,2.193770441226661205e-02
1.403000056743621826e-01,3.851645812988281250e+03,2.196451101917773485e-02
1.404000073671340942e-01,3.852211059570312500e+03,2.199135103728622198e-02
1.404999941587448120e-01,3.852770507812500000e+03,2.201821818016469479e-02
1.405999958515167236e-01,3.853325378417968750e+03,2.204510814044624567e-02
1.406999975442886353e-01,3.853875793457031250e+03,2.207201696000993252e-02
1.407999992370605469e-01,3.854422851562500000e+03,2.209894428960978985e-02
1.409000009298324585e-01,3.854966613769531250e+03,2.212588407564908266e-02
1.410000026226043701e-01,3.855507446289062500e+03,2.215283806435763836e-02
1.411000043153762817e-01,3.856045593261718750e+03,2.217980439309030771e-02
1.412000060081481934e-01,3.856581176757812500e+03,2.220678282901644707e-02
1.412999927997589111e-01,3.857114807128906250e+03,2.223376953043043613e-02
1.413999944925308228e-01,3.857645080566406250e+03,2.226077194791287184e-02
1.414999961853027344e-01,3.858172424316406250e+03,2.228778868447989225e-02
1.415999978780746460e-01,3.858697448730468750e+03,2.231481578201055527e-02
1.416999995708465576e-01,3.859220214843750000e+03,2.234185498673468828e-02
1.418000012636184692e-01,3.859739990234375000e+03,2.236890641506761312e-02
1.419000029563903809e-01,3.860255737304687500e+03,2.239597821608185768e-02
1.420000046491622925e-01,3.860767883300781250e+03,2.242307050619274378e-02
1.421000063419342041e-01,3.861276733398437500e+03,2.245017746463418007e-02
1.421999931335449219e-01,3.861782775878906250e+03,2.247729885857552290e-02
1.422999948263168335e-01,3.862285949707031250e+03,2.250443457160145044e-02
1.423999965190887451e-01,3.862786865234375000e+03,2.253158064559102058e-02
1.424999982118606567e-01,3.863285400390625000e+03,2.255873696412891150e-02
1.425999999046325684e-01,3.863779296875000000e+03,2.258591924328356981e-02
1.427000015974044800e-01,3.864267211914062500e+03,2.261313586495816708e-02
1.428000032901763916e-01,3.864748291015625000e+03,2.264038706198334694e-02
1.429000049829483032e-01,3.865222839355468750e+03,2.266767143737524748e-02
1.430000066757202148e-01,3.865691589355468750e+03,2.269498677924275398e-02
1.430999934673309326e-01,3.866155273437500000e+03,2.272232517134398222e-02
1.431999951601028442e-01,3.866614624023437500e+03,2.274968638084828854e-02
1.432999968528747559e-01,3.867069702148437500e+03,2.277706842869520187e-02
1.433999985456466675e-01,3.867521118164062500e+03,2.280446910299360752e-02
1.435000002384185791e-01,3.867969604492187500e+03,2.283188444562256336e-02
1.436000019311904907e-01,3.868415344238281250e+03,2.285931212827563286e-02
1.437000036239624023e-01,3.868858642578125000e+03,2.288675028830766678e-02
1.438000053167343140e-01,3.869299438476562500e+03,2.291420055553317070e-02
1.439000070095062256e-01,3.869736938476562500e+03,2.294167084619402885e-02
1.439999938011169434e-01,3.870170410156250000e+03,2.296915953047573566e-02
1.440999954938888550e-01,3.870598754882812500e+03,2.299667627085000277e-02
1.441999971866607666e-01,3.871021850585937500e+03,2.302422153297811747e-02
1.442999988794326782e-01,3.871439819335937500e+03,2.305179135873913765e-02
1.444000005722045898e-01,3.871852355957031250e+03,2.307938958983868361e-02
1.445000022649765015e-01,3.872258056640625000e+03,2.310702204704284668e-02
1.446000039577484131e-01,3.872657592773437500e+03,2.313468919601291418e-02
1.447000056505203247e-01,3.873051269531250000e+03,2.316238335333764553e-02
1.448000073432922363e-01,3.873440185546875000e+03,2.319010242354124784e-02
1.448999941349029541e-01,3.873824768066406250e+03,2.321784407831728458e-02
1.449999958276748657e-01,3.874205505371093750e+03,2.324560249689966440e-02
1.450999975204467773e-01,3.874583068847656250e+03,2.327337744645774364e-02
1.451999992132186890e-01,3.874957763671875000e+03,2.330116659868508577e-02
1.453000009059906006e-01,3.875329101562500000e+03,2.332897193264216185e-02
1.454000025987625122e-01,3.875694824218750000e+03,2.335680695250630379e-02
1.455000042915344238e-01,3.876054443359375000e+03,2.338467421941459179e-02
1.456000059843063354e-01,3.876408020019531250e+03,2.341257210355252028e-02
1.456999927759170532e-01,3.876755981445312500e+03,2.344049874227494001e-02
1.457999944686889648e-01,3.877098815917968750e+03,2.346844819840043783e-02
1.458999961614608765e-01,3.877436035156250000e+03,2.349642815534025431e-02
1.459999978542327881e-01,3.877767883300781250e+03,2.352443465497344732e-02
1.460999995470046997e-01,3.878093933105468750e+03,2.355246990919113159e-02
1.462000012397766113e-01,3.878414733886718750e+03,2.358053193893283606e-02
1.463000029325485229e-01,3.878730957031250000e+03,2.360861469060182571e-02
1.464000046253204346e-01,3.879043090820312500e+03,2.363671979401260614e-02
1.465000063180923462e-01,3.879351623535156250e+03,2.366483968216925859e-02
1.465999931097030640e-01,3.879656921386718750e+03,2.369297575205564499e-02
1.466999948024749756e-01,3.879958618164062500e+03,2.372112788725644350e-02
1.467999964952468872e-01,3.880255554199218750e+03,2.374930609948933125e-02
1.468999981880187988e-01,3.880547424316406250e+03,2.377750864252448082e-02
1.469999998807907104e-01,3.880834899902343750e+03,2.380573365371674299e-02
1.471000015735626221e-01,3.881116943359375000e+03,2.383398474194109440e-02
1.472000032663345337e-01,3.881393737792968750e+03,2.386226237285882235e-02
1.473000049591064453e-01,3.881665710449218750e+03,2.389056445099413395e-02
1.474000066518783569e-01,3.881932800292968750e+03,2.391888934653252363e-02
1.474999934434890747e-01,3.882195800781250000e+03,2.394723496399819851e-02
1.475999951362609863e-01,3.882455200195312500e+03,2.397559932433068752e-02
1.476999968290328979e-01,3.882711181640625000e+03,2.400398009922355413e-02
1.477999985218048096e-01,3.882963684082031250e+03,2.403237542603164911e-02
1.479000002145767212e-01,3.883213500976562500e+03,2.406078507192432880e-02
1.480000019073486328e-01,3.883460876464843750e+03,2.408920694142580032e-02
1.481000036001205444e-01,3.883705078125000000e+03,2.411764301359653473e-02
1.482000052928924561e-01,3.883946716308593750e+03,2.414609328843653202e-02
1.483000069856643677e-01,3.884185668945312500e+03,2.417455567046999931e-02
1.483999937772750854e-01,3.884422668457031250e+03,2.420302818063646555e-02
1.484999954700469971e-01,3.884657409667968750e+03,2.423150895629078150e-02
1.485999971628189087e-01,3.884890136718750000e+03,2.426000148989260197e-02
1.486999988555908203e-01,3.885120422363281250e+03,2.428850438445806503e-02
1.488000005483627319e-01,3.885348632812500000e+03,2.431701740715652704e-02
1.489000022411346436e-01,3.885574768066406250e+03,2.434554218780249357e-02
1.490000039339065552e-01,3.885799194335937500e+03,2.437407325487583876e-02
1.491000056266784668e-01,3.886021667480468750e+03,2.440261421725153923e-02
1.492000073194503784e-01,3.886241577148437500e+03,2.443116740323603153e-02
1.492999941110610962e-01,3.886458435058593750e+03,2.445973851718008518e-02
1.493999958038330078e-01,3.886672241210937500e+03,2.448832383379340172e-02
1.494999974966049194e-01,3.886883544921875000e+03,2.451692149043083191e-02
1.495999991893768311e-01,3.887092590332031250e+03,2.454553125426173210e-02
1.497000008821487427e-01,3.887298278808593750e+03,2.457415719982236624e-02
1.498000025749206543e-01,3.887496398925781250e+03,2.460282854735851288e-02
1.499000042676925659e-01,3.887686035156250000e+03,2.463154657743871212e-02
1.500000059604644775e-01,3.887867187500000000e+03,2.466030966024845839e-02
1.500999927520751953e-01,3.888040893554687500e+03,2.468911011237651110e-02
1.501999944448471069e-01,3.888208312988281250e+03,2.471794351004064083e-02
1.502999961376190186e-01,3.888370117187500000e+03,2.474680403247475624e-02
1.503999978303909302e-01,3.888526550292968750e+03,2.477569307666271925e-02
1.504999995231628418e-01,3.888678161621093750e+03,2.480460493825376034e-02
1.506000012159347534e-01,3.888826049804687500e+03,2.483353740535676479e-02
1.507000029087066650e-01,3.888970214843750000e+03,2.486248617060482502e-02
1.508000046014785767e-01,3.889111633300781250e+03,2.489144739229232073e-02
1.509000062942504883e-01,3.889250427246093750e+03,2.492042270023375750e-02
1.509999930858612061e-01,3.889386718750000000e+03,2.494940825272351503e-02
1.510999947786331177e-01,3.889520935058593750e+03,2.497840381693094969e-02
1.511999964714050293e-01,3.889653381347656250e+03,2.500740753021091223e-02
1.512999981641769409e-01,3.889784057617187500e+03,2.503641915973275900e-02
1.513999998569488525e-01,3.889913146972656250e+03,2.506543672643601894e-02
1.515000015497207642e-01,3.890040832519531250e+03,2.509446220938116312e-02
1.516000032424926758e-01,3.890167053222656250e+03,2.512349351309239864e-02
1.517000049352645874e-01,3.890291625976562500e+03,2.515253261663019657e-02
1.518000066280364990e-01,3.890412597656250000e+03,2.518159290775656700e-02
1.518999934196472168e-01,3.890529052734375000e+03,2.521067718043923378e-02
1.519999951124191284e-01,3.890640136718750000e+03,2.523978950921446085e-02
1.520999968051910400e-01,3.890741333007812500e+03,2.526895911432802677e-02
1.521999984979629517e-01,3.890831909179687500e+03,2.529818564653396606e-02
1.523000001907348633e-01,3.890912780761718750e+03,2.532746153883635998e-02
1.524000018835067749e-01,3.890984802246093750e+03,2.535678271669894457e-02
1.525000035762786865e-01,3.891048522949218750e+03,2.538614510558545589e-02
1.526000052690505981e-01,3.891104370117187500e+03,2.541554858908057213e-02
1.527000069618225098e-01,3.891153259277343750e+03,2.544498711358755827e-02
1.527999937534332275e-01,3.891196228027343750e+03,2.547445462550967932e-02
1.528999954462051392e-01,3.891233703613281250e+03,2.550394891295582056e-02
1.529999971389770508e-01,3.891266723632812500e+03,2.553346590138971806e-02
1.530999988317489624e-01,3.891295593261718750e+03,2.556300139985978603e-02
1.532000005245208740e-01,3.891321289062500000e+03,2.559255319647490978e-02
1.533000022172927856e-01,3.891343933105468750e+03,2.562211907934397459e-02
1.534000039100646973e-01,3.891364013671875000e+03,2.565169718582183123e-02
1.535000056028366089e-01,3.891381042480468750e+03,2.568128949496895075e-02
1.536000072956085205e-01,3.891395385742187500e+03,2.571089577395468950e-02
1.536999940872192383e-01,3.891407592773437500e+03,2.574051218107342720e-02
1.537999957799911499e-01,3.891417480468750000e+03,2.577013859990984201e-02
1.538999974727630615e-01,3.891425598144531250e+03,2.579977293498814106e-02
1.539999991655349731e-01,3.891432250976562500e+03,2.582941518630832434e-02
1.541000008583068848e-01,3.891437133789062500e+03,2.585906337480992079e-02
1.542000025510787964e-01,3.891440795898437500e+03,2.588871924672275782e-02
1.543000042438507080e-01,3.891442993164062500e+03,2.591837919317185879e-02
1.544000059366226196e-01,3.891444152832031250e+03,2.594804472755640745e-02
1.544999927282333374e-01,3.891444091796875000e+03,2.597771422006189823e-02
1.545999944210052490e-01,3.891442443847656250e+03,2.600739139597862959e-02
1.546999961137771606e-01,3.891439331054687500e+03,2.603707637172192335e-02
1.547999978065490723e-01,3.891434326171875000e+03,2.606677135918289423e-02
1.548999994993209839e-01,3.891427917480468750e+03,2.609647251665592194e-02
1.550000011920928955e-01,3.891419677734375000e+03,2.612618368584662676e-02
1.551000028848648071e-01,3.891410034179687500e+03,2.615590288769453764e-02
1.552000045776367188e-01,3.891398010253906250e+03,2.618563233409076929e-02
1.553000062704086304e-01,3.891383361816406250e+03,2.621537970844656229e-02
1.553999930620193481e-01,3.891364257812500000e+03,2.624514908529818058e-02
1.554999947547912598e-01,3.891340515136718750e+03,2.627494488842785358e-02
1.555999964475631714e-01,3.891310485839843750e+03,2.630477654747664928e-02
1.556999981403350830e-01,3.891273620605468750e+03,2.633464487735182047e-02
1.557999998331069946e-01,3.891230468750000000e+03,2.636454626917839050e-02
1.559000015258789062e-01,3.891180969238281250e+03,2.639448200352489948e-02
1.560000032186508179e-01,3.891125671386718750e+03,2.642444870434701443e-02
1.561000049114227295e-01,3.891065185546875000e+03,2.645444392692297697e-02
1.562000066041946411e-01,3.891000183105468750e+03,2.648446010425686836e-02
1.562999933958053589e-01,3.890931335449218750e+03,2.651449665427207947e-02
1.563999950885772705e-01,3.890858703613281250e+03,2.654455532319843769e-02
1.564999967813491821e-01,3.890781860351562500e+03,2.657463622745126486e-02
1.565999984741210938e-01,3.890701171875000000e+03,2.660473552532494068e-02
1.567000001668930054e-01,3.890616149902343750e+03,2.663486090023070574e-02
1.568000018596649170e-01,3.890525451660156250e+03,2.666501840576529503e-02
1.569000035524368286e-01,3.890428771972656250e+03,2.669520652852952480e-02
1.570000052452087402e-01,3.890326782226562500e+03,2.672542526852339506e-02
1.571000069379806519e-01,3.890220031738281250e+03,2.675566682592034340e-02
1.571999937295913696e-01,3.890108154296875000e+03,2.678593876771628857e-02
1.572999954223632812e-01,3.889990234375000000e+03,2.681624318938702345e-02
1.573999971151351929e-01,3.889866455078125000e+03,2.684658009093254805e-02
1.574999988079071045e-01,3.889737426757812500e+03,2.687694178894162178e-02
1.576000005006790161e-01,3.889604003906250000e+03,2.690732618793845177e-02
1.577000021934509277e-01,3.889466125488281250e+03,2.693773491773754358e-02
1.578000038862228394e-01,3.889324523925781250e+03,2.696816029492765665e-02
1.579000055789947510e-01,3.889179687500000000e+03,2.699860383290797472e-02
1.580000072717666626e-01,3.889032287597656250e+03,2.702905773185193539e-02
1.580999940633773804e-01,3.888882812500000000e+03,2.705952175892889500e-02
1.581999957561492920e-01,3.888731567382812500e+03,2.708999381866306067e-02
1.582999974489212036e-01,3.888579040527343750e+03,2.712047169916331768e-02
1.583999991416931152e-01,3.888425231933593750e+03,2.715095551684498787e-02
1.585000008344650269e-01,3.888269531250000000e+03,2.718144899699836969e-02
1.586000025272369385e-01,3.888110778808593750e+03,2.721195982303470373e-02
1.587000042200088501e-01,3.887948913574218750e+03,2.724248648155480623e-02
1.588000059127807617e-01,3.887784057617187500e+03,2.727302920538932085e-02
1.588999927043914795e-01,3.887616088867187500e+03,2.730358601547777653e-02
1.589999943971633911e-01,3.887443176269531250e+03,2.733417192939668894e-02
1.590999960899353027e-01,3.887264587402343750e+03,2.736478613223880529e-02
1.591999977827072144e-01,3.887080749511718750e+03,2.739542862400412560e-02
1.592999994754791260e-01,3.886891784667968750e+03,2.742609730921685696e-02
1.594000011682510376e-01,3.886697387695312500e+03,2.745679591316729784e-02
1.595000028610229492e-01,3.886498046875000000e+03,2.748751896433532238e-02
1.596000045537948608e-01,3.886294189453125000e+03,2.751826250459998846e-02
1.597000062465667725e-01,3.886086853027343750e+03,2.754902420565485954e-02
1.597999930381774902e-01,3.885876281738281250e+03,2.757980208843946457e-02
1.598999947309494019e-01,3.885663330078125000e+03,2.761059196200221777e-02
1.599999964237213135e-01,3.885447998046875000e+03,2.764138998463749886e-02
1.600999981164932251e-01,3.885230834960937500e+03,2.767219778615981340e-02
1.601999998092651367e-01,3.885011291503906250e+03,2.770301920827478170e-02
1.603000015020370483e-01,3.884787597656250000e+03,2.773386205080896616e-02
1.604000031948089600e-01,3.884559020996093750e+03,2.776473097037523985e-02
1.605000048875808716e-01,3.884325195312500000e+03,2.779562619980424643e-02
1.606000065803527832e-01,3.884086059570312500e+03,2.782654983457177877e-02
1.606999933719635010e-01,3.883842285156250000e+03,2.785749977920204401e-02
1.607999950647354126e-01,3.883593750000000000e+03,2.788847056217491627e-02
1.608999967575073242e-01,3.883341125488281250e+03,2.791946544311940670e-02
1.609999984502792358e-01,3.883084899902343750e+03,2.795047685503959656e-02
1.611000001430511475e-01,3.882825683593750000e+03,2.798150444868952036e-02
1.612000018358230591e-01,3.882564086914062500e+03,2.801254601217806339e-02
1.613000035285949707e-01,3.882300170898437500e+03,2.804359584115445614e-02
1.614000052213668823e-01,3.882034545898437500e+03,2.807465370278805494e-02
1.615000069141387939e-01,3.881767211914062500e+03,2.810572134330868721e-02
1.615999937057495117e-01,3.881496948242187500e+03,2.813680469989776611e-02
1.616999953985214233e-01,3.881224182128906250e+03,2.816790400538593531e-02
1.617999970912933350e-01,3.880948913574218750e+03,2.819901355542242527e-02
1.618999987840652466e-01,3.880671691894531250e+03,2.823013300076127052e-02
1.620000004768371582e-01,3.880393188476562500e+03,2.826125849969685078e-02
1.621000021696090698e-01,3.880113098144531250e+03,2.829239168204367161e-02
1.622000038623809814e-01,3.879832031250000000e+03,2.832352882251143456e-02
1.623000055551528931e-01,3.879549438476562500e+03,2.835467364639043808e-02
1.624000072479248047e-01,3.879266113281250000e+03,2.838582242839038372e-02
1.624999940395355225e-01,3.878981872558593750e+03,2.841697481926530600e-02
1.625999957323074341e-01,3.878697021484375000e+03,2.844812907278537750e-02
1.626999974250793457e-01,3.878411010742187500e+03,2.847929089330136776e-02
1.627999991178512573e-01,3.878123840332031250e+03,2.851045841816812754e-02
1.629000008106231689e-01,3.877835754394531250e+03,2.854163176380097866e-02
1.630000025033950806e-01,3.877546997070312500e+03,2.857280685566365719e-02
1.631000041961669922e-01,3.877257629394531250e+03,2.860398369375616312e-02
1.632000058889389038e-01,3.876966308593750000e+03,2.863517380319535732e-02
1.632999926805496216e-01,3.876672119140625000e+03,2.866637939587235451e-02
1.633999943733215332e-01,3.876374023437500000e+03,2.869760675821453333e-02
1.634999960660934448e-01,3.876069885253906250e+03,2.872887148987501860e-02
1.635999977588653564e-01,3.875758911132812500e+03,2.876017440576106310e-02
1.636999994516372681e-01,3.875441589355468750e+03,2.879151375964283943e-02
1.638000011444091797e-01,3.875118591308593750e+03,2.882287977263331413e-02
1.639000028371810913e-01,3.874790710449218750e+03,2.885427023284137249e-02
1.640000045299530029e-01,3.874458984375000000e+03,2.888568106573075056e-02
1.641000062227249146e-01,3.874123718261718750e+03,2.891710819676518440e-02
1.641999930143356323e-01,3.873785949707031250e+03,2.894854941405355930e-02
1.642999947071075439e-01,3.873446044921875000e+03,2.897999878041446209e-02
1.643999963998794556e-01,3.873104492187500000e+03,2.901145792566239834e-02
1.644999980926513672e-01,3.872761413574218750e+03,2.904292312450706959e-02
1.645999997854232788e-01,3.872417053222656250e+03,2.907439600676298141e-02
1.647000014781951904e-01,3.872071838378906250e+03,2.910587086807936430e-02
1.648000031709671021e-01,3.871725891113281250e+03,2.913735131733119488e-02
1.649000048637390137e-01,3.871378601074218750e+03,2.916883560828864574e-02
1.650000065565109253e-01,3.871029724121093750e+03,2.920033142436295748e-02
1.650999933481216431e-01,3.870678955078125000e+03,2.923183515667915344e-02
1.651999950408935547e-01,3.870326721191406250e+03,2.926334680523723364e-02
1.652999967336654663e-01,3.869973327636718750e+03,2.929486427456140518e-02
1.653999984264373779e-01,3.869618896484375000e+03,2.932638768106698990e-02
1.655000001192092896e-01,3.869263610839843750e+03,2.935791492927819490e-02
1.656000018119812012e-01,3.868907531738281250e+03,2.938944590277969837e-02
1.657000035047531128e-01,3.868550781250000000e+03,2.942098060157150030e-02
1.658000051975250244e-01,3.868193481445312500e+03,2.945251704659312963e-02
1.659000068902969360e-01,3.867833984375000000e+03,2.948406850919127464e-02
1.659999936819076538e-01,3.867471252441406250e+03,2.951563941314816475e-02
1.660999953746795654e-01,3.867102233886718750e+03,2.954724931623786688e-02
1.661999970674514771e-01,3.866725097656250000e+03,2.957889938261359930e-02
1.662999987602233887e-01,3.866340148925781250e+03,2.961059776134788990e-02
1.664000004529953003e-01,3.865946289062500000e+03,2.964234468527138233e-02
1.665000021457672119e-01,3.865542602539062500e+03,2.967414422892034054e-02
1.666000038385391235e-01,3.865128967285156250e+03,2.970600046683102846e-02
1.667000055313110352e-01,3.864706237792968750e+03,2.973790187388658524e-02
1.668000072240829468e-01,3.864275817871093750e+03,2.976984437555074692e-02
1.668999940156936646e-01,3.863839111328125000e+03,2.980181958992034197e-02
1.669999957084655762e-01,3.863397216796875000e+03,2.983381971716880798e-02
1.670999974012374878e-01,3.862950988769531250e+03,2.986584405880421400e-02
1.671999990940093994e-01,3.862501220703125000e+03,2.989788481499999762e-02
1.673000007867813110e-01,3.862048889160156250e+03,2.992993779480457306e-02
1.674000024795532227e-01,3.861594299316406250e+03,2.996200276538729668e-02
1.675000041723251343e-01,3.861137756347656250e+03,2.999407926108688116e-02
1.676000058650970459e-01,3.860679687500000000e+03,3.002615994773805141e-02
1.676999926567077637e-01,3.860220520019531250e+03,3.005824447609484196e-02
1.677999943494796753e-01,3.859760314941406250e+03,3.009033645503222942e-02
1.678999960422515869e-01,3.859299133300781250e+03,3.012242843396961689e-02
1.679999977350234985e-01,3.858837219238281250e+03,3.015452786348760128e-02
1.680999994277954102e-01,3.858374206542968750e+03,3.018663101829588413e-02
1.682000011205673218e-01,3.857910644531250000e+03,3.021873778197914362e-02
1.683000028133392334e-01,3.857446594238281250e+03,3.025084442924708128e-02
1.684000045061111450e-01,3.856981933593750000e+03,3.028295841068029404e-02
1.685000061988830566e-01,3.856517089843750000e+03,3.031506831757724285e-02
1.685999929904937744e-01,3.856052001953125000e+03,3.034718160051852465e-02
1.686999946832656860e-01,3.855586791992187500e+03,3.037929441779851913e-02
1.687999963760375977e-01,3.855121215820312500e+03,3.041140700224786997e-02
1.688999980688095093e-01,3.854655395507812500e+03,3.044352307915687561e-02
1.689999997615814209e-01,3.854189270019531250e+03,3.047564264852553606e-02
1.691000014543533325e-01,3.853723022460937500e+03,3.050775814335793257e-02
1.692000031471252441e-01,3.853256835937500000e+03,3.053987317252904177e-02
1.693000048398971558e-01,3.852789916992187500e+03,3.057199530303478241e-02
1.694000065326690674e-01,3.852321899414062500e+03,3.060412127524614334e-02
1.694999933242797852e-01,3.851853088378906250e+03,3.063625458162277937e-02
1.695999950170516968e-01,3.851383728027343750e+03,3.066838800441473722e-02
1.696999967098236084e-01,3.850913757324218750e+03,3.070052503608167171e-02
1.697999984025955200e-01,3.850442993164062500e+03,3.073266951832920313e-02
1.699000000953674316e-01,3.849971130371093750e+03,3.076481795869767666e-02
1.700000017881393433e-01,3.849498779296875000e+03,3.079697035718709230e-02
1.701000034809112549e-01,3.849025634765625000e+03,3.082913008984178305e-02
1.702000051736831665e-01,3.848549682617187500e+03,3.086130146402865648e-02
1.703000068664550781e-01,3.848068115234375000e+03,3.089351521339267492e-02
1.703999936580657959e-01,3.847579223632812500e+03,3.092576900962740183e-02
1.704999953508377075e-01,3.847080078125000000e+03,3.095808241050690413e-02
1.705999970436096191e-01,3.846570312500000000e+03,3.099045262206345797e-02
1.706999987363815308e-01,3.846049133300781250e+03,3.102289140224456787e-02
1.708000004291534424e-01,3.845516845703125000e+03,3.105539130046963692e-02
1.709000021219253540e-01,3.844974670410156250e+03,3.108794067520648241e-02
1.710000038146972656e-01,3.844424011230468750e+03,3.112053498625755310e-02
1.711000055074691772e-01,3.843866455078125000e+03,3.115316620096564293e-02
1.712000072002410889e-01,3.843302978515625000e+03,3.118582605384290218e-02
1.712999939918518066e-01,3.842733764648437500e+03,3.121851815376430750e-02
1.713999956846237183e-01,3.842159851074218750e+03,3.125123446807265282e-02
1.714999973773956299e-01,3.841581970214843750e+03,3.128396731335669756e-02
1.715999990701675415e-01,3.841001159667968750e+03,3.131671994924545288e-02
1.717000007629394531e-01,3.840417785644531250e+03,3.134948457591235638e-02
1.718000024557113647e-01,3.839832275390625000e+03,3.138225735165178776e-02
1.719000041484832764e-01,3.839244262695312500e+03,3.141504549421370029e-02
1.720000058412551880e-01,3.838653869628906250e+03,3.144784551113843918e-02
1.720999926328659058e-01,3.838061584472656250e+03,3.148065740242600441e-02
1.721999943256378174e-01,3.837467834472656250e+03,3.151347348466515541e-02
1.722999960184097290e-01,3.836872802734375000e+03,3.154629725031554699e-02
1.723999977111816406e-01,3.836276977539062500e+03,3.157912846654653549e-02
1.724999994039535522e-01,3.835680358886718750e+03,3.161195968277752399e-02
1.726000010967254639e-01,3.835083068847656250e+03,3.164479846600443125e-02
1.727000027894973755e-01,3.834484863281250000e+03,3.167764097452163696e-02
1.728000044822692871e-01,3.833886352539062500e+03,3.171048359945416451e-02
1.729000061750411987e-01,3.833287475585937500e+03,3.174332971684634686e-02
1.729999929666519165e-01,3.832688720703125000e+03,3.177617560140788555e-02
1.730999946594238281e-01,3.832089904785156250e+03,3.180902102030813694e-02
1.731999963521957397e-01,3.831491149902343750e+03,3.184186248108744621e-02
1.732999980449676514e-01,3.830892639160156250e+03,3.187470708508044481e-02
1.733999997377395630e-01,3.830294250488281250e+03,3.190754749812185764e-02
1.735000014305114746e-01,3.829696350097656250e+03,3.194038744550198317e-02
1.736000031232833862e-01,3.829098083496093750e+03,3.197323076892644167e-02
1.737000048160552979e-01,3.828499206542968750e+03,3.200607770122587681e-02
1.738000065088272095e-01,3.827899841308593750e+03,3.203892824240028858e-02
1.738999933004379272e-01,3.827299316406250000e+03,3.207178635057061911e-02
1.739999949932098389e-01,3.826696838378906250e+03,3.210465598385781050e-02
1.740999966859817505e-01,3.826091796875000000e+03,3.213754110038280487e-02
1.741999983787536621e-01,3.825484497070312500e+03,3.217043809127062559e-02
1.743000000715255737e-01,3.824875122070312500e+03,3.220334311481565237e-02
1.744000017642974854e-01,3.824264160156250000e+03,3.223625966347754002e-02
1.745000034570693970e-01,3.823651306152343750e+03,3.226918401196599007e-02
1.746000051498413086e-01,3.823035461425781250e+03,3.230212768539786339e-02
1.747000068426132202e-01,3.822416198730468750e+03,3.233509103301912546e-02
1.747999936342239380e-01,3.821794189453125000e+03,3.236806660424917936e-02
1.748999953269958496e-01,3.821169799804687500e+03,3.240105789154767990e-02
1.749999970197677612e-01,3.820543518066406250e+03,3.243405348621308804e-02
1.750999987125396729e-01,3.819915893554687500e+03,3.246706048958003521e-02
1.752000004053115845e-01,3.819287292480468750e+03,3.250006760936230421e-02
1.753000020980834961e-01,3.818657775878906250e+03,3.253308194689452648e-02
1.754000037908554077e-01,3.818028076171875000e+03,3.256609616801142693e-02
1.755000054836273193e-01,3.817398193359375000e+03,3.259910631459206343e-02
1.756000071763992310e-01,3.816768005371093750e+03,3.263212344609200954e-02
1.756999939680099487e-01,3.816136291503906250e+03,3.266514779534190893e-02
1.757999956607818604e-01,3.815503051757812500e+03,3.269817971158772707e-02
1.758999973535537720e-01,3.814868286132812500e+03,3.273121919482946396e-02
1.759999990463256836e-01,3.814232421875000000e+03,3.276426647789776325e-02
1.761000007390975952e-01,3.813595520019531250e+03,3.279732109513133764e-02
1.762000024318695068e-01,3.812957946777343750e+03,3.283037559594959021e-02
1.763000041246414185e-01,3.812319702148437500e+03,3.286343382205814123e-02
1.764000058174133301e-01,3.811679321289062500e+03,3.289650729857385159e-02
1.764999926090240479e-01,3.811035766601562500e+03,3.292960405815392733e-02
1.765999943017959595e-01,3.810388977050781250e+03,3.296271665021777153e-02
1.766999959945678711e-01,3.809738952636718750e+03,3.299585275817662477e-02
1.767999976873397827e-01,3.809083435058593750e+03,3.302902006544172764e-02
1.768999993801116943e-01,3.808421691894531250e+03,3.306222334504127502e-02
1.770000010728836060e-01,3.807753417968750000e+03,3.309546282980591059e-02
1.771000027656555176e-01,3.807078918457031250e+03,3.312873479444533587e-02
1.772000044584274292e-01,3.806399291992187500e+03,3.316203516442328691e-02
1.773000061511993408e-01,3.805712524414062500e+03,3.319537930656224489e-02
1.773999929428100586e-01,3.805017272949218750e+03,3.322877548635005951e-02
1.774999946355819702e-01,3.804314147949218750e+03,3.326221252791583538e-02
1.775999963283538818e-01,3.803604309082031250e+03,3.329568612389266491e-02
1.776999980211257935e-01,3.802889099121093750e+03,3.332918835803866386e-02
1.777999997138977051e-01,3.802169738769531250e+03,3.336271096486598253e-02
1.779000014066696167e-01,3.801446105957031250e+03,3.339625755324959755e-02
1.780000030994415283e-01,3.800718933105468750e+03,3.342982416506856680e-02
1.781000047922134399e-01,3.799988830566406250e+03,3.346340311691164970e-02
1.782000064849853516e-01,3.799256530761718750e+03,3.349699405953288078e-02
1.782999932765960693e-01,3.798522399902343750e+03,3.353059676010161638e-02
1.783999949693679810e-01,3.797787048339843750e+03,3.356420330237597227e-02
1.784999966621398926e-01,3.797050720214843750e+03,3.359781368635594845e-02
1.785999983549118042e-01,3.796313720703125000e+03,3.363143163733184338e-02
1.787000000476837158e-01,3.795575805664062500e+03,3.366505319718271494e-02
1.788000017404556274e-01,3.794837585449218750e+03,3.369867464061826468e-02
1.789000034332275391e-01,3.794098510742187500e+03,3.373230341821908951e-02
1.790000051259994507e-01,3.793359130859375000e+03,3.376593580469489098e-02
1.791000068187713623e-01,3.792619567871093750e+03,3.379956411663442850e-02
1.791999936103820801e-01,3.791880065917968750e+03,3.383319580461829901e-02
1.792999953031539917e-01,3.791140808105468750e+03,3.386682691052556038e-02
1.793999969959259033e-01,3.790401855468750000e+03,3.390044998377561569e-02
1.794999986886978149e-01,3.789663452148437500e+03,3.393407620023936033e-02
1.796000003814697266e-01,3.788925292968750000e+03,3.396769799292087555e-02
1.797000020742416382e-01,3.788187805175781250e+03,3.400131536182016134e-02
1.798000037670135498e-01,3.787449645996093750e+03,3.403493610676378012e-02
1.799000054597854614e-01,3.786710510253906250e+03,3.406856814399361610e-02
1.800000071525573730e-01,3.785970275878906250e+03,3.410220029763877392e-02
1.800999939441680908e-01,3.785228942871093750e+03,3.413584397640079260e-02
1.801999956369400024e-01,3.784486755371093750e+03,3.416949149686843157e-02
1.802999973297119141e-01,3.783744079589843750e+03,3.420314285904169083e-02
1.803999990224838257e-01,3.783000915527343750e+03,3.423679398838430643e-02
1.805000007152557373e-01,3.782257934570312500e+03,3.427044849377125502e-02
1.806000024080276489e-01,3.781514953613281250e+03,3.430410264991223812e-02
1.807000041007995605e-01,3.780772277832031250e+03,3.433775249868631363e-02
1.808000057935714722e-01,3.780029846191406250e+03,3.437140176538378000e-02
1.808999925851821899e-01,3.779288085937500000e+03,3.440504672471433878e-02
1.809999942779541016e-01,3.778546569824218750e+03,3.443868737667798996e-02
1.810999959707260132e-01,3.777805786132812500e+03,3.447232721373438835e-02
1.811999976634979248e-01,3.777065673828125000e+03,3.450596635229885578e-02
1.812999993562698364e-01,3.776326171875000000e+03,3.453959734179079533e-02
1.814000010490417480e-01,3.775586791992187500e+03,3.457323135808110237e-02
1.815000027418136597e-01,3.774845703125000000e+03,3.460687247570604086e-02
1.816000044345855713e-01,3.774102539062500000e+03,3.464053268544375896e-02
1.817000061273574829e-01,3.773357177734375000e+03,3.467420069500803947e-02
1.817999929189682007e-01,3.772609252929687500e+03,3.470788442064076662e-02
1.818999946117401123e-01,3.771857482910156250e+03,3.474159527104347944e-02
1.819999963045120239e-01,3.771102172851562500e+03,3.477532602846622467e-02
1.820999979972839355e-01,3.770343261718750000e+03,3.480907669290900230e-02
1.821999996900558472e-01,3.769581481933593750e+03,3.484283946454524994e-02
1.823000013828277588e-01,3.768817443847656250e+03,3.487661771941930056e-02
1.824000030755996704e-01,3.768051940917968750e+03,3.491040016524493694e-02
1.825000047683715820e-01,3.767285278320312500e+03,3.494419017806649208e-02
1.826000064611434937e-01,3.766517822265625000e+03,3.497798007447272539e-02
1.826999932527542114e-01,3.765749938964843750e+03,3.501177718862891197e-02
1.827999949455261230e-01,3.764982177734375000e+03,3.504557022824883461e-02
1.828999966382980347e-01,3.764211914062500000e+03,3.507938201073557138e-02
1.829999983310699463e-01,3.763436645507812500e+03,3.511322499252855778e-02
1.831000000238418579e-01,3.762655761718750000e+03,3.514710371382534504e-02
1.832000017166137695e-01,3.761869201660156250e+03,3.518101095687597990e-02
1.833000034093856812e-01,3.761077880859375000e+03,3.521494998130947351e-02
1.834000051021575928e-01,3.760282653808593750e+03,3.524890542030334473e-02
1.835000067949295044e-01,3.759484252929687500e+03,3.528287715744227171e-02
1.835999935865402222e-01,3.758683471679687500e+03,3.531686449423432350e-02
1.836999952793121338e-01,3.757880798339843750e+03,3.535085986368358135e-02
1.837999969720840454e-01,3.757076904296875000e+03,3.538486303295940161e-02
1.838999986648559570e-01,3.756271789550781250e+03,3.541887365281581879e-02
1.840000003576278687e-01,3.755466186523437500e+03,3.545288427267223597e-02
1.841000020503997803e-01,3.754660095214843750e+03,3.548689465969800949e-02
1.842000037431716919e-01,3.753853820800781250e+03,3.552091214805841446e-02
1.843000054359436035e-01,3.753047424316406250e+03,3.555492544546723366e-02
1.844000071287155151e-01,3.752241210937500000e+03,3.558893827721476555e-02
1.844999939203262329e-01,3.751432250976562500e+03,3.562297392636537552e-02
1.845999956130981445e-01,3.750617126464843750e+03,3.565705241635441780e-02
1.846999973058700562e-01,3.749793518066406250e+03,3.569117875304073095e-02
1.847999989986419678e-01,3.748961669921875000e+03,3.572534956037998199e-02
1.849000006914138794e-01,3.748122497558593750e+03,3.575956064742058516e-02
1.850000023841857910e-01,3.747277282714843750e+03,3.579380409792065620e-02
1.851000040769577026e-01,3.746426574707031250e+03,3.582807572092860937e-02
1.852000057697296143e-01,3.745571960449218750e+03,3.586236387491226196e-02
1.852999925613403320e-01,3.744714111328125000e+03,3.589667170308530331e-02
1.853999942541122437e-01,3.743853698730468750e+03,3.593099140562117100e-02
1.854999959468841553e-01,3.742991516113281250e+03,3.596531914081424475e-02
1.855999976396560669e-01,3.742127136230468750e+03,3.599965816829353571e-02
1.856999993324279785e-01,3.741261230468750000e+03,3.603400499559938908e-02
1.858000010251998901e-01,3.740394165039062500e+03,3.606835950631648302e-02
1.859000027179718018e-01,3.739526062011718750e+03,3.610271413344889879e-02
1.860000044107437134e-01,3.738657287597656250e+03,3.613707597833126783e-02
1.861000061035156250e-01,3.737788330078125000e+03,3.617143759038299322e-02
1.861999928951263428e-01,3.736918701171875000e+03,3.620580269489437342e-02
1.862999945878982544e-01,3.736048583984375000e+03,3.624017129186540842e-02
1.863999962806701660e-01,3.735178039550781250e+03,3.627453977242112160e-02
1.864999979734420776e-01,3.734305480957031250e+03,3.630892687942832708e-02
1.865999996662139893e-01,3.733429443359375000e+03,3.634333366062492132e-02
1.867000013589859009e-01,3.732548889160156250e+03,3.637776826508343220e-02
1.868000030517578125e-01,3.731664245605468750e+03,3.641223045997321606e-02
1.869000047445297241e-01,3.730776428222656250e+03,3.644670872017741203e-02
1.870000064373016357e-01,3.729886108398437500e+03,3.648119908757507801e-02
1.870999932289123535e-01,3.728994201660156250e+03,3.651570121292024851e-02
1.871999949216842651e-01,3.728100769042968750e+03,3.655021090526133776e-02
1.872999966144561768e-01,3.727206420898437500e+03,3.658472443930804729e-02
1.873999983072280884e-01,3.726311218261718750e+03,3.661924158222973347e-02
1.875000000000000000e-01,3.725415588378906250e+03,3.665375849232077599e-02
1.876000016927719116e-01,3.724519714355468750e+03,3.668827877845615149e-02
1.877000033855438232e-01,3.723623840332031250e+03,3.672280232422053814e-02
1.878000050783157349e-01,3.722727844238281250e+03,3.675732179544866085e-02
1.879000067710876465e-01,3.721831909179687500e+03,3.679184068460017443e-02
1.879999935626983643e-01,3.720936462402343750e+03,3.682635899167507887e-02
1.880999952554702759e-01,3.720041076660156250e+03,3.686087287496775389e-02
1.881999969482421875e-01,3.719145568847656250e+03,3.689539001788944006e-02
1.882999986410140991e-01,3.718249328613281250e+03,3.692991798743605614e-02
1.884000003337860107e-01,3.717352111816406250e+03,3.696444595698267221e-02
1.885000020265579224e-01,3.716454162597656250e+03,3.699898126069456339e-02
1.886000037193298340e-01,3.715555969238281250e+03,3.703351633157581091e-02
1.887000054121017456e-01,3.714657348632812500e+03,3.706805501133203506e-02
1.888000071048736572e-01,3.713758239746093750e+03,3.710259345825761557e-02
1.888999938964843750e-01,3.712859130859375000e+03,3.713713528122752905e-02
1.889999955892562866e-01,3.711959533691406250e+03,3.717168059665709734e-02
1.890999972820281982e-01,3.711058776855468750e+03,3.720623347908258438e-02
1.891999989748001099e-01,3.710155578613281250e+03,3.724080161191523075e-02
1.893000006675720215e-01,3.709249450683593750e+03,3.727538941893726587e-02
1.894000023603439331e-01,3.708340576171875000e+03,3.730998933315277100e-02
1.895000040531158447e-01,3.707429626464843750e+03,3.734460112173110247e-02
1.896000057458877563e-01,3.706516845703125000e+03,3.737922455184161663e-02
1.897000074386596680e-01,3.705602539062500000e+03,3.741385578177869320e-02
1.897999942302703857e-01,3.704687194824218750e+03,3.744849457871168852e-02
1.898999959230422974e-01,3.703770996093750000e+03,3.748313710093498230e-02
1.899999976158142090e-01,3.702854064941406250e+03,3.751777950674295425e-02
1.900999993085861206e-01,3.701936340332031250e+03,3.755242947954684496e-02
1.902000010013580322e-01,3.701017944335937500e+03,3.758708690293133259e-02
1.903000026941299438e-01,3.700099121093750000e+03,3.762174432631582022e-02
1.904000043869018555e-01,3.699179809570312500e+03,3.765640151686966419e-02
1.905000060796737671e-01,3.698258666992187500e+03,3.769107768312096596e-02
1.905999928712844849e-01,3.697334777832031250e+03,3.772577329073101282e-02
1.906999945640563965e-01,3.696407592773437500e+03,3.776048868894577026e-02
1.907999962568283081e-01,3.695477355957031250e+03,3.779521991964429617e-02
1.908999979496002197e-01,3.694544555664062500e+03,3.782996314112097025e-02
1.909999996423721313e-01,3.693608154296875000e+03,3.786473372019827366e-02
1.911000013351440430e-01,3.692667053222656250e+03,3.789953212253749371e-02
1.912000030279159546e-01,3.691721435546875000e+03,3.793435439001768827e-02
1.913000047206878662e-01,3.690772094726562500e+03,3.796920052263885736e-02
1.914000064134597778e-01,3.689819702148437500e+03,3.800405876245349646e-02
1.914999932050704956e-01,3.688865051269531250e+03,3.803892887663096189e-02
1.915999948978424072e-01,3.687908813476562500e+03,3.807380679063498974e-02
1.916999965906143188e-01,3.686951110839843750e+03,3.810869238805025816e-02
1.917999982833862305e-01,3.685992736816406250e+03,3.814357775263488293e-02
1.918999999761581421e-01,3.685033752441406250e+03,3.817847045138478279e-02
1.920000016689300537e-01,3.684074584960937500e+03,3.821335907559841871e-02
1.921000033617019653e-01,3.683114318847656250e+03,3.824825480114668608e-02
1.922000050544738770e-01,3.682153381347656250e+03,3.828315797727555037e-02
1.923000067472457886e-01,3.681191894531250000e+03,3.831806080415844917e-02
1.923999935388565063e-01,3.680230163574218750e+03,3.835296723991632462e-02
1.924999952316284180e-01,3.679268249511718750e+03,3.838787321001291275e-02
1.925999969244003296e-01,3.678306335449218750e+03,3.842277883086353540e-02
1.926999986171722412e-01,3.677344665527343750e+03,3.845768014434725046e-02
1.928000003099441528e-01,3.676383239746093750e+03,3.849258460104465485e-02
1.929000020027160645e-01,3.675422058105468750e+03,3.852748475037515163e-02
1.930000036954879761e-01,3.674461303710937500e+03,3.856238431762903929e-02
1.931000053882598877e-01,3.673500915527343750e+03,3.859727946110069752e-02
1.932000070810317993e-01,3.672540527343750000e+03,3.863217786420136690e-02
1.932999938726425171e-01,3.671578735351562500e+03,3.866708755958825350e-02
1.933999955654144287e-01,3.670614929199218750e+03,3.870201250538229942e-02
1.934999972581863403e-01,3.669649047851562500e+03,3.873694536741822958e-02
1.935999989509582520e-01,3.668681213378906250e+03,3.877189359627664089e-02
1.937000006437301636e-01,3.667708923339843750e+03,3.880687244236469269e-02
1.938000023365020752e-01,3.666730773925781250e+03,3.884188679512590170e-02
1.939000040292739868e-01,3.665746154785156250e+03,3.887693688739091158e-02
1.940000057220458984e-01,3.664755859375000000e+03,3.891201899386942387e-02
1.941000074148178101e-01,3.663760375976562500e+03,3.894712519831955433e-02
1.941999942064285278e-01,3.662760131835937500e+03,3.898225910961627960e-02
1.942999958992004395e-01,3.661756225585937500e+03,3.901741292793303728e-02
1.943999975919723511e-01,3.660748901367187500e+03,3.905258257873356342e-02
1.944999992847442627e-01,3.659739074707031250e+03,3.908776782918721437e-02
1.946000009775161743e-01,3.658727111816406250e+03,3.912296099588274956e-02
1.947000026702880859e-01,3.657713073730468750e+03,3.915816568769514561e-02
1.948000043630599976e-01,3.656694030761718750e+03,3.919340472202748060e-02
1.949000060558319092e-01,3.655668395996093750e+03,3.922867949586361647e-02
1.949999928474426270e-01,3.654636108398437500e+03,3.926399408373981714e-02
1.950999945402145386e-01,3.653597717285156250e+03,3.929934464395046234e-02
1.951999962329864502e-01,3.652554382324218750e+03,3.933471941854804754e-02
1.952999979257583618e-01,3.651507141113281250e+03,3.937011433299630880e-02
1.953999996185302734e-01,3.650456542968750000e+03,3.940552903804928064e-02
1.955000013113021851e-01,3.649402526855468750e+03,3.944096330087631941e-02
1.956000030040740967e-01,3.648345336914062500e+03,3.947641339618712664e-02
1.957000046968460083e-01,3.647285888671875000e+03,3.951187536586076021e-02
1.958000063896179199e-01,3.646224304199218750e+03,3.954734920989722013e-02
1.958999931812286377e-01,3.645160888671875000e+03,3.958283446263521910e-02
1.959999948740005493e-01,3.644095642089843750e+03,3.961833158973604441e-02
1.960999965667724609e-01,3.643028625488281250e+03,3.965384047478437424e-02
1.961999982595443726e-01,3.641959350585937500e+03,3.968936495948582888e-02
1.962999999523162842e-01,3.640887695312500000e+03,3.972490155138075352e-02
1.964000016450881958e-01,3.639814208984375000e+03,3.976045374292880297e-02
1.965000033378601074e-01,3.638739501953125000e+03,3.979600989259779453e-02
1.966000050306320190e-01,3.637663696289062500e+03,3.983157360926270485e-02
1.967000067234039307e-01,3.636586853027343750e+03,3.986714105121791363e-02
1.967999935150146484e-01,3.635508789062500000e+03,3.990272001828998327e-02
1.968999952077865601e-01,3.634429260253906250e+03,3.993830678518861532e-02
1.969999969005584717e-01,3.633348571777343750e+03,3.997390123549848795e-02
1.970999985933303833e-01,3.632266662597656250e+03,4.000950709450989962e-02
1.972000002861022949e-01,3.631184204101562500e+03,4.004511283710598946e-02
1.973000019788742065e-01,3.630101196289062500e+03,4.008072230499237776e-02
1.974000036716461182e-01,3.629018005371093750e+03,4.011633514892309904e-02
1.975000053644180298e-01,3.627934631347656250e+03,4.015194764360785484e-02
1.976000070571899414e-01,3.626851257324218750e+03,4.018756351433694363e-02
1.976999938488006592e-01,3.625767822265625000e+03,4.022317519411444664e-02
1.977999955415725708e-01,3.624683654785156250e+03,4.025879793334752321e-02
1.978999972343444824e-01,3.623598815917968750e+03,4.029442067258059978e-02
1.979999989271163940e-01,3.622513366699218750e+03,4.033005062956362963e-02
1.981000006198883057e-01,3.621427795410156250e+03,4.036568035371601582e-02
1.982000023126602173e-01,3.620342041015625000e+03,4.040130961220711470e-02
1.983000040054321289e-01,3.619256347656250000e+03,4.043693852145224810e-02
1.984000056982040405e-01,3.618170166015625000e+03,4.047257441561669111e-02
1.985000073909759521e-01,3.617082885742187500e+03,4.050821380224078894e-02
1.985999941825866699e-01,3.615994628906250000e+03,4.054386063944548368e-02
1.986999958753585815e-01,3.614905639648437500e+03,4.057951492723077536e-02
1.987999975681304932e-01,3.613815551757812500e+03,4.061516909860074520e-02
1.988999992609024048e-01,3.612724548339843750e+03,4.065083060413599014e-02
1.990000009536743164e-01,3.611632751464843750e+03,4.068649571854621172e-02
1.991000026464462280e-01,3.610540588378906250e+03,4.072216444183140993e-02
1.992000043392181396e-01,3.609447814941406250e+03,4.075783654116094112e-02
1.993000060319900513e-01,3.608354370117187500e+03,4.079351224936544895e-02
1.993999928236007690e-01,3.607260009765625000e+03,4.082919168286025524e-02
1.994999945163726807e-01,3.606165283203125000e+03,4.086487460881471634e-02
1.995999962091445923e-01,3.605067810058593750e+03,4.090058442670851946e-02
1.996999979019165039e-01,3.603965759277343750e+03,4.093632183503359556e-02
1.997999995946884155e-01,3.602859558105468750e+03,4.097208706662058830e-02
1.999000012874603271e-01,3.601749023437500000e+03,4.100787232164293528e-02
2.000000029802322388e-01,3.600635314941406250e+03,4.104368120897561312e-02
2.001000046730041504e-01,3.599518981933593750e+03,4.107949824538081884e-02
2.002000063657760620e-01,3.598400573730468750e+03,4.111532703973352909e-02
2.002999931573867798e-01,3.597280883789062500e+03,4.115116724278777838e-02
2.003999948501586914e-01,3.596160034179687500e+03,4.118700756225734949e-02
2.004999965429306030e-01,3.595038574218750000e+03,4.122285509947687387e-02
2.005999982357025146e-01,3.593916870117187500e+03,4.125870252028107643e-02
2.006999999284744263e-01,3.592794738769531250e+03,4.129454947542399168e-02
2.008000016212463379e-01,3.591672729492187500e+03,4.133039596490561962e-02
2.009000033140182495e-01,3.590550903320312500e+03,4.136624198872596025e-02
2.010000050067901611e-01,3.589428710937500000e+03,4.140209138859063387e-02
2.011000066995620728e-01,3.588305297851562500e+03,4.143795184791088104e-02
2.011999934911727905e-01,3.587179870605468750e+03,4.147382755763828754e-02
2.012999951839447021e-01,3.586052734375000000e+03,4.150971106719225645e-02
2.013999968767166138e-01,3.584923828125000000e+03,4.154560610186308622e-02
2.014999985694885254e-01,3.583793640136718750e+03,4.158150497823953629e-02
2.016000002622604370e-01,3.582662658691406250e+03,4.161741118878126144e-02
2.017000019550323486e-01,3.581531005859375000e+03,4.165332100819796324e-02
2.018000036478042603e-01,3.580397827148437500e+03,4.168923839461058378e-02
2.019000053405761719e-01,3.579262084960937500e+03,4.172517510596662760e-02
2.020000070333480835e-01,3.578123596191406250e+03,4.176112764980643988e-02
2.020999938249588013e-01,3.576982055664062500e+03,4.179709986783564091e-02
2.021999955177307129e-01,3.575838195800781250e+03,4.183308791834861040e-02
2.022999972105026245e-01,3.574691955566406250e+03,4.186909156851470470e-02
2.023999989032745361e-01,3.573543518066406250e+03,4.190510697662830353e-02
2.025000005960464478e-01,3.572393615722656250e+03,4.194113030098378658e-02
2.026000022888183594e-01,3.571242431640625000e+03,4.197716142516583204e-02
2.027000039815902710e-01,3.570090576171875000e+03,4.201319988351315260e-02
2.028000056743621826e-01,3.568938110351562500e+03,4.204923834186047316e-02
2.029000073671340942e-01,3.567783630371093750e+03,4.208529961761087179e-02
2.029999941587448120e-01,3.566625793457031250e+03,4.212138080038130283e-02
2.030999958515167236e-01,3.565464294433593750e+03,4.215748561546206474e-02
2.031999975442886353e-01,3.564295532226562500e+03,4.219364468008279800e-02
2.032999992370605469e-01,3.563115966796875000e+03,4.222987475804984570e-02
2.034000009298324585e-01,3.561925354003906250e+03,4.226616909727454185e-02
2.035000026226043701e-01,3.560724426269531250e+03,4.230251593980938196e-02
2.036000043153762817e-01,3.559514953613281250e+03,4.233891481999307871e-02
2.037000060081481934e-01,3.558298095703125000e+03,4.237535397987812757e-02
2.037999927997589111e-01,3.557075073242187500e+03,4.241182538680732250e-02
2.038999944925308228e-01,3.555847229003906250e+03,4.244832461699843407e-02
2.039999961853027344e-01,3.554615539550781250e+03,4.248484002891927958e-02
2.040999978780746460e-01,3.553381103515625000e+03,4.252137127332389355e-02
2.041999995708465576e-01,3.552144531250000000e+03,4.255791415926069021e-02
2.043000012636184692e-01,3.550906555175781250e+03,4.259446100331842899e-02
2.044000029563903809e-01,3.549667358398437500e+03,4.263101902324706316e-02
2.045000046491622925e-01,3.548427429199218750e+03,4.266757692676037550e-02
2.046000063419342041e-01,3.547187316894531250e+03,4.270413459744304419e-02
2.046999931335449219e-01,3.545946838378906250e+03,4.274069552775472403e-02
2.047999948263168335e-01,3.544706542968750000e+03,4.277725599240511656e-02
2.048999965190887451e-01,3.543466491699218750e+03,4.281381226610392332e-02
2.049999982118606567e-01,3.542226684570312500e+03,4.285036784131079912e-02
2.050999999046325684e-01,3.540987548828125000e+03,4.288691899273544550e-02
2.052000015974044800e-01,3.539748779296875000e+03,4.292347317095845938e-02
2.053000032901763916e-01,3.538509887695312500e+03,4.296002676710486412e-02
2.054000049829483032e-01,3.537271057128906250e+03,4.299658001400530338e-02
2.055000066757202148e-01,3.536032226562500000e+03,4.303313279524445534e-02
2.055999934673309326e-01,3.534793640136718750e+03,4.306968499440699816e-02
2.056999951601028442e-01,3.533555847167968750e+03,4.310623276978731155e-02
2.057999968528747559e-01,3.532318359375000000e+03,4.314277984667569399e-02
2.058999985456466675e-01,3.531081848144531250e+03,4.317932238336652517e-02
2.060000002384185791e-01,3.529845947265625000e+03,4.321586049627512693e-02
2.061000019311904907e-01,3.528611083984375000e+03,4.325239022728055716e-02
2.062000036239624023e-01,3.527377258300781250e+03,4.328891914337873459e-02
2.063000053167343140e-01,3.526144226074218750e+03,4.332543979398906231e-02
2.064000070095062256e-01,3.524912231445312500e+03,4.336195939686149359e-02
2.064999938011169434e-01,3.523681457519531250e+03,4.339847085066139698e-02
2.065999954938888550e-01,3.522451721191406250e+03,4.343497380614280701e-02
2.066999971866607666e-01,3.521222961425781250e+03,4.347147210501134396e-02
2.067999988794326782e-01,3.519995544433593750e+03,4.350796574726700783e-02
2.069000005722045898e-01,3.518769165039062500e+03,4.354445112403482199e-02
2.070000022649765015e-01,3.517544128417968750e+03,4.358093172777444124e-02
2.071000039577484131e-01,3.516320129394531250e+03,4.361740767490118742e-02
2.072000056505203247e-01,3.515097351074218750e+03,4.365387512370944023e-02
2.073000073432922363e-01,3.513875854492187500e+03,4.369033430702984333e-02
2.073999941349029541e-01,3.512655273437500000e+03,4.372679255902767181e-02
2.074999958276748657e-01,3.511435241699218750e+03,4.376324638724327087e-02
2.075999975204467773e-01,3.510215942382812500e+03,4.379969963338226080e-02
2.076999992132186890e-01,3.508997314453125000e+03,4.383614845573902130e-02
2.078000009059906006e-01,3.507779785156250000e+03,4.387259273789823055e-02
2.079000025987625122e-01,3.506561889648437500e+03,4.390904016327112913e-02
2.080000042915344238e-01,3.505342529296875000e+03,4.394549899734556675e-02
2.081000059843063354e-01,3.504120971679687500e+03,4.398197343107312918e-02
2.081999927759170532e-01,3.502897216796875000e+03,4.401846334803849459e-02
2.082999944686889648e-01,3.501671752929687500e+03,4.405496118124574423e-02
2.083999961614608765e-01,3.500445129394531250e+03,4.409146681427955627e-02
2.084999978542327881e-01,3.499217529296875000e+03,4.412798001430928707e-02
2.085999995470046997e-01,3.497989440917968750e+03,4.416449682321399450e-02
2.087000012397766113e-01,3.496761169433593750e+03,4.420101339928805828e-02
2.088000029325485229e-01,3.495532714843750000e+03,4.423752974253147840e-02
2.089000046253204346e-01,3.494303588867187500e+03,4.427405702881515026e-02
2.090000063180923462e-01,3.493072753906250000e+03,4.431059560738503933e-02
2.090999931097030640e-01,3.491839843750000000e+03,4.434714582748711109e-02
2.091999948024749756e-01,3.490605468750000000e+03,4.438370384741574526e-02
2.092999964952468872e-01,3.489369445800781250e+03,4.442027711775153875e-02
2.093999981880187988e-01,3.488132263183593750e+03,4.445685422979295254e-02
2.094999998807907104e-01,3.486894470214843750e+03,4.449343506712466478e-02
2.096000015735626221e-01,3.485656188964843750e+03,4.453002312220633030e-02
2.097000032663345337e-01,3.484417846679687500e+03,4.456661082804203033e-02
2.098000049591064453e-01,3.483179565429687500e+03,4.460319818463176489e-02
2.099000066518783569e-01,3.481941101074218750e+03,4.463978519197553396e-02
2.099999934434890747e-01,3.480702636718750000e+03,4.467637557536363602e-02
2.100999951362609863e-01,3.479464416503906250e+03,4.471296560950577259e-02
2.101999968290328979e-01,3.478226440429687500e+03,4.474955878686159849e-02
2.102999985218048096e-01,3.476988891601562500e+03,4.478614404797554016e-02
2.104000002145767212e-01,3.475752014160156250e+03,4.482273233588784933e-02
2.105000019073486328e-01,3.474513916015625000e+03,4.485933203250169754e-02
2.106000036001205444e-01,3.473272033691406250e+03,4.489597002975642681e-02
2.107000052928924561e-01,3.472024108886718750e+03,4.493264365009963512e-02
2.108000069856643677e-01,3.470770202636718750e+03,4.496935685165226460e-02
2.108999937772750854e-01,3.469510437011718750e+03,4.500610579270869493e-02
2.109999954700469971e-01,3.468246398925781250e+03,4.504287883173674345e-02
2.110999971628189087e-01,3.466978759765625000e+03,4.507966793607920408e-02
2.111999988555908203e-01,3.465708801269531250e+03,4.511647264007478952e-02
2.113000005483627319e-01,3.464437194824218750e+03,4.515328141860663891e-02
2.114000022411346436e-01,3.463164672851562500e+03,4.519009776413440704e-02
2.115000039339065552e-01,3.461891906738281250e+03,4.522691748570650816e-02
2.116000056266784668e-01,3.460618591308593750e+03,4.526373697444796562e-02
2.117000073194503784e-01,3.459345153808593750e+03,4.530055995564907789e-02
2.117999941110610962e-01,3.458071655273437500e+03,4.533738247118890285e-02
2.118999958038330078e-01,3.456797851562500000e+03,4.537421220447868109e-02
2.119999974966049194e-01,3.455523681640625000e+03,4.541104554664343596e-02
2.120999991893768311e-01,3.454248596191406250e+03,4.544788622297346592e-02
2.122000008821487427e-01,3.452972473144531250e+03,4.548473434988409281e-02
2.123000025749206543e-01,3.451695678710937500e+03,4.552158992737531662e-02
2.124000042676925659e-01,3.450418518066406250e+03,4.555844911374151707e-02
2.125000059604644775e-01,3.449141296386718750e+03,4.559531167615205050e-02
2.125999927520751953e-01,3.447863830566406250e+03,4.563217400573194027e-02
2.126999944448471069e-01,3.446585937500000000e+03,4.566904751118272543e-02
2.127999961376190186e-01,3.445307556152343750e+03,4.570592090021818876e-02
2.128999978303909302e-01,3.444029357910156250e+03,4.574279778171330690e-02
2.129999995231628418e-01,3.442751525878906250e+03,4.577967047225683928e-02
2.131000012159347534e-01,3.441474121093750000e+03,4.581654630601406097e-02
2.132000029087066650e-01,3.440197509765625000e+03,4.585341399069875479e-02
2.133000046014785767e-01,3.438921997070312500e+03,4.589028109330683947e-02
2.134000062942504883e-01,3.437646972656250000e+03,4.592714365571737289e-02
2.134999930858612061e-01,3.436372802734375000e+03,4.596400563605129719e-02
2.135999947786331177e-01,3.435099731445312500e+03,4.600086319260299206e-02
2.136999964714050293e-01,3.433827453613281250e+03,4.603771260008215904e-02
2.137999981641769409e-01,3.432556640625000000e+03,4.607456119265407324e-02
2.138999998569488525e-01,3.431286926269531250e+03,4.611140140332281590e-02
2.140000015497207642e-01,3.430018676757812500e+03,4.614823323208838701e-02
2.141000032424926758e-01,3.428751892089843750e+03,4.618506040424108505e-02
2.142000049352645874e-01,3.427486450195312500e+03,4.622187919449061155e-02
2.143000066280364990e-01,3.426220092773437500e+03,4.625871253665536642e-02
2.143999934196472168e-01,3.424950805664062500e+03,4.629556543659418821e-02
2.144999951124191284e-01,3.423677795410156250e+03,4.633244196884334087e-02
2.145999968051910400e-01,3.422401428222656250e+03,4.636934213340282440e-02
2.146999984979629517e-01,3.421121459960937500e+03,4.640626593027263880e-02
2.148000001907348633e-01,3.419836364746093750e+03,4.644322488456964493e-02
2.149000018835067749e-01,3.418545532226562500e+03,4.648021585308015347e-02
2.150000035762786865e-01,3.417248962402343750e+03,4.651724628638476133e-02
2.151000052690505981e-01,3.415947875976562500e+03,4.655430070124566555e-02
2.152000069618225098e-01,3.414642883300781250e+03,4.659137513954192400e-02
2.152999937534332275e-01,3.413335327148437500e+03,4.662846541032195091e-02
2.153999954462051392e-01,3.412025634765625000e+03,4.666556743904948235e-02
2.154999971389770508e-01,3.410714599609375000e+03,4.670267703477293253e-02
2.155999988317489624e-01,3.409402954101562500e+03,4.673979035578668118e-02
2.157000005245208740e-01,3.408090942382812500e+03,4.677690705284476280e-02
2.158000022172927856e-01,3.406779052734375000e+03,4.681401967536658049e-02
2.159000039100646973e-01,3.405467468261718750e+03,4.685113183222711086e-02
2.160000056028366089e-01,3.404156494140625000e+03,4.688823944889008999e-02
2.161000072956085205e-01,3.402846252441406250e+03,4.692534636706113815e-02
2.161999940872192383e-01,3.401536987304687500e+03,4.696244513615965843e-02
2.162999957799911499e-01,3.400228881835937500e+03,4.699953924864530563e-02
2.163999974727630615e-01,3.398921386718750000e+03,4.703662893734872341e-02
2.164999991655349731e-01,3.397613525390625000e+03,4.707372968550771475e-02
2.166000008583068848e-01,3.396305480957031250e+03,4.711083008442074060e-02
2.167000025510787964e-01,3.394997375488281250e+03,4.714793036691844463e-02
2.168000042438507080e-01,3.393688781738281250e+03,4.718503775075078011e-02
2.169000059366226196e-01,3.392379333496093750e+03,4.722215246874839067e-02
2.169999927282333374e-01,3.391069458007812500e+03,4.725926683750003576e-02
2.170999944210052490e-01,3.389759521484375000e+03,4.729638481512665749e-02
2.171999961137771606e-01,3.388449096679687500e+03,4.733351001050323248e-02
2.172999978065490723e-01,3.387137695312500000e+03,4.737064265646040440e-02
2.173999994993209839e-01,3.385824951171875000e+03,4.740778682753443718e-02
2.175000011920928955e-01,3.384510925292968750e+03,4.744494229089468718e-02
2.176000028848648071e-01,3.383195983886718750e+03,4.748210532125085592e-02
2.177000045776367188e-01,3.381880493164062500e+03,4.751927196048200130e-02
2.178000062704086304e-01,3.380565063476562500e+03,4.755643452517688274e-02
2.178999930620193481e-01,3.379249938964843750e+03,4.759360046591609716e-02
2.179999947547912598e-01,3.377934936523437500e+03,4.763076966628432274e-02
2.180999964475631714e-01,3.376620300292968750e+03,4.766793467570096254e-02
2.181999981403350830e-01,3.375306640625000000e+03,4.770509537775069475e-02
2.182999998331069946e-01,3.373993774414062500e+03,4.774225153960287571e-02
2.184000015258789062e-01,3.372682006835937500e+03,4.777940688654780388e-02
2.185000032186508179e-01,3.371371520996093750e+03,4.781655024271458387e-02
2.186000049114227295e-01,3.370062316894531250e+03,4.785369266755878925e-02
2.187000066041946411e-01,3.368754394531250000e+03,4.789082286879420280e-02
2.187999933958053589e-01,3.367448059082031250e+03,4.792794852983206511e-02
2.188999950885772705e-01,3.366143188476562500e+03,4.796506557613611221e-02
2.189999967813491821e-01,3.364839782714843750e+03,4.800217424053698778e-02
2.190999984741210938e-01,3.363537902832031250e+03,4.803927824832499027e-02
2.192000001668930054e-01,3.362237670898437500e+03,4.807636991608887911e-02
2.193000018596649170e-01,3.360939025878906250e+03,4.811345681082457304e-02
2.194000035524368286e-01,3.359642150878906250e+03,4.815053159836679697e-02
2.195000052452087402e-01,3.358346557617187500e+03,4.818760149646550417e-02
2.196000069379806519e-01,3.357052856445312500e+03,4.822465917095541954e-02
2.196999937295913696e-01,3.355760803222656250e+03,4.826171207241714001e-02
2.197999954223632812e-01,3.354470153808593750e+03,4.829875275027006865e-02
2.198999971151351929e-01,3.353181274414062500e+03,4.833578865509480238e-02
2.199999988079071045e-01,3.351894104003906250e+03,4.837281233631074429e-02
2.201000005006790161e-01,3.350608459472656250e+03,4.840983112808316946e-02
2.202000021934509277e-01,3.349324523925781250e+03,4.844683781266212463e-02
2.203000038862228394e-01,3.348041076660156250e+03,4.848385124932974577e-02
2.204000055789947510e-01,3.346756469726562500e+03,4.852087586186826229e-02
2.205000072717666626e-01,3.345470520019531250e+03,4.855791199952363968e-02
2.205999940633773804e-01,3.344183166503906250e+03,4.859495209529995918e-02
2.206999957561492920e-01,3.342894897460937500e+03,4.863200348336249590e-02
2.207999974489212036e-01,3.341606201171875000e+03,4.866905487142503262e-02
2.208999991416931152e-01,3.340317382812500000e+03,4.870610579382628202e-02
2.210000008344650269e-01,3.339028564453125000e+03,4.874316020868718624e-02
2.211000025272369385e-01,3.337739990234375000e+03,4.878021043259650469e-02
2.212000042200088501e-01,3.336451965332031250e+03,4.881726379971951246e-02
2.213000059127807617e-01,3.335164245605468750e+03,4.885431309230625629e-02
2.213999927043914795e-01,3.333877319335937500e+03,4.889135807752609253e-02
2.214999943971633911e-01,3.332591308593750000e+03,4.892840224783867598e-02
2.215999960899353027e-01,3.331306457519531250e+03,4.896543826907873154e-02
2.216999977827072144e-01,3.330022705078125000e+03,4.900246602483093739e-02
2.217999994754791260e-01,3.328739746093750000e+03,4.903949692379683256e-02
2.219000011682510376e-01,3.327457458496093750e+03,4.907652712427079678e-02
2.220000028610229492e-01,3.326175964355468750e+03,4.911355325020849705e-02
2.221000045537948608e-01,3.324894958496093750e+03,4.915057506877928972e-02
2.222000062465667725e-01,3.323614807128906250e+03,4.918760003056377172e-02
2.222999930381774902e-01,3.322335571289062500e+03,4.922461695969104767e-02
2.223999947309494019e-01,3.321057617187500000e+03,4.926162923220545053e-02
2.224999964237213135e-01,3.319780761718750000e+03,4.929863719735294580e-02
2.225999981164932251e-01,3.318504821777343750e+03,4.933564050588756800e-02
2.226999998092651367e-01,3.317230346679687500e+03,4.937263566534966230e-02
2.228000015020370483e-01,3.315957214355468750e+03,4.940962616819888353e-02
2.229000031948089600e-01,3.314685546875000000e+03,4.944661201443523169e-02
2.230000048875808716e-01,3.313414978027343750e+03,4.948358971159905195e-02
2.231000065803527832e-01,3.312143554687500000e+03,4.952058615162968636e-02
2.231999933719635010e-01,3.310869689941406250e+03,4.955760599114000797e-02
2.232999950647354126e-01,3.309590881347656250e+03,4.959466122090816498e-02
2.233999967575073242e-01,3.308306762695312500e+03,4.963175591547042131e-02
2.234999984502792358e-01,3.307017089843750000e+03,4.966888274066150188e-02
2.236000001430511475e-01,3.305722473144531250e+03,4.970604507252573967e-02
2.237000018358230591e-01,3.304421875000000000e+03,4.974325059447437525e-02
2.238000035285949707e-01,3.303113891601562500e+03,4.978050722274929285e-02
2.239000052213668823e-01,3.301798278808593750e+03,4.981781146489083767e-02
2.240000069141387939e-01,3.300476196289062500e+03,4.985515179578214884e-02
2.240999937057495117e-01,3.299148803710937500e+03,4.989252390805631876e-02
2.241999953985214233e-01,3.297817443847656250e+03,4.992992361076176167e-02
2.242999970912933350e-01,3.296481689453125000e+03,4.996735078748315573e-02
2.243999987840652466e-01,3.295140502929687500e+03,5.000481731258332729e-02
2.245000004768371582e-01,3.293793395996093750e+03,5.004231561906635761e-02
2.246000021696090698e-01,3.292440917968750000e+03,5.007984954863786697e-02
2.247000038623809814e-01,3.291083862304687500e+03,5.011740745976567268e-02
2.248000055551528931e-01,3.289723205566406250e+03,5.015498900320380926e-02
2.249000072479248047e-01,3.288359436035156250e+03,5.019259010441601276e-02
2.249999940395355225e-01,3.286993530273437500e+03,5.023019935470074415e-02
2.250999957323074341e-01,3.285626037597656250e+03,5.026782013010233641e-02
2.251999974250793457e-01,3.284257507324218750e+03,5.030544847249984741e-02
2.252999991178512573e-01,3.282888610839843750e+03,5.034307669848203659e-02
2.254000008106231689e-01,3.281519531250000000e+03,5.038070830050855875e-02
2.255000025033950806e-01,3.280150756835937500e+03,5.041833582799881697e-02
2.256000041961669922e-01,3.278782470703125000e+03,5.045595893170684576e-02
2.257000058889389038e-01,3.277414978027343750e+03,5.049358133692294359e-02
2.257999926805496216e-01,3.276048400878906250e+03,5.053119931835681200e-02
2.258999943733215332e-01,3.274682983398437500e+03,5.056880903430283070e-02
2.259999960660934448e-01,3.273318786621093750e+03,5.060641048476099968e-02
2.260999977588653564e-01,3.271955993652343750e+03,5.064400716219097376e-02
2.261999994516372681e-01,3.270594482421875000e+03,5.068159929942339659e-02
2.263000011444091797e-01,3.269234436035156250e+03,5.071917921304702759e-02
2.264000028371810913e-01,3.267875976562500000e+03,5.075675074476748705e-02
2.265000045299530029e-01,3.266518981933593750e+03,5.079431738704442978e-02
2.266000062227249146e-01,3.265163513183593750e+03,5.083187203854322433e-02
2.266999930143356323e-01,3.263809814453125000e+03,5.086942180059850216e-02
2.267999947071075439e-01,3.262457702636718750e+03,5.090695933904498816e-02
2.268999963998794556e-01,3.261107238769531250e+03,5.094448849558830261e-02
2.269999980926513672e-01,3.259758483886718750e+03,5.098200903739780188e-02
2.270999997854232788e-01,3.258411193847656250e+03,5.101952119730412960e-02
2.272000014781951904e-01,3.257065795898437500e+03,5.105702474247664213e-02
2.273000031709671021e-01,3.255722106933593750e+03,5.109451978933066130e-02
2.274000048637390137e-01,3.254380065917968750e+03,5.113200261257588863e-02
2.275000065565109253e-01,3.253039672851562500e+03,5.116948066279292107e-02
2.275999933481216431e-01,3.251701110839843750e+03,5.120694648940116167e-02
2.276999950408935547e-01,3.250364196777343750e+03,5.124440381769090891e-02
2.277999967336654663e-01,3.249028991699218750e+03,5.128185264766216278e-02
2.278999984264373779e-01,3.247695556640625000e+03,5.131928913760930300e-02
2.280000001192092896e-01,3.246363769531250000e+03,5.135672085452824831e-02
2.281000018119812012e-01,3.245033874511718750e+03,5.139414046425372362e-02
2.282000035047531128e-01,3.243705566406250000e+03,5.143155145924538374e-02
2.283000051975250244e-01,3.242378967285156250e+03,5.146895395591855049e-02
2.284000068902969360e-01,3.241054199218750000e+03,5.150634411256760359e-02
2.284999936819076538e-01,3.239731140136718750e+03,5.154372588731348515e-02
2.285999953746795654e-01,3.238409729003906250e+03,5.158110288903117180e-02
2.286999970674514771e-01,3.237090148925781250e+03,5.161846382543444633e-02
2.287999987602233887e-01,3.235772338867187500e+03,5.165582010522484779e-02
2.289000004529953003e-01,3.234456176757812500e+03,5.169316777028143406e-02
2.290000021457672119e-01,3.233141723632812500e+03,5.173050321172922850e-02
2.291000038385391235e-01,3.231828979492187500e+03,5.176783015485852957e-02
2.292000055313110352e-01,3.230518005371093750e+03,5.180514871608465910e-02
2.293000072240829468e-01,3.229208740234375000e+03,5.184245866257697344e-02
2.293999940156936646e-01,3.227901306152343750e+03,5.187975638546049595e-02
2.294999957084655762e-01,3.226594848632812500e+03,5.191705329343676567e-02
2.295999974012374878e-01,3.225289001464843750e+03,5.195434985216706991e-02
2.296999990940093994e-01,3.223983093261718750e+03,5.199164978694170713e-02
2.298000007867813110e-01,3.222677551269531250e+03,5.202895309776067734e-02
2.299000024795532227e-01,3.221372375488281250e+03,5.206625617574900389e-02
2.300000041723251343e-01,3.220067871093750000e+03,5.210355494637042284e-02
2.301000058650970459e-01,3.218762451171875000e+03,5.214086477644741535e-02
2.301999926567077637e-01,3.217455261230468750e+03,5.217818997334688902e-02
2.302999943494796753e-01,3.216146179199218750e+03,5.221553053706884384e-02
2.303999960422515869e-01,3.214835449218750000e+03,5.225287878420203924e-02
2.304999977350234985e-01,3.213523620605468750e+03,5.229023471474647522e-02
2.305999994277954102e-01,3.212211303710937500e+03,5.232759425416588783e-02
2.307000011205673218e-01,3.210898620605468750e+03,5.236495740246027708e-02
2.308000028133392334e-01,3.209585388183593750e+03,5.240232765208929777e-02
2.309000045061111450e-01,3.208270568847656250e+03,5.243971326854079962e-02
2.310000061988830566e-01,3.206953369140625000e+03,5.247711820993572474e-02
2.310999929904937744e-01,3.205633911132812500e+03,5.251453502569347620e-02
2.311999946832656860e-01,3.204312622070312500e+03,5.255196732468903065e-02
2.312999963760375977e-01,3.202990356445312500e+03,5.258940358180552721e-02
2.313999980688095093e-01,3.201667297363281250e+03,5.262684728950262070e-02
2.314999997615814209e-01,3.200343933105468750e+03,5.266429460607469082e-02
2.316000014543533325e-01,3.199020568847656250e+03,5.270174157340079546e-02
2.317000031471252441e-01,3.197697753906250000e+03,5.273918434977531433e-02
2.318000048398971558e-01,3.196375427246093750e+03,5.277662666048854589e-02
2.319000065326690674e-01,3.195053833007812500e+03,5.281406454741954803e-02
2.319999933242797852e-01,3.193733215332031250e+03,5.285150173585861921e-02
2.320999950170516968e-01,3.192413635253906250e+03,5.288893077522516251e-02
2.321999967098236084e-01,3.191095153808593750e+03,5.292635154910385609e-02
2.322999984025955200e-01,3.189778076171875000e+03,5.296376778278499842e-02
2.324000000953674316e-01,3.188462158203125000e+03,5.300117947626858950e-02
2.325000017881393433e-01,3.187147766113281250e+03,5.303857906255871058e-02
2.326000034809112549e-01,3.185834594726562500e+03,5.307597399223595858e-02
2.327000051736831665e-01,3.184523010253906250e+03,5.311336426530033350e-02
2.328000068664550781e-01,3.183212951660156250e+03,5.315074243117123842e-02
2.328999936580657959e-01,3.181904357910156250e+03,5.318811221513897181e-02
2.329999953508377075e-01,3.180597351074218750e+03,5.322547734249383211e-02
2.330999970436096191e-01,3.179291992187500000e+03,5.326283024623990059e-02
2.331999987363815308e-01,3.177988037109375000e+03,5.330017849337309599e-02
2.333000004291534424e-01,3.176685852050781250e+03,5.333751451689749956e-02
2.334000021219253540e-01,3.175385131835937500e+03,5.337484600022435188e-02
2.335000038146972656e-01,3.174086120605468750e+03,5.341216514352709055e-02
2.336000055074691772e-01,3.172788818359375000e+03,5.344947963021695614e-02
2.337000072002410889e-01,3.171493041992187500e+03,5.348678200971335173e-02
2.337999939918518066e-01,3.170198425292968750e+03,5.352407984901219606e-02
2.338999956846237183e-01,3.168905029296875000e+03,5.356137687340378761e-02
2.339999973773956299e-01,3.167611145019531250e+03,5.359868495725095272e-02
2.340999990701675415e-01,3.166314392089843750e+03,5.363602377474308014e-02
2.342000007629394531e-01,3.165014160156250000e+03,5.367338622454553843e-02
2.343000024557113647e-01,3.163710388183593750e+03,5.371077614836394787e-02
2.344000041484832764e-01,3.162403686523437500e+03,5.374818586278706789e-02
2.345000058412551880e-01,3.161094726562500000e+03,5.378560745157301426e-02
2.345999926328659058e-01,3.159784790039062500e+03,5.382303695660084486e-02
2.346999943256378174e-01,3.158474060058593750e+03,5.386047391220927238e-02
2.347999960184097290e-01,3.157163452148437500e+03,5.389791075140237808e-02
2.348999977111816406e-01,3.155853088378906250e+03,5.393534712493419647e-02
2.349999994039535522e-01,3.154543457031250000e+03,5.397277930751442909e-02
2.351000010967254639e-01,3.153234802246093750e+03,5.401021079160273075e-02
2.352000027894973755e-01,3.151927246093750000e+03,5.404763412661850452e-02
2.353000044822692871e-01,3.150620971679687500e+03,5.408504919614642859e-02
2.354000061750411987e-01,3.149316162109375000e+03,5.412245600018650293e-02
2.354999929666519165e-01,3.148012634277343750e+03,5.415985826402902603e-02
2.355999946594238281e-01,3.146710388183593750e+03,5.419725587125867605e-02
2.356999963521957397e-01,3.145409729003906250e+03,5.423464521300047636e-02
2.357999980449676514e-01,3.144110351562500000e+03,5.427202628925442696e-02
2.358999997377395630e-01,3.142811645507812500e+03,5.430941423401236534e-02
2.360000014305114746e-01,3.141513061523437500e+03,5.434680182952433825e-02
2.361000031232833862e-01,3.140215148925781250e+03,5.438418895937502384e-02
2.362000048160552979e-01,3.138917175292968750e+03,5.442157969810068607e-02
2.363000065088272095e-01,3.137618835449218750e+03,5.445897777099162340e-02
2.363999933004379272e-01,3.136320373535156250e+03,5.449637945275753736e-02
2.364999949932098389e-01,3.135021972656250000e+03,5.453378462698310614e-02
2.365999966859817505e-01,3.133723999023437500e+03,5.457118561025708914e-02
2.366999983787536621e-01,3.132426696777343750e+03,5.460858240257948637e-02
2.368000000715255737e-01,3.131130249023437500e+03,5.464597872924059629e-02
2.369000017642974854e-01,3.129832092285156250e+03,5.468339775688946247e-02
2.370000034570693970e-01,3.128530639648437500e+03,5.472084041684865952e-02
2.371000051498413086e-01,3.127225280761718750e+03,5.475830682553350925e-02
2.372000068426132202e-01,3.125916931152343750e+03,5.479579290840774775e-02
2.372999936342239380e-01,3.124606262207031250e+03,5.483329482376575470e-02
2.373999953269958496e-01,3.123294128417968750e+03,5.487080453895032406e-02
2.374999970197677612e-01,3.121981018066406250e+03,5.490832182113081217e-02
2.375999987125396729e-01,3.120667419433593750e+03,5.494584306143224239e-02
2.377000004053115845e-01,3.119353515625000000e+03,5.498336791060864925e-02
2.378000020980834961e-01,3.118039855957031250e+03,5.502088868524879217e-02
2.379000037908554077e-01,3.116726867675781250e+03,5.505840899422764778e-02
2.380000054836273193e-01,3.115414672851562500e+03,5.509592883754521608e-02
2.381000071763992310e-01,3.114103393554687500e+03,5.513344053179025650e-02
2.381999939680099487e-01,3.112793273925781250e+03,5.517094780225306749e-02
2.382999956607818604e-01,3.111484436035156250e+03,5.520844680722802877e-02
2.383999973535537720e-01,3.110177001953125000e+03,5.524593754671514034e-02
2.384999990463256836e-01,3.108870910644531250e+03,5.528342374600470066e-02
2.386000007390975952e-01,3.107566345214843750e+03,5.532090156339108944e-02
2.387000024318695068e-01,3.106262023925781250e+03,5.535838264040648937e-02
2.388000041246414185e-01,3.104955932617187500e+03,5.539588653482496738e-02
2.389000058174133301e-01,3.103645385742187500e+03,5.543342535383999348e-02
2.389999926090240479e-01,3.102330627441406250e+03,5.547098815441131592e-02
2.390999943017959595e-01,3.101011657714843750e+03,5.550857854541391134e-02
2.391999959945678711e-01,3.099688781738281250e+03,5.554619617760181427e-02
2.392999976873397827e-01,3.098362243652343750e+03,5.558383744210004807e-02
2.393999993801116943e-01,3.097032653808593750e+03,5.562149838078767061e-02
2.395000010728836060e-01,3.095700744628906250e+03,5.565917491912841797e-02
2.396000027656555176e-01,3.094367248535156250e+03,5.569686309900134802e-02
2.397000044584274292e-01,3.093032592773437500e+03,5.573455884587019682e-02
2.398000061511993408e-01,3.091697692871093750e+03,5.577225447632372379e-02
2.398999929428100586e-01,3.090362548828125000e+03,5.580995359923690557e-02
2.399999946355819702e-01,3.089027832031250000e+03,5.584765237290412188e-02
2.400999963283538818e-01,3.087693603515625000e+03,5.588534695561975241e-02
2.401999980211257935e-01,3.086360107421875000e+03,5.592304095625877380e-02
2.402999997138977051e-01,3.085027587890625000e+03,5.596072680782526731e-02
2.404000014066696167e-01,3.083695983886718750e+03,5.599840823560953140e-02
2.405000030994415283e-01,3.082365600585937500e+03,5.603608512319624424e-02
2.406000047922134399e-01,3.081036010742187500e+03,5.607376131229102612e-02
2.407000064849853516e-01,3.079706604003906250e+03,5.611144099384546280e-02
2.407999932765960693e-01,3.078376953125000000e+03,5.614912416785955429e-02
2.408999949693679810e-01,3.077046997070312500e+03,5.618681083433330059e-02
2.409999966621398926e-01,3.075717529296875000e+03,5.622449703514575958e-02
2.410999983549118042e-01,3.074388793945312500e+03,5.626217520330101252e-02
2.412000000476837158e-01,3.073060546875000000e+03,5.629985674750059843e-02
2.413000017404556274e-01,3.071732238769531250e+03,5.633754166774451733e-02
2.414000034332275391e-01,3.070404296875000000e+03,5.637522251345217228e-02
2.415000051259994507e-01,3.069076965332031250e+03,5.641289905179291964e-02
2.416000068187713623e-01,3.067750671386718750e+03,5.645057500805705786e-02
2.416999936103820801e-01,3.066425292968750000e+03,5.648824654053896666e-02
2.417999953031539917e-01,3.065101013183593750e+03,5.652590608224272728e-02
2.418999969959259033e-01,3.063778320312500000e+03,5.656356480903923512e-02
2.419999986886978149e-01,3.062456848144531250e+03,5.660121154505759478e-02
2.421000003814697266e-01,3.061136718750000000e+03,5.663885362446308136e-02
2.422000020742416382e-01,3.059818176269531250e+03,5.667648743838071823e-02
2.423000037670135498e-01,3.058500915527343750e+03,5.671411287039518356e-02
2.424000054597854614e-01,3.057185302734375000e+03,5.675173376221209764e-02
2.425000071525573730e-01,3.055871337890625000e+03,5.678934243042021990e-02
2.425999939441680908e-01,3.054558593750000000e+03,5.682694283314049244e-02
2.426999956369400024e-01,3.053247558593750000e+03,5.686453857924789190e-02
2.427999973297119141e-01,3.051938110351562500e+03,5.690212210174649954e-02
2.428999990224838257e-01,3.050630126953125000e+03,5.693969735875725746e-02
2.430000007152557373e-01,3.049323852539062500e+03,5.697726795915514231e-02
2.431000024080276489e-01,3.048019104003906250e+03,5.701482645235955715e-02
2.432000041007995605e-01,3.046715881347656250e+03,5.705238028895109892e-02
2.433000057935714722e-01,3.045414123535156250e+03,5.708992201834917068e-02
2.433999925851821899e-01,3.044114013671875000e+03,5.712745536584407091e-02
2.434999942779541016e-01,3.042815429687500000e+03,5.716498405672609806e-02
2.435999959707260132e-01,3.041518432617187500e+03,5.720250064041465521e-02
2.436999976634979248e-01,3.040223083496093750e+03,5.724001256749033928e-02
2.437999993562698364e-01,3.038929260253906250e+03,5.727751250378787518e-02
2.439000010490417480e-01,3.037636840820312500e+03,5.731500394176691771e-02
2.440000027418136597e-01,3.036345092773437500e+03,5.735249852295964956e-02
2.441000044345855713e-01,3.035052673339843750e+03,5.739000055473297834e-02
2.442000061273574829e-01,3.033758300781250000e+03,5.742751795332878828e-02
2.442999929189682007e-01,3.032462463378906250e+03,5.746504722628742456e-02
2.443999946117401123e-01,3.031164916992187500e+03,5.750258429907262325e-02
2.444999963045120239e-01,3.029866760253906250e+03,5.754012905526906252e-02
2.445999979972839355e-01,3.028567810058593750e+03,5.757767753675580025e-02
2.446999996900558472e-01,3.027268859863281250e+03,5.761522951070219278e-02
2.448000013828277588e-01,3.025970031738281250e+03,5.765278125181794167e-02
2.449000030755996704e-01,3.024671752929687500e+03,5.769032891839742661e-02
2.450000047683715820e-01,3.023374023437500000e+03,5.772787600290030241e-02
2.451000064611434937e-01,3.022076965332031250e+03,5.776541889645159245e-02
2.451999932527542114e-01,3.020780944824218750e+03,5.780295736622065306e-02
2.452999949455261230e-01,3.019486022949218750e+03,5.784049152862280607e-02
2.453999966382980347e-01,3.018192077636718750e+03,5.787801742553710938e-02
2.454999983310699463e-01,3.016899230957031250e+03,5.791553889866918325e-02
2.456000000238418579e-01,3.015607849121093750e+03,5.795305222272872925e-02
2.457000017166137695e-01,3.014317443847656250e+03,5.799056100659072399e-02
2.458000034093856812e-01,3.013028381347656250e+03,5.802806536667048931e-02
2.459000051021575928e-01,3.011740661621093750e+03,5.806556146126240492e-02
2.460000067949295044e-01,3.010453918457031250e+03,5.810304952319711447e-02
2.460999935865402222e-01,3.009168701171875000e+03,5.814053316134959459e-02
2.461999952793121338e-01,3.007884704589843750e+03,5.817800841759890318e-02
2.462999969720840454e-01,3.006601867675781250e+03,5.821548309177160263e-02
2.463999986648559570e-01,3.005319152832031250e+03,5.825295730028301477e-02
2.465000003576278687e-01,3.004036071777343750e+03,5.829043884295970201e-02
2.466000020503997803e-01,3.002752685546875000e+03,5.832792411092668772e-02
2.467000037431716919e-01,3.001469299316406250e+03,5.836540914606302977e-02
2.468000054359436035e-01,3.000186096191406250e+03,5.840290128253400326e-02
2.469000071287155151e-01,2.998903259277343750e+03,5.844038934446871281e-02
2.469999939203262329e-01,2.997621032714843750e+03,5.847787694074213505e-02
2.470999956130981445e-01,2.996339660644531250e+03,5.851536022964864969e-02
2.471999973058700562e-01,2.995059082031250000e+03,5.855283932760357857e-02
2.472999989986419678e-01,2.993779418945312500e+03,5.859031772706657648e-02
2.474000006914138794e-01,2.992500793457031250e+03,5.862778797745704651e-02
2.475000023841857910e-01,2.991223449707031250e+03,5.866525380406528711e-02
2.476000040769577026e-01,2.989947204589843750e+03,5.870271520689129829e-02
2.477000057697296143e-01,2.988672241210937500e+03,5.874016846064478159e-02
2.477999925613403320e-01,2.987398559570312500e+03,5.877761717420071363e-02
2.478999942541122437e-01,2.986126159667968750e+03,5.881505773868411779e-02
2.479999959468841553e-01,2.984855102539062500e+03,5.885248992126435041e-02
2.480999976396560669e-01,2.983585083007812500e+03,5.888992152176797390e-02
2.481999993324279785e-01,2.982314758300781250e+03,5.892736813984811306e-02
2.483000010251998901e-01,2.981042541503906250e+03,5.896483024116605520e-02
2.484000027179718018e-01,2.979768127441406250e+03,5.900230794213712215e-02
2.485000044107437134e-01,2.978491821289062500e+03,5.903979740105569363e-02
2.486000061035156250e-01,2.977214050292968750e+03,5.907729850150644779e-02
2.486999928951263428e-01,2.975935119628906250e+03,5.911480740178376436e-02
2.487999945878982544e-01,2.974655395507812500e+03,5.915232375264167786e-02
2.488999962806701660e-01,2.973375488281250000e+03,5.918984382878988981e-02
2.489999979734420776e-01,2.972095703125000000e+03,5.922735983040183783e-02
2.490999996662139893e-01,2.970816589355468750e+03,5.926487536635249853e-02
2.492000013589859009e-01,2.969538085937500000e+03,5.930238671135157347e-02
2.493000030517578125e-01,2.968260559082031250e+03,5.933989363256841898e-02
2.494000047445297241e-01,2.966984069824218750e+03,5.937739613000303507e-02
2.495000064373016357e-01,2.965708740234375000e+03,5.941489420365542173e-02
2.495999932289123535e-01,2.964434692382812500e+03,5.945238040294498205e-02
2.496999949216842651e-01,2.963161926269531250e+03,5.948986578732728958e-02
2.497999966144561768e-01,2.961890319824218750e+03,5.952734313905239105e-02
2.498999983072280884e-01,2.960619934082031250e+03,5.956481222528964281e-02
2.500000000000000000e-01,2.959350769042968750e+03,5.960227688774466515e-02
2.500999867916107178e-01,2.958083068847656250e+03,5.963973712641745806e-02
2.502000033855438232e-01,2.956816040039062500e+03,5.967719678301364183e-02
2.502999901771545410e-01,2.955548217773437500e+03,5.971466784831136465e-02
2.504000067710876465e-01,2.954278503417968750e+03,5.975215800572186708e-02
2.504999935626983643e-01,2.953006225585937500e+03,5.978967517148703337e-02
2.506000101566314697e-01,2.951730834960937500e+03,5.982721573673188686e-02
2.506999969482421875e-01,2.950452514648437500e+03,5.986477585975080729e-02
2.508000135421752930e-01,2.949171203613281250e+03,5.990235577337443829e-02
2.509000003337860107e-01,2.947887268066406250e+03,5.993995885364711285e-02
2.509999871253967285e-01,2.946601257324218750e+03,5.997757392469793558e-02
2.511000037193298340e-01,2.945313781738281250e+03,6.001520063728094101e-02
2.511999905109405518e-01,2.944025390625000000e+03,6.005283491685986519e-02
2.513000071048736572e-01,2.942736633300781250e+03,6.009047303814440966e-02
2.513999938964843750e-01,2.941447814941406250e+03,6.012811453547328711e-02
2.515000104904174805e-01,2.940159118652343750e+03,6.016575219109654427e-02
2.515999972820281982e-01,2.938871032714843750e+03,6.020339298993349075e-02
2.517000138759613037e-01,2.937583557128906250e+03,6.024102971423417330e-02
2.518000006675720215e-01,2.936296569824218750e+03,6.027866224758327007e-02
2.518999874591827393e-01,2.935009948730468750e+03,6.031629431527107954e-02
2.520000040531158447e-01,2.933724121093750000e+03,6.035392580088227987e-02
2.520999908447265625e-01,2.932439025878906250e+03,6.039154937025159597e-02
2.522000074386596680e-01,2.931154785156250000e+03,6.042917235754430294e-02
2.522999942302703857e-01,2.929871643066406250e+03,6.046678719576448202e-02
2.524000108242034912e-01,2.928589538574218750e+03,6.050439761020243168e-02
2.524999976158142090e-01,2.927308654785156250e+03,6.054200360085815191e-02
2.526000142097473145e-01,2.926028869628906250e+03,6.057960144244134426e-02
2.527000010013580322e-01,2.924750549316406250e+03,6.061719486024230719e-02
2.527999877929687500e-01,2.923473388671875000e+03,6.065478001255542040e-02
2.529000043869018555e-01,2.922197204589843750e+03,6.069236074108630419e-02
2.529999911785125732e-01,2.920920104980468750e+03,6.072996021248400211e-02
2.531000077724456787e-01,2.919639648437500000e+03,6.076758692506700754e-02
2.531999945640563965e-01,2.918355773925781250e+03,6.080523726996034384e-02
2.533000111579895020e-01,2.917068298339843750e+03,6.084290752187371254e-02
2.533999979496002197e-01,2.915777770996093750e+03,6.088060128968209028e-02
2.535000145435333252e-01,2.914484741210937500e+03,6.091831065714359283e-02
2.536000013351440430e-01,2.913190002441406250e+03,6.095602805726230145e-02
2.536999881267547607e-01,2.911893981933593750e+03,6.099375686608254910e-02
2.538000047206878662e-01,2.910597045898437500e+03,6.103148590773344040e-02
2.538999915122985840e-01,2.909299865722656250e+03,6.106922216713428497e-02
2.540000081062316895e-01,2.908002563476562500e+03,6.110695458482950926e-02
2.540999948978424072e-01,2.906705505371093750e+03,6.114469037856906652e-02
2.542000114917755127e-01,2.905408813476562500e+03,6.118242198135703802e-02
2.542999982833862305e-01,2.904112854003906250e+03,6.122014939319342375e-02
2.544000148773193359e-01,2.902817687988281250e+03,6.125787249766290188e-02
2.545000016689300537e-01,2.901523376464843750e+03,6.129559117835015059e-02
2.545999884605407715e-01,2.900229919433593750e+03,6.133330566808581352e-02
2.547000050544738770e-01,2.898937622070312500e+03,6.137101189233362675e-02
2.547999918460845947e-01,2.897646423339843750e+03,6.140871008392423391e-02
2.549000084400177002e-01,2.896355651855468750e+03,6.144641537684947252e-02
2.549999952316284180e-01,2.895064514160156250e+03,6.148412800393998623e-02
2.551000118255615234e-01,2.893772827148437500e+03,6.152184086386114359e-02
2.551999986171722412e-01,2.892481140136718750e+03,6.155956082511693239e-02
2.552999854087829590e-01,2.891189453125000000e+03,6.159728066995739937e-02
2.554000020027160645e-01,2.889898498535156250e+03,6.163499248214066029e-02
2.554999887943267822e-01,2.888608154296875000e+03,6.167270394507795572e-02
2.556000053882598877e-01,2.887317443847656250e+03,6.171042250934988260e-02
2.556999921798706055e-01,2.886026245117187500e+03,6.174814864061772823e-02
2.558000087738037109e-01,2.884734436035156250e+03,6.178587477188557386e-02
2.558999955654144287e-01,2.883442504882812500e+03,6.182360823731869459e-02
2.560000121593475342e-01,2.882150817871093750e+03,6.186134146992117167e-02
2.560999989509582520e-01,2.880859619140625000e+03,6.189907412044703960e-02
2.561999857425689697e-01,2.879569091796875000e+03,6.193680642172694206e-02
2.563000023365020752e-01,2.878279357910156250e+03,6.197453057393431664e-02
2.563999891281127930e-01,2.876990722656250000e+03,6.201224669348448515e-02
2.565000057220458984e-01,2.875703063964843750e+03,6.204996223095804453e-02
2.565999925136566162e-01,2.874416076660156250e+03,6.208767706993967295e-02
2.567000091075897217e-01,2.873128906250000000e+03,6.212539924308657646e-02
2.567999958992004395e-01,2.871841186523437500e+03,6.216312153264880180e-02
2.569000124931335449e-01,2.870553100585937500e+03,6.220085103996098042e-02
2.569999992847442627e-01,2.869264770507812500e+03,6.223858043085783720e-02
2.570999860763549805e-01,2.867976684570312500e+03,6.227631703950464725e-02
2.572000026702880859e-01,2.866689025878906250e+03,6.231404573190957308e-02
2.572999894618988037e-01,2.865401550292968750e+03,6.235177407506853342e-02
2.574000060558319092e-01,2.864114685058593750e+03,6.238950951956212521e-02
2.574999928474426270e-01,2.862828186035156250e+03,6.242723716422915459e-02
2.576000094413757324e-01,2.861542480468750000e+03,6.246496422681957483e-02
2.576999962329864502e-01,2.860257873535156250e+03,6.250268325675278902e-02
2.578000128269195557e-01,2.858974121093750000e+03,6.254040170460939407e-02
2.578999996185302734e-01,2.857691406250000000e+03,6.257811211980879307e-02
2.579999864101409912e-01,2.856409851074218750e+03,6.261581438593566418e-02
2.581000030040740967e-01,2.855129577636718750e+03,6.265351583715528250e-02
2.581999897956848145e-01,2.853850585937500000e+03,6.269120925571769476e-02
2.583000063896179199e-01,2.852572875976562500e+03,6.272889440879225731e-02
2.583999931812286377e-01,2.851296447753906250e+03,6.276657129637897015e-02
2.585000097751617432e-01,2.850021423339843750e+03,6.280424003489315510e-02
2.585999965667724609e-01,2.848747375488281250e+03,6.284190807491540909e-02
2.587000131607055664e-01,2.847473815917968750e+03,6.287957564927637577e-02
2.587999999523162842e-01,2.846200256347656250e+03,6.291724322363734245e-02
2.588999867439270020e-01,2.844926513671875000e+03,6.295491813216358423e-02
2.590000033378601074e-01,2.843652587890625000e+03,6.299260037485510111e-02
2.590999901294708252e-01,2.842379028320312500e+03,6.303028250113129616e-02
2.592000067234039307e-01,2.841105651855468750e+03,6.306796427816152573e-02
2.592999935150146484e-01,2.839833068847656250e+03,6.310563813894987106e-02
2.594000101089477539e-01,2.838561096191406250e+03,6.314331898465752602e-02
2.594999969005584717e-01,2.837290161132812500e+03,6.318099179770797491e-02
2.596000134944915771e-01,2.836020019531250000e+03,6.321865669451653957e-02
2.597000002861022949e-01,2.834751037597656250e+03,6.325632089283317327e-02
2.597999870777130127e-01,2.833483276367187500e+03,6.329397694207727909e-02
2.599000036716461182e-01,2.832216674804687500e+03,6.333163240924477577e-02
2.599999904632568359e-01,2.830951232910156250e+03,6.336927216034382582e-02
2.601000070571899414e-01,2.829687133789062500e+03,6.340691121295094490e-02
2.601999938488006592e-01,2.828424438476562500e+03,6.344454211648553610e-02
2.603000104427337646e-01,2.827163085937500000e+03,6.348217220511287451e-02
2.603999972343444824e-01,2.825902954101562500e+03,6.351978669408708811e-02
2.605000138282775879e-01,2.824644348144531250e+03,6.355740036815404892e-02
2.606000006198883057e-01,2.823386962890625000e+03,6.359500589314848185e-02
2.606999874114990234e-01,2.822131225585937500e+03,6.363259558565914631e-02
2.608000040054321289e-01,2.820876708984375000e+03,6.367018457967787981e-02
2.608999907970428467e-01,2.819623657226562500e+03,6.370776542462408543e-02
2.610000073909759521e-01,2.818372131347656250e+03,6.374534533824771643e-02
2.610999941825866699e-01,2.817122070312500000e+03,6.378290965221822262e-02
2.612000107765197754e-01,2.815873168945312500e+03,6.382046570070087910e-02
2.612999975681304932e-01,2.814625976562500000e+03,6.385801348369568586e-02
2.614000141620635986e-01,2.813379516601562500e+03,6.389556801877915859e-02
2.615000009536743164e-01,2.812133972167968750e+03,6.393312232103198767e-02
2.615999877452850342e-01,2.810888793945312500e+03,6.397066859062761068e-02
2.617000043392181396e-01,2.809644653320312500e+03,6.400821427814662457e-02
2.617999911308288574e-01,2.808401550292968750e+03,6.404575193300843239e-02
2.619000077247619629e-01,2.807159484863281250e+03,6.408328143879771233e-02
2.619999945163726807e-01,2.805918945312500000e+03,6.412081036251038313e-02
2.621000111103057861e-01,2.804679443359375000e+03,6.415833102073520422e-02
2.621999979019165039e-01,2.803441040039062500e+03,6.419585109688341618e-02
2.623000144958496094e-01,2.802203491210937500e+03,6.423336314037442207e-02
2.624000012874603271e-01,2.800966918945312500e+03,6.427087471820414066e-02
2.624999880790710449e-01,2.799731445312500000e+03,6.430838571395725012e-02
2.626000046730041504e-01,2.798497131347656250e+03,6.434588856063783169e-02
2.626999914646148682e-01,2.797263977050781250e+03,6.438338325824588537e-02
2.628000080585479736e-01,2.796032165527343750e+03,6.442086980678141117e-02
2.628999948501586914e-01,2.794801574707031250e+03,6.445834820624440908e-02
2.630000114440917969e-01,2.793572448730468750e+03,6.449582590721547604e-02
2.630999982357025146e-01,2.792344726562500000e+03,6.453329534269869328e-02
2.632000148296356201e-01,2.791118164062500000e+03,6.457074906211346388e-02
2.633000016212463379e-01,2.789892639160156250e+03,6.460821744985878468e-02
2.633999884128570557e-01,2.788666381835937500e+03,6.464569328818470240e-02
2.635000050067901611e-01,2.787439392089843750e+03,6.468316924292594194e-02
2.635999917984008789e-01,2.786211975097656250e+03,6.472065264824777842e-02
2.637000083923339844e-01,2.784984375000000000e+03,6.475813605356961489e-02
2.637999951839447021e-01,2.783756896972656250e+03,6.479561910964548588e-02
2.639000117778778076e-01,2.782529968261718750e+03,6.483310181647539139e-02
2.639999985694885254e-01,2.781303588867187500e+03,6.487058405764400959e-02
2.640999853610992432e-01,2.780078186035156250e+03,6.490805826615542173e-02
2.642000019550323486e-01,2.778853088378906250e+03,6.494553224183619022e-02
2.642999887466430664e-01,2.777627441406250000e+03,6.498301355168223381e-02
2.644000053405761719e-01,2.776401245117187500e+03,6.502050254493951797e-02
2.644999921321868896e-01,2.775174682617187500e+03,6.505799887236207724e-02
2.646000087261199951e-01,2.773948120117187500e+03,6.509548763278871775e-02
2.646999955177307129e-01,2.772721801757812500e+03,6.513298361096531153e-02
2.648000121116638184e-01,2.771495422363281250e+03,6.517047935631126165e-02
2.648999989032745361e-01,2.770268127441406250e+03,6.520799780264496803e-02
2.649999856948852539e-01,2.769039123535156250e+03,6.524552416522055864e-02
2.651000022888183594e-01,2.767808654785156250e+03,6.528305844403803349e-02
2.651999890804290771e-01,2.766577209472656250e+03,6.532060774043202400e-02
2.653000056743621826e-01,2.765345336914062500e+03,6.535814970266073942e-02
2.653999924659729004e-01,2.764112854003906250e+03,6.539570656605064869e-02
2.655000090599060059e-01,2.762880371093750000e+03,6.543326331302523613e-02
2.655999958515167236e-01,2.761648193359375000e+03,6.547081982716917992e-02
2.657000124454498291e-01,2.760416625976562500e+03,6.550836854148656130e-02
2.657999992370605469e-01,2.759185241699218750e+03,6.554592424072325230e-02
2.658999860286712646e-01,2.757954650878906250e+03,6.558347970712929964e-02
2.660000026226043701e-01,2.756724792480468750e+03,6.562102714087814093e-02
2.660999894142150879e-01,2.755495849609375000e+03,6.565857410896569490e-02
2.662000060081481934e-01,2.754268005371093750e+03,6.569611304439604282e-02
2.662999927997589111e-01,2.753041137695312500e+03,6.573364383075386286e-02
2.664000093936920166e-01,2.751815673828125000e+03,6.577117391861975193e-02
2.664999961853027344e-01,2.750591247558593750e+03,6.580869597382843494e-02
2.666000127792358398e-01,2.749368408203125000e+03,6.584620976354926825e-02
2.666999995708465576e-01,2.748146545410156250e+03,6.588371552061289549e-02
2.667999863624572754e-01,2.746926208496093750e+03,6.592121301218867302e-02
2.669000029563903809e-01,2.745706298828125000e+03,6.595871748868376017e-02
2.669999897480010986e-01,2.744485412597656250e+03,6.599622976500540972e-02
2.671000063419342041e-01,2.743262756347656250e+03,6.603375752456486225e-02
2.671999931335449219e-01,2.742038635253906250e+03,6.607130065094679594e-02
2.673000097274780273e-01,2.740813171386718750e+03,6.610885157715529203e-02
2.673999965190887451e-01,2.739586975097656250e+03,6.614640261977910995e-02
2.675000131130218506e-01,2.738360351562500000e+03,6.618396122939884663e-02
2.675999999046325684e-01,2.737133239746093750e+03,6.622151983901858330e-02
2.676999866962432861e-01,2.735906127929687500e+03,6.625908589921891689e-02
2.678000032901763916e-01,2.734678894042968750e+03,6.629665940999984741e-02
2.678999900817871094e-01,2.733450927734375000e+03,6.633424060419201851e-02
2.680000066757202148e-01,2.732222167968750000e+03,6.637182191479951143e-02
2.680999934673309326e-01,2.730992675781250000e+03,6.640941835939884186e-02
2.682000100612640381e-01,2.729763061523437500e+03,6.644701468758285046e-02
2.682999968528747559e-01,2.728533264160156250e+03,6.648461834993213415e-02
2.684000134468078613e-01,2.727304016113281250e+03,6.652221421245485544e-02
2.685000002384185791e-01,2.726075195312500000e+03,6.655980972573161125e-02
2.685999870300292969e-01,2.724847229003906250e+03,6.659740465693175793e-02
2.687000036239624023e-01,2.723619995117187500e+03,6.663499167189002037e-02
2.687999904155731201e-01,2.722393676757812500e+03,6.667257810477167368e-02
2.689000070095062256e-01,2.721168457031250000e+03,6.671015650499612093e-02
2.689999938011169434e-01,2.719944335937500000e+03,6.674772687256336212e-02
2.691000103950500488e-01,2.718721130371093750e+03,6.678529654163867235e-02
2.691999971866607666e-01,2.717499267578125000e+03,6.682285806164145470e-02
2.693000137805938721e-01,2.716278625488281250e+03,6.686041154898703098e-02
2.694000005722045898e-01,2.715059082031250000e+03,6.689795688726007938e-02
2.694999873638153076e-01,2.713840759277343750e+03,6.693550152704119682e-02
2.696000039577484131e-01,2.712623840332031250e+03,6.697303056716918945e-02
2.696999907493591309e-01,2.711408081054687500e+03,6.701055890880525112e-02
2.698000073432922363e-01,2.710193603515625000e+03,6.704807910136878490e-02
2.698999941349029541e-01,2.708980346679687500e+03,6.708559859544038773e-02
2.700000107288360596e-01,2.707768432617187500e+03,6.712310248985886574e-02
2.700999975204467773e-01,2.706557800292968750e+03,6.716060568578541279e-02
2.702000141143798828e-01,2.705348449707031250e+03,6.719809328205883503e-02
2.703000009059906006e-01,2.704140441894531250e+03,6.723558017984032631e-02
2.703999876976013184e-01,2.702933532714843750e+03,6.727305881213396788e-02
2.705000042915344238e-01,2.701727966308593750e+03,6.731053697876632214e-02
2.705999910831451416e-01,2.700522705078125000e+03,6.734800722915679216e-02
2.707000076770782471e-01,2.699317382812500000e+03,6.738548481371253729e-02
2.707999944686889648e-01,2.698111633300781250e+03,6.742296984884887934e-02
2.709000110626220703e-01,2.696905700683593750e+03,6.746044743340462446e-02
2.709999978542327881e-01,2.695699768066406250e+03,6.749793223571032286e-02
2.711000144481658936e-01,2.694494079589843750e+03,6.753541680518537760e-02
2.712000012397766113e-01,2.693288757324218750e+03,6.757290102541446686e-02
2.712999880313873291e-01,2.692084045410156250e+03,6.761038489639759064e-02
2.714000046253204346e-01,2.690880065917968750e+03,6.764786085113883018e-02
2.714999914169311523e-01,2.689676269531250000e+03,6.768534390721470118e-02
2.716000080108642578e-01,2.688472534179687500e+03,6.772282684687525034e-02
2.716999948024749756e-01,2.687269104003906250e+03,6.776031688787043095e-02
2.718000113964080811e-01,2.686066223144531250e+03,6.779779924545437098e-02
2.718999981880187988e-01,2.684863769531250000e+03,6.783527368679642677e-02
2.720000147819519043e-01,2.683661743164062500e+03,6.787275522947311401e-02
2.721000015735626221e-01,2.682458496093750000e+03,6.791025190614163876e-02
2.721999883651733398e-01,2.681252563476562500e+03,6.794777198228985071e-02
2.723000049591064453e-01,2.680043640136718750e+03,6.798531545791774988e-02
2.723999917507171631e-01,2.678831909179687500e+03,6.802287476602941751e-02
2.725000083446502686e-01,2.677618103027343750e+03,6.806044979020953178e-02
2.725999951362609863e-01,2.676402282714843750e+03,6.809804018121212721e-02
2.727000117301940918e-01,2.675184875488281250e+03,6.813563848845660686e-02
2.727999985218048096e-01,2.673966613769531250e+03,6.817324436269700527e-02
2.728999853134155273e-01,2.672747558593750000e+03,6.821085046976804733e-02
2.730000019073486328e-01,2.671528015136718750e+03,6.824847136158496141e-02
2.730999886989593506e-01,2.670308227539062500e+03,6.828608468640595675e-02
2.732000052928924561e-01,2.669088684082031250e+03,6.832370534539222717e-02
2.732999920845031738e-01,2.667869201660156250e+03,6.836131820455193520e-02
2.734000086784362793e-01,2.666650085449218750e+03,6.839893071446567774e-02
2.734999954700469971e-01,2.665431701660156250e+03,6.843654275871813297e-02
2.736000120639801025e-01,2.664213806152343750e+03,6.847415445372462273e-02
2.736999988555908203e-01,2.662995971679687500e+03,6.851176579948514700e-02
2.737999856472015381e-01,2.661778015136718750e+03,6.854938436299562454e-02
2.739000022411346436e-01,2.660559814453125000e+03,6.858700292650610209e-02
2.739999890327453613e-01,2.659341735839843750e+03,6.862462882418185472e-02
2.741000056266784668e-01,2.658123657226562500e+03,6.866225448902696371e-02
2.741999924182891846e-01,2.656906066894531250e+03,6.869987980462610722e-02
2.743000090122222900e-01,2.655689025878906250e+03,6.873750477097928524e-02
2.743999958038330078e-01,2.654472717285156250e+03,6.877512938808649778e-02
2.745000123977661133e-01,2.653257080078125000e+03,6.881274597253650427e-02
2.745999991893768311e-01,2.652042236328125000e+03,6.885035452432930470e-02
2.746999859809875488e-01,2.650828552246093750e+03,6.888797006104141474e-02
2.748000025749206543e-01,2.649615783691406250e+03,6.892557011451572180e-02
2.748999893665313721e-01,2.648403991699218750e+03,6.896316958591341972e-02
2.750000059604644775e-01,2.647192871093750000e+03,6.900076859164983034e-02
2.750999927520751953e-01,2.645981811523437500e+03,6.903837504796683788e-02
2.752000093460083008e-01,2.644770690917968750e+03,6.907598883844912052e-02
2.752999961376190186e-01,2.643559936523437500e+03,6.911359494552016258e-02
2.754000127315521240e-01,2.642349121093750000e+03,6.915121583733707666e-02
2.754999995231628418e-01,2.641137756347656250e+03,6.918883672915399075e-02
2.755999863147735596e-01,2.639926147460937500e+03,6.922646507155150175e-02
2.757000029087066650e-01,2.638714477539062500e+03,6.926410063169896603e-02
2.757999897003173828e-01,2.637503173828125000e+03,6.930172850843518972e-02
2.759000062942504883e-01,2.636291992187500000e+03,6.933936360292136669e-02
2.759999930858612061e-01,2.635080932617187500e+03,6.937699858099222183e-02
2.761000096797943115e-01,2.633870300292968750e+03,6.941463332623243332e-02
2.761999964714050293e-01,2.632660034179687500e+03,6.945226772222667933e-02
2.763000130653381348e-01,2.631450317382812500e+03,6.948990921955555677e-02
2.763999998569488525e-01,2.630241577148437500e+03,6.952753535006195307e-02
2.764999866485595703e-01,2.629033630371093750e+03,6.956516846548765898e-02
2.766000032424926758e-01,2.627826477050781250e+03,6.960279366467148066e-02
2.766999900341033936e-01,2.626620483398437500e+03,6.964041083119809628e-02
2.768000066280364990e-01,2.625415466308593750e+03,6.967802741564810276e-02
2.768999934196472168e-01,2.624211730957031250e+03,6.971563585102558136e-02
2.770000100135803223e-01,2.623008850097656250e+03,6.975323637016117573e-02
2.770999968051910400e-01,2.621806945800781250e+03,6.979083642363548279e-02
2.772000133991241455e-01,2.620606262207031250e+03,6.982843577861785889e-02
2.773000001907348633e-01,2.619406616210937500e+03,6.986602710094302893e-02
2.773999869823455811e-01,2.618208190917968750e+03,6.990361039061099291e-02
2.775000035762786865e-01,2.617010803222656250e+03,6.994118553120642900e-02
2.775999903678894043e-01,2.615814941406250000e+03,6.997875997330993414e-02
2.777000069618225098e-01,2.614620117187500000e+03,7.001632638275623322e-02
2.777999937534332275e-01,2.613426574707031250e+03,7.005388464313000441e-02
2.779000103473663330e-01,2.612234313964843750e+03,7.009143487084656954e-02
2.779999971389770508e-01,2.611043334960937500e+03,7.012897683307528496e-02
2.781000137329101562e-01,2.609853637695312500e+03,7.016651821322739124e-02
2.782000005245208740e-01,2.608664916992187500e+03,7.020405156072229147e-02
2.782999873161315918e-01,2.607476318359375000e+03,7.024159200955182314e-02
2.784000039100646973e-01,2.606287048339843750e+03,7.027914014179259539e-02
2.784999907016754150e-01,2.605097229003906250e+03,7.031670329160988331e-02
2.786000072956085205e-01,2.603906799316406250e+03,7.035425910726189613e-02
2.786999940872192383e-01,2.602716186523437500e+03,7.039182225707918406e-02
2.788000106811523438e-01,2.601525268554687500e+03,7.042939285747706890e-02
2.788999974727630615e-01,2.600333923339843750e+03,7.046696345787495375e-02
2.790000140666961670e-01,2.599142089843750000e+03,7.050454162526875734e-02
2.791000008583068848e-01,2.597950073242187500e+03,7.054212724324315786e-02
2.791999876499176025e-01,2.596758178710937500e+03,7.057970506139099598e-02
2.793000042438507080e-01,2.595566833496093750e+03,7.061728264670819044e-02
2.793999910354614258e-01,2.594375976562500000e+03,7.065485964994877577e-02
2.795000076293945312e-01,2.593185974121093750e+03,7.069242885336279869e-02
2.795999944210052490e-01,2.591996887207031250e+03,7.072999759111553431e-02
2.797000110149383545e-01,2.590808593750000000e+03,7.076755829621106386e-02
2.797999978065490723e-01,2.589621398925781250e+03,7.080511108506470919e-02
2.799000144004821777e-01,2.588435363769531250e+03,7.084266329184174538e-02
2.800000011920928955e-01,2.587250366210937500e+03,7.088020746596157551e-02
2.800999879837036133e-01,2.586066589355468750e+03,7.091774349100887775e-02
2.802000045776367188e-01,2.584884094238281250e+03,7.095527136698365211e-02
2.802999913692474365e-01,2.583702697753906250e+03,7.099279877729713917e-02
2.804000079631805420e-01,2.582522583007812500e+03,7.103031792212277651e-02
2.804999947547912598e-01,2.581343750000000000e+03,7.106782158371061087e-02
2.806000113487243652e-01,2.580166137695312500e+03,7.110532454680651426e-02
2.806999981403350830e-01,2.578989746093750000e+03,7.114282681141048670e-02
2.808000147342681885e-01,2.577814514160156250e+03,7.118031347636133432e-02
2.809000015258789062e-01,2.576640625000000000e+03,7.121779955923557281e-02
2.809999883174896240e-01,2.575467895507812500e+03,7.125527015887200832e-02
2.811000049114227295e-01,2.574296447753906250e+03,7.129273994360119104e-02
2.811999917030334473e-01,2.573126159667968750e+03,7.133020169567316771e-02
2.813000082969665527e-01,2.571957153320312500e+03,7.136766286566853523e-02
2.813999950885772705e-01,2.570789062500000000e+03,7.140511600300669670e-02
2.815000116825103760e-01,2.569622192382812500e+03,7.144256110768765211e-02
2.815999984741210938e-01,2.568456237792968750e+03,7.147999817971140146e-02
2.816999852657318115e-01,2.567290832519531250e+03,7.151744235306978226e-02
2.818000018596649170e-01,2.566125793457031250e+03,7.155488617718219757e-02
2.818999886512756348e-01,2.564961242675781250e+03,7.159232965204864740e-02
2.820000052452087402e-01,2.563797180175781250e+03,7.162976544350385666e-02
2.820999920368194580e-01,2.562633728027343750e+03,7.166720821987837553e-02
2.822000086307525635e-01,2.561470886230468750e+03,7.170464308001101017e-02
2.822999954223632812e-01,2.560308959960937500e+03,7.174207002390176058e-02
2.824000120162963867e-01,2.559147888183593750e+03,7.177950395271182060e-02
2.824999988079071045e-01,2.557987854003906250e+03,7.181692239828407764e-02
2.825999855995178223e-01,2.556828674316406250e+03,7.185434026177972555e-02
2.827000021934509277e-01,2.555670776367187500e+03,7.189175765961408615e-02
2.827999889850616455e-01,2.554513793945312500e+03,7.192915945779532194e-02
2.829000055789947510e-01,2.553357910156250000e+03,7.196656812448054552e-02
2.829999923706054688e-01,2.552203186035156250e+03,7.200396130792796612e-02
2.831000089645385742e-01,2.551049560546875000e+03,7.204135390929877758e-02
2.831999957561492920e-01,2.549897216796875000e+03,7.207873091101646423e-02
2.833000123500823975e-01,2.548745971679687500e+03,7.211611478123813868e-02
2.833999991416931152e-01,2.547595397949218750e+03,7.215349073521792889e-02
2.834999859333038330e-01,2.546444580078125000e+03,7.219087413977831602e-02
2.836000025272369385e-01,2.545292358398437500e+03,7.222827302757650614e-02
2.836999893188476562e-01,2.544138732910156250e+03,7.226568728219717741e-02
2.838000059127807617e-01,2.542983764648437500e+03,7.230310956947505474e-02
2.838999927043914795e-01,2.541827697753906250e+03,7.234054699074476957e-02
2.840000092983245850e-01,2.540670898437500000e+03,7.237798464484512806e-02
2.840999960899353027e-01,2.539513671875000000e+03,7.241542974952608347e-02
2.842000126838684082e-01,2.538356262207031250e+03,7.245287485420703888e-02
2.842999994754791260e-01,2.537198913574218750e+03,7.249032729305326939e-02
2.843999862670898438e-01,2.536041687011718750e+03,7.252777193207293749e-02
2.845000028610229492e-01,2.534885009765625000e+03,7.256522378884255886e-02
2.845999896526336670e-01,2.533728881835937500e+03,7.260266784578561783e-02
2.847000062465667725e-01,2.532573303222656250e+03,7.264011155348271132e-02
2.847999930381774902e-01,2.531418334960937500e+03,7.267754734493792057e-02
2.849000096321105957e-01,2.530264160156250000e+03,7.271498267073184252e-02
2.849999964237213135e-01,2.529110778808593750e+03,7.275241753086447716e-02
2.851000130176544189e-01,2.527958251953125000e+03,7.278983702417463064e-02
2.851999998092651367e-01,2.526806579589843750e+03,7.282726338598877192e-02
2.852999866008758545e-01,2.525655944824218750e+03,7.286468183156102896e-02
2.854000031948089600e-01,2.524506225585937500e+03,7.290209224447607994e-02
2.854999899864196777e-01,2.523357604980468750e+03,7.293949474114924669e-02
2.856000065803527832e-01,2.522210021972656250e+03,7.297689653933048248e-02
2.856999933719635010e-01,2.521063476562500000e+03,7.301429042126983404e-02
2.858000099658966064e-01,2.519918029785156250e+03,7.305168360471725464e-02
2.858999967575073242e-01,2.518773742675781250e+03,7.308906875550746918e-02
2.860000133514404297e-01,2.517630554199218750e+03,7.312644599005579948e-02
2.861000001430511475e-01,2.516488464355468750e+03,7.316381507553160191e-02
2.861999869346618652e-01,2.515347473144531250e+03,7.320117612835019827e-02
2.863000035285949707e-01,2.514207641601562500e+03,7.323853659909218550e-02
2.863999903202056885e-01,2.513068908691406250e+03,7.327588892076164484e-02
2.865000069141387939e-01,2.511931335449218750e+03,7.331323332618921995e-02
2.865999937057495117e-01,2.510794921875000000e+03,7.335057703312486410e-02
2.867000102996826172e-01,2.509659729003906250e+03,7.338791270740330219e-02
2.867999970912933350e-01,2.508525146484375000e+03,7.342524791602045298e-02
2.869000136852264404e-01,2.507390075683593750e+03,7.346259814221411943e-02
2.870000004768371582e-01,2.506253204345703125e+03,7.349997130222618580e-02
2.870999872684478760e-01,2.505114532470703125e+03,7.353735237848013639e-02
2.872000038623809814e-01,2.503974578857421875e+03,7.357474893797188997e-02
2.872999906539916992e-01,2.502833801269531250e+03,7.361214549746364355e-02
2.874000072479248047e-01,2.501691986083984375e+03,7.364956487435847521e-02
2.874999940395355225e-01,2.500548065185546875e+03,7.368699996732175350e-02
2.876000106334686279e-01,2.499401824951171875e+03,7.372445089276880026e-02
2.876999974250793457e-01,2.498253540039062500e+03,7.376192475203424692e-02
2.878000140190124512e-01,2.497104125976562500e+03,7.379939896054565907e-02
2.879000008106231689e-01,2.495954101562500000e+03,7.383688073605298996e-02
2.879999876022338867e-01,2.494803894042968750e+03,7.387436239514499903e-02
2.881000041961669922e-01,2.493653869628906250e+03,7.391184382140636444e-02
2.881999909877777100e-01,2.492504302978515625e+03,7.394931744784116745e-02
2.883000075817108154e-01,2.491355224609375000e+03,7.398679817561060190e-02
2.883999943733215332e-01,2.490206024169921875e+03,7.402427878696471453e-02
2.885000109672546387e-01,2.489056701660156250e+03,7.406176684889942408e-02
2.885999977588653564e-01,2.487907165527343750e+03,7.409925491083413363e-02
2.887000143527984619e-01,2.486757720947265625e+03,7.413674273993819952e-02
2.888000011444091797e-01,2.485608551025390625e+03,7.417423790320754051e-02
2.888999879360198975e-01,2.484459777832031250e+03,7.421173271723091602e-02
2.890000045299530029e-01,2.483311614990234375e+03,7.424921973142772913e-02
2.890999913215637207e-01,2.482164154052734375e+03,7.428670639637857676e-02
2.892000079154968262e-01,2.481017456054687500e+03,7.432419259566813707e-02
2.892999947071075439e-01,2.479871612548828125e+03,7.436167076230049133e-02
2.894000113010406494e-01,2.478726715087890625e+03,7.439914101269096136e-02
2.894999980926513672e-01,2.477582885742187500e+03,7.443661824800074100e-02
2.896000146865844727e-01,2.476439971923828125e+03,7.447408000007271767e-02
2.897000014781951904e-01,2.475298126220703125e+03,7.451154117006808519e-02
2.897999882698059082e-01,2.474156921386718750e+03,7.454899454023689032e-02
2.899000048637390137e-01,2.473015380859375000e+03,7.458646281156688929e-02
2.899999916553497314e-01,2.471873107910156250e+03,7.462393119931221008e-02
2.901000082492828369e-01,2.470730133056640625e+03,7.466141460463404655e-02
2.901999950408935547e-01,2.469586669921875000e+03,7.469889812637120485e-02
2.903000116348266602e-01,2.468443023681640625e+03,7.473638898227363825e-02
2.903999984264373779e-01,2.467299285888671875e+03,7.477387983817607164e-02
2.904999852180480957e-01,2.466155853271484375e+03,7.481137779541313648e-02
2.906000018119812012e-01,2.465012817382812500e+03,7.484886795282363892e-02
2.906999886035919189e-01,2.463870361328125000e+03,7.488635776098817587e-02
2.908000051975250244e-01,2.462728546142578125e+03,7.492384721990674734e-02
2.908999919891357422e-01,2.461587493896484375e+03,7.496132864616811275e-02
2.910000085830688477e-01,2.460447265625000000e+03,7.499880972318351269e-02
2.910999953746795654e-01,2.459307983398437500e+03,7.503628276754170656e-02
2.912000119686126709e-01,2.458169189453125000e+03,7.507376302964985371e-02
2.912999987602233887e-01,2.457031066894531250e+03,7.511124294251203537e-02
2.913999855518341064e-01,2.455893615722656250e+03,7.514871493913233280e-02
2.915000021457672119e-01,2.454757080078125000e+03,7.518618635367602110e-02
2.915999889373779297e-01,2.453621490478515625e+03,7.522364985197782516e-02
2.917000055313110352e-01,2.452487030029296875e+03,7.526111288461834192e-02
2.917999923229217529e-01,2.451353424072265625e+03,7.529856788460165262e-02
2.919000089168548584e-01,2.450220733642578125e+03,7.533602241892367601e-02
2.919999957084655762e-01,2.449089019775390625e+03,7.537346903700381517e-02
2.921000123023986816e-01,2.447958282470703125e+03,7.541091507300734520e-02
2.921999990940093994e-01,2.446828735351562500e+03,7.544835319276899099e-02
2.922999858856201172e-01,2.445700347900390625e+03,7.548578316345810890e-02
2.924000024795532227e-01,2.444573089599609375e+03,7.552321255207061768e-02
2.924999892711639404e-01,2.443446990966796875e+03,7.556063390802592039e-02
2.926000058650970459e-01,2.442322082519531250e+03,7.559803966432809830e-02
2.926999926567077637e-01,2.441198394775390625e+03,7.563545240554958582e-02
2.928000092506408691e-01,2.440075775146484375e+03,7.567284966353327036e-02
2.928999960422515869e-01,2.438954284667968750e+03,7.571024633944034576e-02
2.930000126361846924e-01,2.437833831787109375e+03,7.574764254968613386e-02
2.930999994277954102e-01,2.436714477539062500e+03,7.578502327669411898e-02
2.931999862194061279e-01,2.435596343994140625e+03,7.582240342162549496e-02
2.933000028133392334e-01,2.434479248046875000e+03,7.585978298448026180e-02
2.933999896049499512e-01,2.433363525390625000e+03,7.589714706409722567e-02
2.935000061988830566e-01,2.432248931884765625e+03,7.593451056163758039e-02
2.935999929904937744e-01,2.431135467529296875e+03,7.597186602652072906e-02
2.937000095844268799e-01,2.430023376464843750e+03,7.600921334233134985e-02
2.937999963760375977e-01,2.428912353515625000e+03,7.604655262548476458e-02
2.939000129699707031e-01,2.427802612304687500e+03,7.608388375956565142e-02
2.939999997615814209e-01,2.426694030761718750e+03,7.612121442798525095e-02
2.940999865531921387e-01,2.425586791992187500e+03,7.615853694733232260e-02
2.942000031471252441e-01,2.424480682373046875e+03,7.619585143402218819e-02
2.942999899387359619e-01,2.423375793457031250e+03,7.623315777163952589e-02
2.944000065326690674e-01,2.422272094726562500e+03,7.627045607659965754e-02
2.944999933242797852e-01,2.421169647216796875e+03,7.630775379948318005e-02
2.946000099182128906e-01,2.420068389892578125e+03,7.634503592271357775e-02
2.946999967098236084e-01,2.418968353271484375e+03,7.638231746386736631e-02
2.948000133037567139e-01,2.417869628906250000e+03,7.641959097236394882e-02
2.949000000953674316e-01,2.416772003173828125e+03,7.645686389878392220e-02
2.949999868869781494e-01,2.415675598144531250e+03,7.649412122555077076e-02
2.951000034809112549e-01,2.414580291748046875e+03,7.653137797024101019e-02
2.951999902725219727e-01,2.413486236572265625e+03,7.656861923169344664e-02
2.953000068664550781e-01,2.412393341064453125e+03,7.660586736164987087e-02
2.953999936580657959e-01,2.411301605224609375e+03,7.664310000836849213e-02
2.955000102519989014e-01,2.410211090087890625e+03,7.668032450601458549e-02
2.955999970436096191e-01,2.409121276855468750e+03,7.671754877083003521e-02
2.957000136375427246e-01,2.408030548095703125e+03,7.675478805322200060e-02
2.958000004291534424e-01,2.406937408447265625e+03,7.679205061867833138e-02
2.958999872207641602e-01,2.405841857910156250e+03,7.682932901661843061e-02
2.960000038146972656e-01,2.404744079589843750e+03,7.686662301421165466e-02
2.960999906063079834e-01,2.403644683837890625e+03,7.690392492804676294e-02
2.962000072002410889e-01,2.402543304443359375e+03,7.694124977570027113e-02
2.962999939918518066e-01,2.401438568115234375e+03,7.697860582266002893e-02
2.964000105857849121e-01,2.400329467773437500e+03,7.701599318534135818e-02
2.964999973773956299e-01,2.399216247558593750e+03,7.705341198015958071e-02
2.966000139713287354e-01,2.398099639892578125e+03,7.709085440728813410e-02
2.967000007629394531e-01,2.396980316162109375e+03,7.712831266690045595e-02
2.967999875545501709e-01,2.395858978271484375e+03,7.716577907558530569e-02
2.969000041484832764e-01,2.394736297607421875e+03,7.720326073467731476e-02
2.969999909400939941e-01,2.393612670898437500e+03,7.724074262659996748e-02
2.971000075340270996e-01,2.392488464355468750e+03,7.727823208551853895e-02
2.971999943256378174e-01,2.391364013671875000e+03,7.731572887860238552e-02
2.973000109195709229e-01,2.390239562988281250e+03,7.735321810469031334e-02
2.973999977111816406e-01,2.389115234375000000e+03,7.739070721436291933e-02
2.975000143051147461e-01,2.387991333007812500e+03,7.742819597478955984e-02
2.976000010967254639e-01,2.386867614746093750e+03,7.746569195296615362e-02
2.976999878883361816e-01,2.385743743896484375e+03,7.750318036414682865e-02
2.978000044822692871e-01,2.384619598388671875e+03,7.754067634232342243e-02
2.978999912738800049e-01,2.383495208740234375e+03,7.757817965466529131e-02
2.980000078678131104e-01,2.382370574951171875e+03,7.761569053400307894e-02
2.980999946594238281e-01,2.381245086669921875e+03,7.765320921316742897e-02
2.982000112533569336e-01,2.380118865966796875e+03,7.769073557574301958e-02
2.982999980449676514e-01,2.378991973876953125e+03,7.772826938889920712e-02
2.984000146389007568e-01,2.377864990234375000e+03,7.776580331847071648e-02
2.985000014305114746e-01,2.376738128662109375e+03,7.780334446579217911e-02
2.985999882221221924e-01,2.375611694335937500e+03,7.784087781328707933e-02
2.987000048160552979e-01,2.374485839843750000e+03,7.787841081153601408e-02
2.987999916076660156e-01,2.373360656738281250e+03,7.791593600995838642e-02
2.989000082015991211e-01,2.372236267089843750e+03,7.795346074271947145e-02
2.989999949932098389e-01,2.371112823486328125e+03,7.799097755923867226e-02
2.991000115871429443e-01,2.369990234375000000e+03,7.802849391009658575e-02
2.991999983787536621e-01,2.368868560791015625e+03,7.806600222829729319e-02
2.992999851703643799e-01,2.367747985839843750e+03,7.810350257204845548e-02
2.994000017642974854e-01,2.366628387451171875e+03,7.814100245013833046e-02
2.994999885559082031e-01,2.365509735107421875e+03,7.817849429557099938e-02
2.996000051498413086e-01,2.364392059326171875e+03,7.821598567534238100e-02
2.996999919414520264e-01,2.363275421142578125e+03,7.825346913887187839e-02
2.998000085353851318e-01,2.362159698486328125e+03,7.829095202032476664e-02
2.998999953269958496e-01,2.361045013427734375e+03,7.832841953495517373e-02
3.000000119209289551e-01,2.359931427001953125e+03,7.836589391808956861e-02
3.000999987125396729e-01,2.358818908691406250e+03,7.840335281798616052e-02
3.001999855041503906e-01,2.357707519531250000e+03,7.844081119401380420e-02
3.003000020980834961e-01,2.356597290039062500e+03,7.847826153738424182e-02
3.003999888896942139e-01,2.355488037109375000e+03,7.851570390630513430e-02
3.005000054836273193e-01,2.354379943847656250e+03,7.855313818436115980e-02
3.005999922752380371e-01,2.353272949218750000e+03,7.859057193854823709e-02
3.007000088691711426e-01,2.352167053222656250e+03,7.862799771828576922e-02
3.007999956607818604e-01,2.351062316894531250e+03,7.866541540715843439e-02
3.009000122547149658e-01,2.349958679199218750e+03,7.870282512158155441e-02
3.009999990463256836e-01,2.348856170654296875e+03,7.874023425392806530e-02
3.010999858379364014e-01,2.347754791259765625e+03,7.877763535361737013e-02
3.012000024318695068e-01,2.346654510498046875e+03,7.881502847885712981e-02
3.012999892234802246e-01,2.345555328369140625e+03,7.885241351323202252e-02
3.014000058174133301e-01,2.344457305908203125e+03,7.888979808194562793e-02
3.014999926090240479e-01,2.343360321044921875e+03,7.892716710921376944e-02
3.016000092029571533e-01,2.342264556884765625e+03,7.896453555440530181e-02
3.016999959945678711e-01,2.341169830322265625e+03,7.900190347572788596e-02
3.018000125885009766e-01,2.340076232910156250e+03,7.903925591381266713e-02
3.018999993801116943e-01,2.338983825683593750e+03,7.907660782802850008e-02
3.019999861717224121e-01,2.337892456054687500e+03,7.911395165137946606e-02
3.021000027656555176e-01,2.336802246093750000e+03,7.915128750028088689e-02
3.021999895572662354e-01,2.335713134765625000e+03,7.918861537473276258e-02
3.023000061511993408e-01,2.334625122070312500e+03,7.922594260890036821e-02
3.023999929428100586e-01,2.333538269042968750e+03,7.926326186861842871e-02
3.025000095367431641e-01,2.332452453613281250e+03,7.930057309567928314e-02
3.025999963283538818e-01,2.331367828369140625e+03,7.933788379887118936e-02
3.027000129222869873e-01,2.330284271240234375e+03,7.937517901882529259e-02
3.027999997138977051e-01,2.329201477050781250e+03,7.941248128190636635e-02
3.028999865055084229e-01,2.328119293212890625e+03,7.944978319574147463e-02
3.030000030994415283e-01,2.327037994384765625e+03,7.948707725154235959e-02
3.030999898910522461e-01,2.325957489013671875e+03,7.952437084168195724e-02
3.032000064849853516e-01,2.324877990722656250e+03,7.956165645737200975e-02
3.032999932765960693e-01,2.323799438476562500e+03,7.959893409861251712e-02
3.034000098705291748e-01,2.322721954345703125e+03,7.963620382361114025e-02
3.034999966621398926e-01,2.321645629882812500e+03,7.967347296653315425e-02
3.036000132560729980e-01,2.320570037841796875e+03,7.971074164379388094e-02
3.037000000476837158e-01,2.319495239257812500e+03,7.974800997180864215e-02
3.037999868392944336e-01,2.318421264648437500e+03,7.978527038358151913e-02
3.039000034332275391e-01,2.317348266601562500e+03,7.982252287911251187e-02
3.039999902248382568e-01,2.316276184082031250e+03,7.985977490898221731e-02
3.041000068187713623e-01,2.315205139160156250e+03,7.989701896440237761e-02
3.041999936103820801e-01,2.314135131835937500e+03,7.993425504537299275e-02
3.043000102043151855e-01,2.313066162109375000e+03,7.997149060247465968e-02
3.043999969959259033e-01,2.311998199462890625e+03,8.000872563570737839e-02
3.045000135898590088e-01,2.310931060791015625e+03,8.004594530211761594e-02
3.046000003814697266e-01,2.309865020751953125e+03,8.008317195344716311e-02
3.046999871730804443e-01,2.308799987792968750e+03,8.012038317974656820e-02
3.048000037670135498e-01,2.307735992431640625e+03,8.015759388217702508e-02
3.048999905586242676e-01,2.306673065185546875e+03,8.019479655195027590e-02
3.050000071525573730e-01,2.305611236572265625e+03,8.023199130548164248e-02
3.050999939441680908e-01,2.304550476074218750e+03,8.026918541872873902e-02
3.052000105381011963e-01,2.303490814208984375e+03,8.030637161573395133e-02
3.052999973297119141e-01,2.302432220458984375e+03,8.034354978008195758e-02
3.054000139236450195e-01,2.301374755859375000e+03,8.038072742056101561e-02
3.055000007152557373e-01,2.300318389892578125e+03,8.041788957780227065e-02
3.055999875068664551e-01,2.299263092041015625e+03,8.045505121117457747e-02
3.057000041007995605e-01,2.298208831787109375e+03,8.049220487009733915e-02
3.057999908924102783e-01,2.297155700683593750e+03,8.052935794694349170e-02
3.059000074863433838e-01,2.296103332519531250e+03,8.056650310754776001e-02
3.059999942779541016e-01,2.295051422119140625e+03,8.060365554410964251e-02
3.061000108718872070e-01,2.293999389648437500e+03,8.064081525662913918e-02
3.061999976634979248e-01,2.292947570800781250e+03,8.067797485273331404e-02
3.063000142574310303e-01,2.291896209716796875e+03,8.071512664901092649e-02
3.064000010490417480e-01,2.290845306396484375e+03,8.075227815425023437e-02
3.064999878406524658e-01,2.289795135498046875e+03,8.078942925203591585e-02
3.066000044345855713e-01,2.288745849609375000e+03,8.082657994236797094e-02
3.066999912261962891e-01,2.287697296142578125e+03,8.086371526587754488e-02
3.068000078201293945e-01,2.286649627685546875e+03,8.090085757430642843e-02
3.068999946117401123e-01,2.285602874755859375e+03,8.093798451591283083e-02
3.070000112056732178e-01,2.284556823730468750e+03,8.097511850064620376e-02
3.070999979972839355e-01,2.283511535644531250e+03,8.101224468555301428e-02
3.072000145912170410e-01,2.282466613769531250e+03,8.104937052121385932e-02
3.073000013828277588e-01,2.281422363281250000e+03,8.108650351641699672e-02
3.073999881744384766e-01,2.280378662109375000e+03,8.112362871179357171e-02
3.075000047683715820e-01,2.279335693359375000e+03,8.116074610734358430e-02
3.075999915599822998e-01,2.278293518066406250e+03,8.119786309543997049e-02
3.077000081539154053e-01,2.277252075195312500e+03,8.123497961787506938e-02
3.077999949455261230e-01,2.276211425781250000e+03,8.127209573285654187e-02
3.079000115394592285e-01,2.275171691894531250e+03,8.130919648101553321e-02
3.079999983310699463e-01,2.274132965087890625e+03,8.134629676351323724e-02
3.080999851226806641e-01,2.273095092773437500e+03,8.138339652214199305e-02
3.082000017166137695e-01,2.272058197021484375e+03,8.142048842273652554e-02
3.082999885082244873e-01,2.271022216796875000e+03,8.145757234888151288e-02
3.084000051021575928e-01,2.269987213134765625e+03,8.149465586757287383e-02
3.084999918937683105e-01,2.268953094482421875e+03,8.153173141181468964e-02
3.086000084877014160e-01,2.267920013427734375e+03,8.156880649039521813e-02
3.086999952793121338e-01,2.266887878417968750e+03,8.160586614394560456e-02
3.088000118732452393e-01,2.265856384277343750e+03,8.164293289883062243e-02
3.088999986648559570e-01,2.264824829101562500e+03,8.167999959550797939e-02
3.089999854564666748e-01,2.263792816162109375e+03,8.171707385918125510e-02
3.091000020503997803e-01,2.262760375976562500e+03,8.175414823926985264e-02
3.091999888420104980e-01,2.261727783203125000e+03,8.179123006993904710e-02
3.093000054359436035e-01,2.260695098876953125e+03,8.182831923477351665e-02
3.093999922275543213e-01,2.259662353515625000e+03,8.186540845781564713e-02
3.095000088214874268e-01,2.258629150390625000e+03,8.190250524785369635e-02
3.095999956130981445e-01,2.257595642089843750e+03,8.193960954668000340e-02
3.097000122070312500e-01,2.256562225341796875e+03,8.197672123787924647e-02
3.097999989986419678e-01,2.255529083251953125e+03,8.201382536208257079e-02
3.098999857902526855e-01,2.254496215820312500e+03,8.205093664582818747e-02
3.100000023841857910e-01,2.253463928222656250e+03,8.208804024616256356e-02
3.100999891757965088e-01,2.252432220458984375e+03,8.212514355545863509e-02
3.102000057697296143e-01,2.251401245117187500e+03,8.216224645730108023e-02
3.102999925613403320e-01,2.250370117187500000e+03,8.219936431851238012e-02
3.104000091552734375e-01,2.249337829589843750e+03,8.223649009596556425e-02
3.104999959468841553e-01,2.248304199218750000e+03,8.227363129844889045e-02
3.106000125408172607e-01,2.247269287109375000e+03,8.231078030075877905e-02
3.106999993324279785e-01,2.246233520507812500e+03,8.234793704468756914e-02
3.107999861240386963e-01,2.245197357177734375e+03,8.238510123919695616e-02
3.109000027179718018e-01,2.244160949707031250e+03,8.242226543370634317e-02
3.109999895095825195e-01,2.243124755859375000e+03,8.245943696238100529e-02
3.111000061035156250e-01,2.242088897705078125e+03,8.249660074943676591e-02
3.111999928951263428e-01,2.241053405761718750e+03,8.253376424545422196e-02
3.113000094890594482e-01,2.240018493652343750e+03,8.257091999985277653e-02
3.113999962806701660e-01,2.238984222412109375e+03,8.260808279737830162e-02
3.115000128746032715e-01,2.237950744628906250e+03,8.264523773686960340e-02
3.115999996662139893e-01,2.236917999267578125e+03,8.268238481832668185e-02
3.116999864578247070e-01,2.235886108398437500e+03,8.271953149233013391e-02
3.118000030517578125e-01,2.234855041503906250e+03,8.275667025009170175e-02
3.118999898433685303e-01,2.233824859619140625e+03,8.279380854219198227e-02
3.120000064373016357e-01,2.232795501708984375e+03,8.283093897625803947e-02
3.120999932289123535e-01,2.231767120361328125e+03,8.286806888645514846e-02
3.122000098228454590e-01,2.230739685058593750e+03,8.290518342982977629e-02
3.122999966144561768e-01,2.229713195800781250e+03,8.294230495812371373e-02
3.124000132083892822e-01,2.228687622070312500e+03,8.297941857017576694e-02
3.125000000000000000e-01,2.227662933349609375e+03,8.301652426598593593e-02
3.125999867916107178e-01,2.226639282226562500e+03,8.305362204555422068e-02
3.127000033855438232e-01,2.225616607666015625e+03,8.309071930125355721e-02
3.127999901771545410e-01,2.224594818115234375e+03,8.312780864071100950e-02
3.129000067710876465e-01,2.223573699951171875e+03,8.316489763092249632e-02
3.129999935626983643e-01,2.222553161621093750e+03,8.320198627188801765e-02
3.131000101566314697e-01,2.221533386230468750e+03,8.323907450539991260e-02
3.131999969482421875e-01,2.220514343261718750e+03,8.327615493908524513e-02
3.133000135421752930e-01,2.219496093750000000e+03,8.331323496531695127e-02
3.134000003337860107e-01,2.218478759765625000e+03,8.335030707530677319e-02
3.134999871253967285e-01,2.217462280273437500e+03,8.338737871963530779e-02
3.136000037193298340e-01,2.216446746826171875e+03,8.342444250592961907e-02
3.136999905109405518e-01,2.215432159423828125e+03,8.346149831777438521e-02
3.138000071048736572e-01,2.214418487548828125e+03,8.349855372216552496e-02
3.138999938964843750e-01,2.213405761718750000e+03,8.353560860268771648e-02
3.140000104904174805e-01,2.212394042968750000e+03,8.357264811638742685e-02
3.140999972820281982e-01,2.211383239746093750e+03,8.360968716442584991e-02
3.142000138759613037e-01,2.210373474121093750e+03,8.364671823801472783e-02
3.143000006675720215e-01,2.209364440917968750e+03,8.368375641293823719e-02
3.143999874591827393e-01,2.208354675292968750e+03,8.372081723064184189e-02
3.145000040531158447e-01,2.207342498779296875e+03,8.375790138961747289e-02
3.145999908447265625e-01,2.206327148437500000e+03,8.379501657327637076e-02
3.147000074386596680e-01,2.205309143066406250e+03,8.383214770583435893e-02
3.147999942302703857e-01,2.204289154052734375e+03,8.386930183041840792e-02
3.149000108242034912e-01,2.203267822265625000e+03,8.390645642066374421e-02
3.149999976158142090e-01,2.202245666503906250e+03,8.394361863611266017e-02
3.151000142097473145e-01,2.201223205566406250e+03,8.398078085156157613e-02
3.152000010013580322e-01,2.200200683593750000e+03,8.401795045938342810e-02
3.152999877929687500e-01,2.199178436279296875e+03,8.405511238379403949e-02
3.154000043869018555e-01,2.198156585693359375e+03,8.409227401716634631e-02
3.154999911785125732e-01,2.197135345458984375e+03,8.412943530129268765e-02
3.156000077724456787e-01,2.196114746093750000e+03,8.416658878559246659e-02
3.156999945640563965e-01,2.195094909667968750e+03,8.420374192064628005e-02
3.158000111579895020e-01,2.194075836181640625e+03,8.424088708125054836e-02
3.158999979496002197e-01,2.193057647705078125e+03,8.427803189260885119e-02
3.160000145435333252e-01,2.192040313720703125e+03,8.431516872951760888e-02
3.161000013351440430e-01,2.191023895263671875e+03,8.435230515897274017e-02
3.161999881267547607e-01,2.190008392333984375e+03,8.438942616339772940e-02
3.163000047206878662e-01,2.188993835449218750e+03,8.442655421094968915e-02
3.163999915122985840e-01,2.187980163574218750e+03,8.446366689167916775e-02
3.165000081062316895e-01,2.186967468261718750e+03,8.450077904853969812e-02
3.165999948978424072e-01,2.185955749511718750e+03,8.453788328915834427e-02
3.167000114917755127e-01,2.184944976806640625e+03,8.457498706411570311e-02
3.167999982833862305e-01,2.183935089111328125e+03,8.461208292283117771e-02
3.169000148773193359e-01,2.182926116943359375e+03,8.464917092351242900e-02
3.170000016689300537e-01,2.181918121337890625e+03,8.468625845853239298e-02
3.170999884605407715e-01,2.180911071777343750e+03,8.472333807731047273e-02
3.172000050544738770e-01,2.179904937744140625e+03,8.476041723042726517e-02
3.172999918460845947e-01,2.178899810791015625e+03,8.479748840909451246e-02
3.174000084400177002e-01,2.177895690917968750e+03,8.483455172972753644e-02
3.174999952316284180e-01,2.176892456054687500e+03,8.487160707591101527e-02
3.176000118255615234e-01,2.175890258789062500e+03,8.490866195643320680e-02
3.176999986171722412e-01,2.174889038085937500e+03,8.494571631308645010e-02
3.177999854087829590e-01,2.173888793945312500e+03,8.498275530291721225e-02
3.179000020027160645e-01,2.172889526367187500e+03,8.501979382708668709e-02
3.179999887943267822e-01,2.171891235351562500e+03,8.505682443501427770e-02
3.181000053882598877e-01,2.170894012451171875e+03,8.509385457728058100e-02
3.181999921798706055e-01,2.169897674560546875e+03,8.513087674509733915e-02
3.183000087738037109e-01,2.168902343750000000e+03,8.516789099667221308e-02
3.183999955654144287e-01,2.167907928466796875e+03,8.520489727379754186e-02
3.185000121593475342e-01,2.166914550781250000e+03,8.524190314346924424e-02
3.185999989509582520e-01,2.165922210693359375e+03,8.527890103869140148e-02
3.186999857425689697e-01,2.164930725097656250e+03,8.531589846825227141e-02
3.188000023365020752e-01,2.163940307617187500e+03,8.535288792336359620e-02
3.188999891281127930e-01,2.162950744628906250e+03,8.538986952044069767e-02
3.190000057220458984e-01,2.161962280273437500e+03,8.542684314306825399e-02
3.190999925136566162e-01,2.160974731445312500e+03,8.546381630003452301e-02
3.192000091075897217e-01,2.159988220214843750e+03,8.550078154075890779e-02
3.192999958992004395e-01,2.159002624511718750e+03,8.553774625761434436e-02
3.194000124931335449e-01,2.158017822265625000e+03,8.557470317464321852e-02
3.194999992847442627e-01,2.157033508300781250e+03,8.561166730942204595e-02
3.195999860763549805e-01,2.156049621582031250e+03,8.564863126957789063e-02
3.197000026702880859e-01,2.155066223144531250e+03,8.568558742990717292e-02
3.197999894618988037e-01,2.154082946777343750e+03,8.572255837498232722e-02
3.199000060558319092e-01,2.153098388671875000e+03,8.575954462867230177e-02
3.199999928474426270e-01,2.152111694335937500e+03,8.579655410721898079e-02
3.201000094413757324e-01,2.151123107910156250e+03,8.583357167663052678e-02
3.201999962329864502e-01,2.150132934570312500e+03,8.587060472927987576e-02
3.203000128269195557e-01,2.149141693115234375e+03,8.590764552354812622e-02
3.203999996185302734e-01,2.148149780273437500e+03,8.594469400122761726e-02
3.204999864101409912e-01,2.147157379150390625e+03,8.598174998769536614e-02
3.206000030040740967e-01,2.146164886474609375e+03,8.601879846537485719e-02
3.206999897956848145e-01,2.145172485351562500e+03,8.605585427721962333e-02
3.208000063896179199e-01,2.144180419921875000e+03,8.609290985623374581e-02
3.208999931812286377e-01,2.143188751220703125e+03,8.612995769362896681e-02
3.210000097751617432e-01,2.142197753906250000e+03,8.616700523998588324e-02
3.210999965667724609e-01,2.141207336425781250e+03,8.620405243709683418e-02
3.212000131607055664e-01,2.140217620849609375e+03,8.624109177617356181e-02
3.212999999523162842e-01,2.139228759765625000e+03,8.627813076600432396e-02
3.213999867439270020e-01,2.138240600585937500e+03,8.631516183959320188e-02
3.215000033378601074e-01,2.137253387451171875e+03,8.635218505514785647e-02
3.215999901294708252e-01,2.136266845703125000e+03,8.638920786324888468e-02
3.217000067234039307e-01,2.135281311035156250e+03,8.642623026389628649e-02
3.217999935150146484e-01,2.134296661376953125e+03,8.646323723951354623e-02
3.219000101089477539e-01,2.133312805175781250e+03,8.650024386588484049e-02
3.219999969005584717e-01,2.132329895019531250e+03,8.653724996838718653e-02
3.221000134944915771e-01,2.131347808837890625e+03,8.657424821285530925e-02
3.222000002861022949e-01,2.130366760253906250e+03,8.661123854108154774e-02
3.222999870777130127e-01,2.129386505126953125e+03,8.664822840364649892e-02
3.224000036716461182e-01,2.128407196044921875e+03,8.668521040817722678e-02
3.224999904632568359e-01,2.127428802490234375e+03,8.672218449646607041e-02
3.226000070571899414e-01,2.126451324462890625e+03,8.675915811909362674e-02
3.226999938488006592e-01,2.125474761962890625e+03,8.679612388368695974e-02
3.228000104427337646e-01,2.124499145507812500e+03,8.683308167383074760e-02
3.228999972343444824e-01,2.123524383544921875e+03,8.687003905652090907e-02
3.230000138282775879e-01,2.122550628662109375e+03,8.690698852296918631e-02
3.231000006198883057e-01,2.121577667236328125e+03,8.694393752375617623e-02
3.231999874114990234e-01,2.120605773925781250e+03,8.698087121592834592e-02
3.233000040054321289e-01,2.119634674072265625e+03,8.701781189301982522e-02
3.233999907970428467e-01,2.118664550781250000e+03,8.705473720328882337e-02
3.235000073909759521e-01,2.117695343017578125e+03,8.709166204789653420e-02
3.235999941825866699e-01,2.116727020263671875e+03,8.712857903447002172e-02
3.237000107765197754e-01,2.115759399414062500e+03,8.716549561358988285e-02
3.237999975681304932e-01,2.114792083740234375e+03,8.720241207629442215e-02
3.239000141620635986e-01,2.113824859619140625e+03,8.723933581495657563e-02
3.240000009536743164e-01,2.112857757568359375e+03,8.727625949541106820e-02
3.240999877452850342e-01,2.111889587402343750e+03,8.731319842627272010e-02
3.242000043392181396e-01,2.110918518066406250e+03,8.735016093123704195e-02
3.242999911308288574e-01,2.109944122314453125e+03,8.738715451909229159e-02
3.244000077247619629e-01,2.108966766357421875e+03,8.742417156463488936e-02
3.244999945163726807e-01,2.107986999511718750e+03,8.746121189324185252e-02
3.246000111103057861e-01,2.107005584716796875e+03,8.749826025450602174e-02
3.246999979019165039e-01,2.106022979736328125e+03,8.753532392438501120e-02
3.248000144958496094e-01,2.105039733886718750e+03,8.757238782709464431e-02
3.249000012874603271e-01,2.104056152343750000e+03,8.760945918038487434e-02
3.249999880790710449e-01,2.103072509765625000e+03,8.764653047546744347e-02
3.251000046730041504e-01,2.102089111328125000e+03,8.768360159592702985e-02
3.251999914646148682e-01,2.101106018066406250e+03,8.772067254176363349e-02
3.253000080585479736e-01,2.100123413085937500e+03,8.775774319656193256e-02
3.253999948501586914e-01,2.099141418457031250e+03,8.779481350211426616e-02
3.255000114440917969e-01,2.098160095214843750e+03,8.783187606604769826e-02
3.255999982357025146e-01,2.097179534912109375e+03,8.786893077194690704e-02
3.257000148296356201e-01,2.096199645996093750e+03,8.790598507039248943e-02
3.258000016212463379e-01,2.095220611572265625e+03,8.794303901959210634e-02
3.258999884128570557e-01,2.094242034912109375e+03,8.798009267775341868e-02
3.260000050067901611e-01,2.093264099121093750e+03,8.801713865250349045e-02
3.260999917984008789e-01,2.092286621093750000e+03,8.805419178679585457e-02
3.262000083923339844e-01,2.091309814453125000e+03,8.809123717946931720e-02
3.262999951839447021e-01,2.090333648681640625e+03,8.812828228110447526e-02
3.264000117778778076e-01,2.089358184814453125e+03,8.816532703349366784e-02
3.264999985694885254e-01,2.088383544921875000e+03,8.820236392784863710e-02
3.265999853610992432e-01,2.087409729003906250e+03,8.823940047295764089e-02
3.267000019550323486e-01,2.086436706542968750e+03,8.827642916003242135e-02
3.267999887466430664e-01,2.085464599609375000e+03,8.831344993086531758e-02
3.269000053405761719e-01,2.084493438720703125e+03,8.835047035245224833e-02
3.269999921321868896e-01,2.083523101806640625e+03,8.838749025017023087e-02
3.271000087261199951e-01,2.082553649902343750e+03,8.842450234806165099e-02
3.271999955177307129e-01,2.081585235595703125e+03,8.846150652971118689e-02
3.273000121116638184e-01,2.080617584228515625e+03,8.849851024569943547e-02
3.273999989032745361e-01,2.079650909423828125e+03,8.853550610365346074e-02
3.274999856948852539e-01,2.078685150146484375e+03,8.857249404536560178e-02
3.276000022888183594e-01,2.077720306396484375e+03,8.860948152141645551e-02
3.276999890804290771e-01,2.076756439208984375e+03,8.864646113943308592e-02
3.278000056743621826e-01,2.075793365478515625e+03,8.868343289941549301e-02
3.278999924659729004e-01,2.074831268310546875e+03,8.872040419373661280e-02
3.280000090599060059e-01,2.073870117187500000e+03,8.875736757181584835e-02
3.280999958515167236e-01,2.072909820556640625e+03,8.879433048423379660e-02
3.282000124454498291e-01,2.071950439453125000e+03,8.883128559682518244e-02
3.282999992370605469e-01,2.070992034912109375e+03,8.886823273496702313e-02
3.283999860286712646e-01,2.070034484863281250e+03,8.890517201507464051e-02
3.285000026226043701e-01,2.069077850341796875e+03,8.894211082952097058e-02
3.285999894142150879e-01,2.068122192382812500e+03,8.897904923651367426e-02
3.287000060081481934e-01,2.067167327880859375e+03,8.901597978547215462e-02
3.287999927997589111e-01,2.066212982177734375e+03,8.905290259281173348e-02
3.289000093936920166e-01,2.065259033203125000e+03,8.908984012668952346e-02
3.289999961853027344e-01,2.064305450439453125e+03,8.912677009357139468e-02
3.291000127792358398e-01,2.063352264404296875e+03,8.916370721999555826e-02
3.291999995708465576e-01,2.062399597167968750e+03,8.920063666300848126e-02
3.292999863624572754e-01,2.061447479248046875e+03,8.923756581498309970e-02
3.294000029563903809e-01,2.060496093750000000e+03,8.927449461771175265e-02
3.294999897480010986e-01,2.059545440673828125e+03,8.931141562061384320e-02
3.296000063419342041e-01,2.058595581054687500e+03,8.934833621606230736e-02
3.296999931335449219e-01,2.057646514892578125e+03,8.938524901168420911e-02
3.298000097274780273e-01,2.056698242187500000e+03,8.942216134164482355e-02
3.298999965190887451e-01,2.055750793457031250e+03,8.945906587177887559e-02
3.300000131130218506e-01,2.054804382324218750e+03,8.949596993625164032e-02
3.300999999046325684e-01,2.053858642578125000e+03,8.953286620089784265e-02
3.301999866962432861e-01,2.052913940429687500e+03,8.956976199988275766e-02
3.303000032901763916e-01,2.051970062255859375e+03,8.960664988262578845e-02
3.303999900817871094e-01,2.051027008056640625e+03,8.964352996554225683e-02
3.305000066757202148e-01,2.050084777832031250e+03,8.968040964100509882e-02
3.305999934673309326e-01,2.049143432617187500e+03,8.971728151664137840e-02
3.307000100612640381e-01,2.048202911376953125e+03,8.975415286840870976e-02
3.307999968528747559e-01,2.047263397216796875e+03,8.979101642034947872e-02
3.309000134468078613e-01,2.046324737548828125e+03,8.982787950662896037e-02
3.310000002384185791e-01,2.045386962890625000e+03,8.986473473487421870e-02
3.310999870300292969e-01,2.044450103759765625e+03,8.990158204687759280e-02
3.312000036239624023e-01,2.043514099121093750e+03,8.993842895142734051e-02
3.312999904155731201e-01,2.042579071044921875e+03,8.997526799794286489e-02
3.314000070095062256e-01,2.041644927978515625e+03,9.001210657879710197e-02
3.314999938011169434e-01,2.040711700439453125e+03,9.004892979282885790e-02
3.316000103950500488e-01,2.039779388427734375e+03,9.008576004998758435e-02
3.316999971866607666e-01,2.038847930908203125e+03,9.012257499853149056e-02
3.318000137805938721e-01,2.037917449951171875e+03,9.015938953962177038e-02
3.319000005722045898e-01,2.036987884521484375e+03,9.019619610626250505e-02
3.319999873638153076e-01,2.036059204101562500e+03,9.023300232365727425e-02
3.321000039577484131e-01,2.035131378173828125e+03,9.026980062481015921e-02
3.321999907493591309e-01,2.034204498291015625e+03,9.030659106792882085e-02
3.323000073432922363e-01,2.033278503417968750e+03,9.034338104538619518e-02
3.323999941349029541e-01,2.032353424072265625e+03,9.038016316480934620e-02
3.325000107288360596e-01,2.031429199218750000e+03,9.041693742619827390e-02
3.325999975204467773e-01,2.030505950927734375e+03,9.045371122192591429e-02
3.327000141143798828e-01,2.029583526611328125e+03,9.049047715961933136e-02
3.328000009059906006e-01,2.028662109375000000e+03,9.052723523927852511e-02
3.328999876976013184e-01,2.027741455078125000e+03,9.056399285327643156e-02
3.330000042915344238e-01,2.026821746826171875e+03,9.060074260924011469e-02
3.330999910831451416e-01,2.025902709960937500e+03,9.063749213237315416e-02
3.332000076770782471e-01,2.024983642578125000e+03,9.067424153909087181e-02
3.332999944686889648e-01,2.024064239501953125e+03,9.071100602159276605e-02
3.334000110626220703e-01,2.023144042968750000e+03,9.074777818750590086e-02
3.334999978542327881e-01,2.022223175048828125e+03,9.078455809503793716e-02
3.336000144481658936e-01,2.021301940917968750e+03,9.082134551135823131e-02
3.337000012397766113e-01,2.020380401611328125e+03,9.085814043646678329e-02
3.337999880313873291e-01,2.019459075927734375e+03,9.089492779457941651e-02
3.339000046253204346e-01,2.018537933349609375e+03,9.093172248685732484e-02
3.339999914169311523e-01,2.017617126464843750e+03,9.096850943751633167e-02
3.341000080108642578e-01,2.016696960449218750e+03,9.100530360592529178e-02
3.341999948024749756e-01,2.015777313232421875e+03,9.104208258213475347e-02
3.343000113964080811e-01,2.014858367919921875e+03,9.107886865967884660e-02
3.343999981880187988e-01,2.013940002441406250e+03,9.111564693739637733e-02
3.345000147819519043e-01,2.013022399902343750e+03,9.115242486586794257e-02
3.346000015735626221e-01,2.012105590820312500e+03,9.118919499451294541e-02
3.346999883651733398e-01,2.011189575195312500e+03,9.122595726512372494e-02
3.348000049591064453e-01,2.010274261474609375e+03,9.126271918648853898e-02
3.348999917507171631e-01,2.009359893798828125e+03,9.129948070039972663e-02
3.350000083446502686e-01,2.008446258544921875e+03,9.133623435627669096e-02
3.350999951362609863e-01,2.007533447265625000e+03,9.137298015411943197e-02
3.352000117301940918e-01,2.006621490478515625e+03,9.140972554450854659e-02
3.352999985218048096e-01,2.005709472656250000e+03,9.144644840853288770e-02
3.353999853134155273e-01,2.004798156738281250e+03,9.148316335631534457e-02
3.355000019073486328e-01,2.003887786865234375e+03,9.151986287906765938e-02
3.355999886989593506e-01,2.002978363037109375e+03,9.155656193615868688e-02
3.357000052928924561e-01,2.002069946289062500e+03,9.159324556821957231e-02
3.357999920845031738e-01,2.001162628173828125e+03,9.162992128403857350e-02
3.359000086784362793e-01,2.000256286621093750e+03,9.166659653419628739e-02
3.359999954700469971e-01,1.999350799560546875e+03,9.170326386811211705e-02
3.361000120639801025e-01,1.998446350097656250e+03,9.173992334399372339e-02
3.361999988555908203e-01,1.997542846679687500e+03,9.177657490363344550e-02
3.362999856472015381e-01,1.996640228271484375e+03,9.181322605581954122e-02
3.364000022411346436e-01,1.995738403320312500e+03,9.184986934997141361e-02
3.364999890327453613e-01,1.994837646484375000e+03,9.188651217846199870e-02
3.366000056266784668e-01,1.993937591552734375e+03,9.192314714891836047e-02
3.366999924182891846e-01,1.993038604736328125e+03,9.195977426134049892e-02
3.368000090122222900e-01,1.992140411376953125e+03,9.199640096630901098e-02
3.368999958038330078e-01,1.991243164062500000e+03,9.203301975503563881e-02
3.370000123977661133e-01,1.990346710205078125e+03,9.206963074393570423e-02
3.370999991893768311e-01,1.989451171875000000e+03,9.210624126717448235e-02
3.371999859809875488e-01,1.988556549072265625e+03,9.214284393237903714e-02
3.373000025749206543e-01,1.987662780761718750e+03,9.217943873954936862e-02
3.373999893665313721e-01,1.986769866943359375e+03,9.221603313926607370e-02
3.375000059604644775e-01,1.985877899169921875e+03,9.225261968094855547e-02
3.375999927520751953e-01,1.984986785888671875e+03,9.228920581517741084e-02
3.377000093460083008e-01,1.984096527099609375e+03,9.232578409137204289e-02
3.377999961376190186e-01,1.983206146240234375e+03,9.236236993456259370e-02
3.379000127315521240e-01,1.982313995361328125e+03,9.239897143561393023e-02
3.379999995231628418e-01,1.981419189453125000e+03,9.243559627793729305e-02
3.380999863147735596e-01,1.980521881103515625e+03,9.247223701095208526e-02
3.382000029087066650e-01,1.979622406005859375e+03,9.250890091061592102e-02
3.382999897003173828e-01,1.978721221923828125e+03,9.254558029351755977e-02
3.384000062942504883e-01,1.977818695068359375e+03,9.258226014208048582e-02
3.384999930858612061e-01,1.976915039062500000e+03,9.261896269163116813e-02
3.386000096797943115e-01,1.976010589599609375e+03,9.265566553222015500e-02
3.386999964714050293e-01,1.975105102539062500e+03,9.269238362321630120e-02
3.388000130653381348e-01,1.974198669433593750e+03,9.272910945583134890e-02
3.388999998569488525e-01,1.973291442871093750e+03,9.276584303006529808e-02
3.389999866485595703e-01,1.972383789062500000e+03,9.280258417129516602e-02
3.391000032424926758e-01,1.971475738525390625e+03,9.283933282131329179e-02
3.391999900341033936e-01,1.970567779541015625e+03,9.287608147133141756e-02
3.393000066280364990e-01,1.969659851074218750e+03,9.291282994672656059e-02
3.393999934196472168e-01,1.968752197265625000e+03,9.294957830570638180e-02
3.395000100135803223e-01,1.967844848632812500e+03,9.298632643185555935e-02
3.395999968051910400e-01,1.966937957763671875e+03,9.302308183396235108e-02
3.397000133991241455e-01,1.966031463623046875e+03,9.305982955265790224e-02
3.398000001907348633e-01,1.965125396728515625e+03,9.309657703852280974e-02
3.398999869823455811e-01,1.964219909667968750e+03,9.313332423334941268e-02
3.400000035762786865e-01,1.963315032958984375e+03,9.317006368655711412e-02
3.400999903678894043e-01,1.962410827636718750e+03,9.320680279051885009e-02
3.402000069618225098e-01,1.961507324218750000e+03,9.324354160344228148e-02
3.402999937534332275e-01,1.960604461669921875e+03,9.328027255833148956e-02
3.404000103473663330e-01,1.959702331542968750e+03,9.331700328039005399e-02
3.404999971389770508e-01,1.958800842285156250e+03,9.335372614441439509e-02
3.406000137329101562e-01,1.957900115966796875e+03,9.339044871740043163e-02
3.407000005245208740e-01,1.957000183105468750e+03,9.342717088293284178e-02
3.407999873161315918e-01,1.956100952148437500e+03,9.346388524863868952e-02
3.409000039100646973e-01,1.955202514648437500e+03,9.350059181451797485e-02
3.409999907016754150e-01,1.954304962158203125e+03,9.353729797294363379e-02
3.411000072956085205e-01,1.953407592773437500e+03,9.357401140732690692e-02
3.411999940872192383e-01,1.952509460449218750e+03,9.361074009211733937e-02
3.413000106811523438e-01,1.951610015869140625e+03,9.364747669314965606e-02
3.413999974727630615e-01,1.950709320068359375e+03,9.368422860279679298e-02
3.415000140666961670e-01,1.949807678222656250e+03,9.372098086168989539e-02
3.416000008583068848e-01,1.948905456542968750e+03,9.375774068757891655e-02
3.416999876499176025e-01,1.948002990722656250e+03,9.379450802225619555e-02
3.418000042438507080e-01,1.947100555419921875e+03,9.383126784814521670e-02
3.418999910354614258e-01,1.946198455810546875e+03,9.386803489178419113e-02
3.420000076293945312e-01,1.945296722412109375e+03,9.390479431021958590e-02
3.420999944210052490e-01,1.944395477294921875e+03,9.394154592882841825e-02
3.422000110149383545e-01,1.943494964599609375e+03,9.397829731460660696e-02
3.422999978065490723e-01,1.942595001220703125e+03,9.401504829293116927e-02
3.424000144004821777e-01,1.941695861816406250e+03,9.405179147142916918e-02
3.425000011920928955e-01,1.940797424316406250e+03,9.408853430068120360e-02
3.425999879837036133e-01,1.939899871826171875e+03,9.412526933010667562e-02
3.427000045776367188e-01,1.939003112792968750e+03,9.416199650149792433e-02
3.427999913692474365e-01,1.938107055664062500e+03,9.419872326543554664e-02
3.429000079631805420e-01,1.937212005615234375e+03,9.423544217133894563e-02
3.429999947547912598e-01,1.936317687988281250e+03,9.427216072799637914e-02
3.431000113487243652e-01,1.935424224853515625e+03,9.430887142661958933e-02
3.431999981403350830e-01,1.934531585693359375e+03,9.434557426720857620e-02
3.433000147342681885e-01,1.933639801025390625e+03,9.438227670034393668e-02
3.434000015258789062e-01,1.932748901367187500e+03,9.441897127544507384e-02
3.434999883174896240e-01,1.931858825683593750e+03,9.445565805071964860e-02
3.436000049114227295e-01,1.930969604492187500e+03,9.449234436033293605e-02
3.436999917030334473e-01,1.930081176757812500e+03,9.452902287011966109e-02
3.438000082969665527e-01,1.929193725585937500e+03,9.456570097245275974e-02
3.438999950885772705e-01,1.928307067871093750e+03,9.460236376617103815e-02
3.440000116825103760e-01,1.927421051025390625e+03,9.463904117001220584e-02
3.440999984741210938e-01,1.926535278320312500e+03,9.467571094864979386e-02
3.441999852657318115e-01,1.925649780273437500e+03,9.471238800324499607e-02
3.443000018596649170e-01,1.924764526367187500e+03,9.474906494142487645e-02
3.443999886512756348e-01,1.923879913330078125e+03,9.478573407977819443e-02
3.445000052452087402e-01,1.922995849609375000e+03,9.482240298530086875e-02
3.445999920368194580e-01,1.922112426757812500e+03,9.485907154157757759e-02
3.447000086307525635e-01,1.921229705810546875e+03,9.489573223982006311e-02
3.447999954223632812e-01,1.920347717285156250e+03,9.493239264702424407e-02
3.449000120162963867e-01,1.919466613769531250e+03,9.496904519619420171e-02
3.449999988079071045e-01,1.918586242675781250e+03,9.500569739611819386e-02
3.450999855995178223e-01,1.917706695556640625e+03,9.504234173800796270e-02
3.452000021934509277e-01,1.916827941894531250e+03,9.507897828007116914e-02
3.452999889850616455e-01,1.915949981689453125e+03,9.511561441468074918e-02
3.454000055789947510e-01,1.915072937011718750e+03,9.515224269125610590e-02
3.454999923706054688e-01,1.914196624755859375e+03,9.518886316800490022e-02
3.456000089645385742e-01,1.913321228027343750e+03,9.522548323730006814e-02
3.456999957561492920e-01,1.912446594238281250e+03,9.526210289914160967e-02
3.458000123500823975e-01,1.911572814941406250e+03,9.529871476115658879e-02
3.458999991416931152e-01,1.910699890136718750e+03,9.533531870692968369e-02
3.459999859333038330e-01,1.909827758789062500e+03,9.537191485287621617e-02
3.461000025272369385e-01,1.908956512451171875e+03,9.540851064957678318e-02
3.461999893188476562e-01,1.908086090087890625e+03,9.544509858824312687e-02
3.463000059127807617e-01,1.907216491699218750e+03,9.548168611945584416e-02
3.463999927043914795e-01,1.906347686767578125e+03,9.551826579263433814e-02
3.465000092983245850e-01,1.905479766845703125e+03,9.555484511656686664e-02
3.465999960899353027e-01,1.904612609863281250e+03,9.559141658246517181e-02
3.467000126838684082e-01,1.903746398925781250e+03,9.562798019032925367e-02
3.467999994754791260e-01,1.902880889892578125e+03,9.566453599836677313e-02
3.468999862670898438e-01,1.902016265869140625e+03,9.570109134074300528e-02
3.470000028610229492e-01,1.901152435302734375e+03,9.573764639208093286e-02
3.470999896526336670e-01,1.900289520263671875e+03,9.577419358538463712e-02
3.472000062465667725e-01,1.899427276611328125e+03,9.581073292065411806e-02
3.472999930381774902e-01,1.898565979003906250e+03,9.584727184846997261e-02
3.474000096321105957e-01,1.897705505371093750e+03,9.588380297645926476e-02
3.474999964237213135e-01,1.896845306396484375e+03,9.592034143861383200e-02
3.476000130176544189e-01,1.895984710693359375e+03,9.595688752597197890e-02
3.476999998092651367e-01,1.895123626708984375e+03,9.599344863090664148e-02
3.477999866008758545e-01,1.894262298583984375e+03,9.603000234346836805e-02
3.479000031948089600e-01,1.893400817871093750e+03,9.606656350661069155e-02
3.479999899864196777e-01,1.892539642333984375e+03,9.610312449513003230e-02
3.481000065803527832e-01,1.891678741455078125e+03,9.613968530902639031e-02
3.481999933719635010e-01,1.890818328857421875e+03,9.617623838130384684e-02
3.483000099658966064e-01,1.889958526611328125e+03,9.621279122075065970e-02
3.483999967575073242e-01,1.889099304199218750e+03,9.624933626037091017e-02
3.485000133514404297e-01,1.888240753173828125e+03,9.628588100895285606e-02
3.486000001430511475e-01,1.887382843017578125e+03,9.632241795770823956e-02
3.486999869346618652e-01,1.886525665283203125e+03,9.635895455721765757e-02
3.488000035285949707e-01,1.885669281005859375e+03,9.639549080748111010e-02
3.488999903202056885e-01,1.884813629150390625e+03,9.643201180733740330e-02
3.490000069141387939e-01,1.883958648681640625e+03,9.646853990852832794e-02
3.490999937057495117e-01,1.883104431152343750e+03,9.650505275931209326e-02
3.492000102996826172e-01,1.882251037597656250e+03,9.654156526084989309e-02
3.492999970912933350e-01,1.881398437500000000e+03,9.657807735493406653e-02
3.494000136852264404e-01,1.880546569824218750e+03,9.661458164919167757e-02
3.495000004768371582e-01,1.879695404052734375e+03,9.665107814362272620e-02
3.495999872684478760e-01,1.878845062255859375e+03,9.668757428880780935e-02
3.497000038623809814e-01,1.877995513916015625e+03,9.672406257595866919e-02
3.497999906539916992e-01,1.877146636962890625e+03,9.676055051386356354e-02
3.499000072479248047e-01,1.876298645019531250e+03,9.679703071014955640e-02
3.499999940395355225e-01,1.875451354980468750e+03,9.683351049898192286e-02
3.501000106334686279e-01,1.874604705810546875e+03,9.686998248798772693e-02
3.501999974250793457e-01,1.873758880615234375e+03,9.690644667716696858e-02
3.503000140190124512e-01,1.872913787841796875e+03,9.694291051710024476e-02
3.504000008106231689e-01,1.872069396972656250e+03,9.697937406599521637e-02
3.504999876022338867e-01,1.871225646972656250e+03,9.701582975685596466e-02
3.506000041961669922e-01,1.870382537841796875e+03,9.705228527309373021e-02
3.506999909877777100e-01,1.869540130615234375e+03,9.708874044008553028e-02
3.508000075817108154e-01,1.868698272705078125e+03,9.712518780725076795e-02
3.508999943733215332e-01,1.867857238769531250e+03,9.716163494158536196e-02
3.510000109672546387e-01,1.867016845703125000e+03,9.719807421788573265e-02
3.510999977588653564e-01,1.866177154541015625e+03,9.723451320314779878e-02
3.512000143527984619e-01,1.865338195800781250e+03,9.727094438858330250e-02
3.513000011444091797e-01,1.864500030517578125e+03,9.730737522477284074e-02
3.513999879360198975e-01,1.863662567138671875e+03,9.734379826113581657e-02
3.515000045299530029e-01,1.862825836181640625e+03,9.738022094825282693e-02
3.515999913215637207e-01,1.861989593505859375e+03,9.741663601016625762e-02
3.517000079154968262e-01,1.861153137207031250e+03,9.745305846445262432e-02
3.517999947071075439e-01,1.860316589355468750e+03,9.748948848573490977e-02
3.519000113010406494e-01,1.859479766845703125e+03,9.752592595759779215e-02
3.519999980926513672e-01,1.858642883300781250e+03,9.756236342946067452e-02
3.521000146865844727e-01,1.857806060791015625e+03,9.759880084311589599e-02
3.522000014781951904e-01,1.856969482421875000e+03,9.763524559093639255e-02
3.522999882698059082e-01,1.856133117675781250e+03,9.767169016413390636e-02
3.524000048637390137e-01,1.855297058105468750e+03,9.770812705392017961e-02
3.524999916553497314e-01,1.854461517333984375e+03,9.774456376908347011e-02
3.526000082492828369e-01,1.853626495361328125e+03,9.778100019320845604e-02
3.526999950408935547e-01,1.852792022705078125e+03,9.781743638450279832e-02
3.528000116348266602e-01,1.851958129882812500e+03,9.785387228475883603e-02
3.528999984264373779e-01,1.851124847412109375e+03,9.789030044339597225e-02
3.529999852180480957e-01,1.850292205810546875e+03,9.792672086041420698e-02
3.531000018119812012e-01,1.849460327148437500e+03,9.796314092818647623e-02
3.531999886035919189e-01,1.848629028320312500e+03,9.799956064671278000e-02
3.533000051975250244e-01,1.847798400878906250e+03,9.803598007420077920e-02
3.533999919891357422e-01,1.846968536376953125e+03,9.807238430948927999e-02
3.535000085830688477e-01,1.846139465332031250e+03,9.810879558790475130e-02
3.535999953746795654e-01,1.845311004638671875e+03,9.814519912470132113e-02
3.537000119686126709e-01,1.844483306884765625e+03,9.818159480346366763e-02
3.537999987602233887e-01,1.843656250000000000e+03,9.821799024939537048e-02
3.538999855518341064e-01,1.842829132080078125e+03,9.825440053828060627e-02
3.540000021457672119e-01,1.842001434326171875e+03,9.829082596115767956e-02
3.540999889373779297e-01,1.841173370361328125e+03,9.832725144224241376e-02
3.542000055313110352e-01,1.840345062255859375e+03,9.836367703974246979e-02
3.542999923229217529e-01,1.839516754150390625e+03,9.840010997140780091e-02
3.544000089168548584e-01,1.838688690185546875e+03,9.843654272845014930e-02
3.544999957084655762e-01,1.837860839843750000e+03,9.847297536907717586e-02
3.546000123023986816e-01,1.837033538818359375e+03,9.850940026808530092e-02
3.546999990940093994e-01,1.836206604003906250e+03,9.854583244305104017e-02
3.547999858856201172e-01,1.835380279541015625e+03,9.858225687639787793e-02
3.549000024795532227e-01,1.834554534912109375e+03,9.861867356812581420e-02
3.549999892711639404e-01,1.833729370117187500e+03,9.865508991060778499e-02
3.551000058650970459e-01,1.832904876708984375e+03,9.869150602025911212e-02
3.551999926567077637e-01,1.832080993652343750e+03,9.872792178066447377e-02
3.553000092506408691e-01,1.831257751464843750e+03,9.876432979945093393e-02
3.553999960422515869e-01,1.830435211181640625e+03,9.880073001841083169e-02
3.555000126361846924e-01,1.829613311767578125e+03,9.883712994633242488e-02
3.555999994277954102e-01,1.828792175292968750e+03,9.887352952500805259e-02
3.556999862194061279e-01,1.827971618652343750e+03,9.890992136206477880e-02
3.558000028133392334e-01,1.827151885986328125e+03,9.894630539929494262e-02
3.558999896049499512e-01,1.826332702636718750e+03,9.898269653785973787e-02
3.560000061988830566e-01,1.825514282226562500e+03,9.901907248422503471e-02
3.560999929904937744e-01,1.824696411132812500e+03,9.905545559013262391e-02
3.562000095844268799e-01,1.823879150390625000e+03,9.909183095442131162e-02
3.562999963760375977e-01,1.823062530517578125e+03,9.912819851888343692e-02
3.564000129699707031e-01,1.822246582031250000e+03,9.916456585051491857e-02
3.564999997615814209e-01,1.821431152343750000e+03,9.920093283290043473e-02
3.565999865531921387e-01,1.820616455078125000e+03,9.923729207366704941e-02
3.567000031471252441e-01,1.819802429199218750e+03,9.927365096518769860e-02
3.567999899387359619e-01,1.818988433837890625e+03,9.931003220845013857e-02
3.569000065326690674e-01,1.818172943115234375e+03,9.934642142616212368e-02
3.569999933242797852e-01,1.817355834960937500e+03,9.938283363590016961e-02
3.571000099182128906e-01,1.816537445068359375e+03,9.941925382008776069e-02
3.571999967098236084e-01,1.815718139648437500e+03,9.945568168768659234e-02
3.573000133037567139e-01,1.814898254394531250e+03,9.949211718048900366e-02
3.574000000953674316e-01,1.814078247070312500e+03,9.952855267329141498e-02
3.574999868869781494e-01,1.813257781982421875e+03,9.956499579129740596e-02
3.576000034809112549e-01,1.812435729980468750e+03,9.960146190132945776e-02
3.576999902725219727e-01,1.811611816406250000e+03,9.963794366922229528e-02
3.578000068664550781e-01,1.810786376953125000e+03,9.967443341156467795e-02
3.578999936580657959e-01,1.809959655761718750e+03,9.971093846252188087e-02
3.580000102519989014e-01,1.809132141113281250e+03,9.974744380451738834e-02
3.580999970436096191e-01,1.808304016113281250e+03,9.978395677171647549e-02
3.582000136375427246e-01,1.807475708007812500e+03,9.982046973891556263e-02
3.583000004291534424e-01,1.806647247314453125e+03,9.985699015669524670e-02
3.583999872207641602e-01,1.805818939208984375e+03,9.989350300747901201e-02
3.585000038146972656e-01,1.804990783691406250e+03,9.993001574184745550e-02
3.585999906063079834e-01,1.804163024902343750e+03,9.996652824338525534e-02
3.587000072002410889e-01,1.803335662841796875e+03,1.000030405703000724e-01
3.587999939918518066e-01,1.802508666992187500e+03,1.000395452138036489e-01
3.589000105857849121e-01,1.801682159423828125e+03,1.000760570750571787e-01
3.589999973773956299e-01,1.800856109619140625e+03,1.001125613111071289e-01
3.591000139713287354e-01,1.800030609130859375e+03,1.001490578055381775e-01
3.592000007629394531e-01,1.799205596923828125e+03,1.001855615177191794e-01
3.592999875545501709e-01,1.798381286621093750e+03,1.002220500959083438e-01
3.594000041484832764e-01,1.797557342529296875e+03,1.002585457754321396e-01
3.594999909400939941e-01,1.796734039306640625e+03,1.002950412803329527e-01
3.596000075340270996e-01,1.795911254882812500e+03,1.003315290436148643e-01
3.596999943256378174e-01,1.795089080810546875e+03,1.003680165740661323e-01
3.598000109195709229e-01,1.794267578125000000e+03,1.004044963046908379e-01
3.598999977111816406e-01,1.793446624755859375e+03,1.004409757442772388e-01
3.600000143051147461e-01,1.792626342773437500e+03,1.004774548928253353e-01
3.601000010967254639e-01,1.791806701660156250e+03,1.005139262415468693e-01
3.601999878883361816e-01,1.790987792968750000e+03,1.005503898486495018e-01
3.603000044822692871e-01,1.790169464111328125e+03,1.005868531647138298e-01
3.603999912738800049e-01,1.789351867675781250e+03,1.006233161315321922e-01
3.605000078678131104e-01,1.788534973144531250e+03,1.006597713567316532e-01
3.605999946594238281e-01,1.787718688964843750e+03,1.006962262908928096e-01
3.607000112533569336e-01,1.786903137207031250e+03,1.007326734252274036e-01
3.607999980449676514e-01,1.786088165283203125e+03,1.007691202685236931e-01
3.609000146389007568e-01,1.785273864746093750e+03,1.008055593702010810e-01
3.610000014305114746e-01,1.784459991455078125e+03,1.008420057478360832e-01
3.610999882221221924e-01,1.783646636962890625e+03,1.008784443838521838e-01
3.612000048160552979e-01,1.782833892822265625e+03,1.009148827288299799e-01
3.612999916076660156e-01,1.782021697998046875e+03,1.009513207827694714e-01
3.614000082015991211e-01,1.781210205078125000e+03,1.009877511532977223e-01
3.614999949932098389e-01,1.780399383544921875e+03,1.010241737239994109e-01
3.616000115871429443e-01,1.779589202880859375e+03,1.010606033960357308e-01
3.616999983787536621e-01,1.778779632568359375e+03,1.010970178758725524e-01
3.617999851703643799e-01,1.777970794677734375e+03,1.011334395152516663e-01
3.619000017642974854e-01,1.777162658691406250e+03,1.011698459624312818e-01
3.619999885559082031e-01,1.776355133056640625e+03,1.012062595109455287e-01
3.621000051498413086e-01,1.775548309326171875e+03,1.012426578090526164e-01
3.621999919414520264e-01,1.774742187500000000e+03,1.012790632667019963e-01
3.623000085353851318e-01,1.773936706542968750e+03,1.013154535321518779e-01
3.623999953269958496e-01,1.773131958007812500e+03,1.013518509571440518e-01
3.625000119209289551e-01,1.772327850341796875e+03,1.013882405241020024e-01
3.625999987125396729e-01,1.771524383544921875e+03,1.014246224076487124e-01
3.626999855041503906e-01,1.770721679687500000e+03,1.014610039419494569e-01
3.628000020980834961e-01,1.769919586181640625e+03,1.014973777346313000e-01
3.628999888896942139e-01,1.769118194580078125e+03,1.015337511780671775e-01
3.630000054836273193e-01,1.768317443847656250e+03,1.015701168798841536e-01
3.630999922752380371e-01,1.767517456054687500e+03,1.016064822324551642e-01
3.632000088691711426e-01,1.766718078613281250e+03,1.016428398434072733e-01
3.632999956607818604e-01,1.765919342041015625e+03,1.016791971633210778e-01
3.634000122547149658e-01,1.765121368408203125e+03,1.017155541339889169e-01
3.634999990463256836e-01,1.764324035644531250e+03,1.017519033630378544e-01
3.635999858379364014e-01,1.763527374267578125e+03,1.017882448504678905e-01
3.637000024318695068e-01,1.762731353759765625e+03,1.018245859886519611e-01
3.637999892234802246e-01,1.761935882568359375e+03,1.018609268940053880e-01
3.639000058174133301e-01,1.761140930175781250e+03,1.018972601159475744e-01
3.639999926090240479e-01,1.760346649169921875e+03,1.019336004974320531e-01
3.641000092029571533e-01,1.759552947998046875e+03,1.019699256867170334e-01
3.641999959945678711e-01,1.758759887695312500e+03,1.020062580937519670e-01
3.643000125885009766e-01,1.757967437744140625e+03,1.020425827009603381e-01
3.643999993801116943e-01,1.757175659179687500e+03,1.020789070171304047e-01
3.644999861717224121e-01,1.756384582519531250e+03,1.021152235916815698e-01
3.646000027656555176e-01,1.755594146728515625e+03,1.021515324246138334e-01
3.646999895572662354e-01,1.754804412841796875e+03,1.021878483588807285e-01
3.648000061511993408e-01,1.754015350341796875e+03,1.022241491009481251e-01
3.648999929428100586e-01,1.753226867675781250e+03,1.022604494937695563e-01
3.650000095367431641e-01,1.752439208984375000e+03,1.022967495955526829e-01
3.650999963283538818e-01,1.751652191162109375e+03,1.023330419557169080e-01
3.652000129222869873e-01,1.750865875244140625e+03,1.023693339666351676e-01
3.652999997138977051e-01,1.750080139160156250e+03,1.024056182359345257e-01
3.653999865055084229e-01,1.749295196533203125e+03,1.024419022141955793e-01
3.655000030994415283e-01,1.748510833740234375e+03,1.024781783926300704e-01
3.655999898910522461e-01,1.747727233886718750e+03,1.025144542800262570e-01
3.657000064849853516e-01,1.746944274902343750e+03,1.025507223675958812e-01
3.657999932765960693e-01,1.746162017822265625e+03,1.025869902223348618e-01
3.659000098705291748e-01,1.745380401611328125e+03,1.026232502190396190e-01
3.659999966621398926e-01,1.744599517822265625e+03,1.026595099829137325e-01
3.661000132560729980e-01,1.743818664550781250e+03,1.026957548456266522e-01
3.662000000476837158e-01,1.743037689208984375e+03,1.027319775894284248e-01
3.662999868392944336e-01,1.742257141113281250e+03,1.027681853738613427e-01
3.664000034332275391e-01,1.741477111816406250e+03,1.028043780825100839e-01
3.664999902248382568e-01,1.740697143554687500e+03,1.028405633987858891e-01
3.666000068187713623e-01,1.739916931152343750e+03,1.028767562820576131e-01
3.666999936103820801e-01,1.739136688232421875e+03,1.029129417147487402e-01
3.668000102043151855e-01,1.738356414794921875e+03,1.029491271474398673e-01
3.668999969959259033e-01,1.737576324462890625e+03,1.029853124637156725e-01
3.670000135898590088e-01,1.736796447753906250e+03,1.030214976635761559e-01
3.671000003814697266e-01,1.736016937255859375e+03,1.030576826888136566e-01
3.671999871730804443e-01,1.735237701416015625e+03,1.030938600888475776e-01
3.673000037670135498e-01,1.734459014892578125e+03,1.031300373142585158e-01
3.673999905586242676e-01,1.733680816650390625e+03,1.031662142486311495e-01
3.675000071525573730e-01,1.732903045654296875e+03,1.032023909501731396e-01
3.675999939441680908e-01,1.732125823974609375e+03,1.032385600265115499e-01
3.677000105381011963e-01,1.731348785400390625e+03,1.032747364370152354e-01
3.677999973297119141e-01,1.730572113037109375e+03,1.033109126146882772e-01
3.679000139236450195e-01,1.729795837402343750e+03,1.033470886759459972e-01
3.680000007152557373e-01,1.729020080566406250e+03,1.033832569955848157e-01
3.680999875068664551e-01,1.728244781494140625e+03,1.034194325911812484e-01
3.682000041007995605e-01,1.727470062255859375e+03,1.034556004451587796e-01
3.682999908924102783e-01,1.726695861816406250e+03,1.034917606157250702e-01
3.684000074863433838e-01,1.725922332763671875e+03,1.035279279458336532e-01
3.684999942779541016e-01,1.725149414062500000e+03,1.035640875343233347e-01
3.686000108718872070e-01,1.724377136230468750e+03,1.036002393811941147e-01
3.686999976634979248e-01,1.723605499267578125e+03,1.036363984458148479e-01
3.688000142574310303e-01,1.722834564208984375e+03,1.036725422600284219e-01
3.689000010490417480e-01,1.722064239501953125e+03,1.037086931755766273e-01
3.689999878406524658e-01,1.721294555664062500e+03,1.037448289571329951e-01
3.691000044345855713e-01,1.720525573730468750e+03,1.037809718982316554e-01
3.691999912261962891e-01,1.719757324218750000e+03,1.038171070395037532e-01
3.693000078201293945e-01,1.718989685058593750e+03,1.038532344391569495e-01
3.693999946117401123e-01,1.718222656250000000e+03,1.038893615477718413e-01
3.695000112056732178e-01,1.717456329345703125e+03,1.039254808565601707e-01
3.695999979972839355e-01,1.716690734863281250e+03,1.039615998743101954e-01
3.697000145912170410e-01,1.715925781250000000e+03,1.039977186010219157e-01
3.698000013828277588e-01,1.715161437988281250e+03,1.040338295861147344e-01
3.698999881744384766e-01,1.714397796630859375e+03,1.040699328295886517e-01
3.700000047683715820e-01,1.713634857177734375e+03,1.041060357238166034e-01
3.700999915599822998e-01,1.712872589111328125e+03,1.041421383270062506e-01
3.702000081539154053e-01,1.712110931396484375e+03,1.041782331885769963e-01
3.702999949455261230e-01,1.711350006103515625e+03,1.042143203085288405e-01
3.704000115394592285e-01,1.710589660644531250e+03,1.042504070792347193e-01
3.704999983310699463e-01,1.709830047607421875e+03,1.042864935589022934e-01
3.705999851226806641e-01,1.709071166992187500e+03,1.043225722969509661e-01
3.707000017166137695e-01,1.708312866210937500e+03,1.043586432933807373e-01
3.707999885082244873e-01,1.707555236816406250e+03,1.043947213911451399e-01
3.709000051021575928e-01,1.706798278808593750e+03,1.044307843549177051e-01
3.709999918937683105e-01,1.706041992187500000e+03,1.044668469694443047e-01
3.711000084877014160e-01,1.705286407470703125e+03,1.045029092347249389e-01
3.711999952793121338e-01,1.704531433105468750e+03,1.045389638165943325e-01
3.713000118732452393e-01,1.703777191162109375e+03,1.045750106568448246e-01
3.713999986648559570e-01,1.703023529052734375e+03,1.046110645984299481e-01
3.714999854564666748e-01,1.702270324707031250e+03,1.046471109148114920e-01
3.716000020503997803e-01,1.701517517089843750e+03,1.046831645071506500e-01
3.716999888420104980e-01,1.700765136718750000e+03,1.047192179248668253e-01
3.718000054359436035e-01,1.700013214111328125e+03,1.047552636009640992e-01
3.718999922275543213e-01,1.699261932373046875e+03,1.047913090442307293e-01
3.720000088214874268e-01,1.698511199951171875e+03,1.048273467458784580e-01
3.720999956130981445e-01,1.697761108398437500e+03,1.048633916652761400e-01
3.722000122070312500e-01,1.697011596679687500e+03,1.048994213342666626e-01
3.722999989986419678e-01,1.696262847900390625e+03,1.049354507704265416e-01
3.723999857902526855e-01,1.695514587402343750e+03,1.049714798573404551e-01
3.725000023841857910e-01,1.694767089843750000e+03,1.050075012026354671e-01
3.725999891757965088e-01,1.694020202636718750e+03,1.050435222568921745e-01
3.727000057697296143e-01,1.693273986816406250e+03,1.050795430783182383e-01
3.727999925613403320e-01,1.692528381347656250e+03,1.051155485911294818e-01
3.729000091552734375e-01,1.691783508300781250e+03,1.051515613216906786e-01
3.729999959468841553e-01,1.691039276123046875e+03,1.051875663106329739e-01
3.731000125408172607e-01,1.690295623779296875e+03,1.052235634997487068e-01
3.731999993324279785e-01,1.689552734375000000e+03,1.052595604560337961e-01
3.732999861240386963e-01,1.688810516357421875e+03,1.052955496124923229e-01
3.734000027179718018e-01,1.688068847656250000e+03,1.053315384779125452e-01
3.734999895095825195e-01,1.687327850341796875e+03,1.053675270522944629e-01
3.736000061035156250e-01,1.686587615966796875e+03,1.054035078850574791e-01
3.736999928951263428e-01,1.685848052978515625e+03,1.054394809179939330e-01
3.738000094890594482e-01,1.685109039306640625e+03,1.054754537180997431e-01
3.738999962806701660e-01,1.684370697021484375e+03,1.055114261689595878e-01
3.740000128746032715e-01,1.683633087158203125e+03,1.055473909364081919e-01
3.740999996662139893e-01,1.682896087646484375e+03,1.055833479040302336e-01
3.741999864578247070e-01,1.682159790039062500e+03,1.056193045806139708e-01
3.743000030517578125e-01,1.681424011230468750e+03,1.056552609661594033e-01
3.743999898433685303e-01,1.680687744140625000e+03,1.056912252097390592e-01
3.745000064373016357e-01,1.679949066162109375e+03,1.057272127363830805e-01
3.745999932289123535e-01,1.679207672119140625e+03,1.057632237207144499e-01
3.747000098228454590e-01,1.678464019775390625e+03,1.057992579299025238e-01
3.747999966144561768e-01,1.677718444824218750e+03,1.058353077969513834e-01
3.749000132083892822e-01,1.676971466064453125e+03,1.058713730308227241e-01
3.750000000000000000e-01,1.676223571777343750e+03,1.059074386139400303e-01
3.750999867916107178e-01,1.675475036621093750e+03,1.059435193310491741e-01
3.752000033855438232e-01,1.674726165771484375e+03,1.059796001063659787e-01
3.752999901771545410e-01,1.673977111816406250e+03,1.060156809398904443e-01
3.754000067710876465e-01,1.673228057861328125e+03,1.060517617734149098e-01
3.754999935626983643e-01,1.672479217529296875e+03,1.060878498828969896e-01
3.756000101566314697e-01,1.671730255126953125e+03,1.061239380505867302e-01
3.756999969482421875e-01,1.670980163574218750e+03,1.061600415850989521e-01
3.758000135421752930e-01,1.670228088378906250e+03,1.061961608356796205e-01
3.759000003337860107e-01,1.669474060058593750e+03,1.062322956859134138e-01
3.759999871253967285e-01,1.668718566894531250e+03,1.062684459611773491e-01
3.761000037193298340e-01,1.667962158203125000e+03,1.063045965856872499e-01
3.761999905109405518e-01,1.667205047607421875e+03,1.063407623441889882e-01
3.763000071048736572e-01,1.666447601318359375e+03,1.063769207103177905e-01
3.763999938964843750e-01,1.665690002441406250e+03,1.064130865270271897e-01
3.765000104904174805e-01,1.664932525634765625e+03,1.064492522855289280e-01
3.765999972820281982e-01,1.664175262451171875e+03,1.064854178694076836e-01
3.767000138759613037e-01,1.663418212890625000e+03,1.065215833368711174e-01
3.768000006675720215e-01,1.662661651611328125e+03,1.065577486297115684e-01
3.768999874591827393e-01,1.661905426025390625e+03,1.065939062391407788e-01
3.770000040531158447e-01,1.661149658203125000e+03,1.066300636157393456e-01
3.770999908447265625e-01,1.660394317626953125e+03,1.066662208177149296e-01
3.772000074386596680e-01,1.659639617919921875e+03,1.067023702780716121e-01
3.772999942302703857e-01,1.658885437011718750e+03,1.067385194473899901e-01
3.774000108242034912e-01,1.658131805419921875e+03,1.067746684420853853e-01
3.774999976158142090e-01,1.657378723144531250e+03,1.068108096951618791e-01
3.776000142097473145e-01,1.656626159667968750e+03,1.068469506572000682e-01
3.777000010013580322e-01,1.655874298095703125e+03,1.068830839358270168e-01
3.777999877929687500e-01,1.655122924804687500e+03,1.069192169234156609e-01
3.779000043869018555e-01,1.654372131347656250e+03,1.069553496781736612e-01
3.779999911785125732e-01,1.653621948242187500e+03,1.069914746331050992e-01
3.781000077724456787e-01,1.652872436523437500e+03,1.070275919628329575e-01
3.781999945640563965e-01,1.652123504638671875e+03,1.070637163938954473e-01
3.783000111579895020e-01,1.651375152587890625e+03,1.070998256909660995e-01
3.783999979496002197e-01,1.650627380371093750e+03,1.071359421475790441e-01
3.785000145435333252e-01,1.649880249023437500e+03,1.071720508625730872e-01
3.786000013351440430e-01,1.649133636474609375e+03,1.072081518941558897e-01
3.786999881267547607e-01,1.648387786865234375e+03,1.072442526347003877e-01
3.788000047206878662e-01,1.647642425537109375e+03,1.072803530842065811e-01
3.788999915122985840e-01,1.646897735595703125e+03,1.073164457920938730e-01
3.790000081062316895e-01,1.646153625488281250e+03,1.073525382671505213e-01
3.790999948978424072e-01,1.645410186767578125e+03,1.073886230005882680e-01
3.792000114917755127e-01,1.644667266845703125e+03,1.074247074429877102e-01
3.792999982833862305e-01,1.643925018310546875e+03,1.074607915943488479e-01
3.794000148773193359e-01,1.643183349609375000e+03,1.074968680040910840e-01
3.795000016689300537e-01,1.642442352294921875e+03,1.075329367304220796e-01
3.795999884605407715e-01,1.641701934814453125e+03,1.075690051657147706e-01
3.797000050544738770e-01,1.640962097167968750e+03,1.076050733099691570e-01
3.797999918460845947e-01,1.640222900390625000e+03,1.076411337708123028e-01
3.799000084400177002e-01,1.639484069824218750e+03,1.076771940570324659e-01
3.799999952316284180e-01,1.638745300292968750e+03,1.077132617356255651e-01
3.801000118255615234e-01,1.638006469726562500e+03,1.077493369812145829e-01
3.801999986171722412e-01,1.637267425537109375e+03,1.077854121685959399e-01
3.802999854087829590e-01,1.636528381347656250e+03,1.078214948065578938e-01
3.804000020027160645e-01,1.635789489746093750e+03,1.078575773863121867e-01
3.804999887943267822e-01,1.635050781250000000e+03,1.078936598496511579e-01
3.806000053882598877e-01,1.634312377929687500e+03,1.079297421383671463e-01
3.806999921798706055e-01,1.633574310302734375e+03,1.079658242524601519e-01
3.808000087738037109e-01,1.632836761474609375e+03,1.080019061337225139e-01
3.808999955654144287e-01,1.632099700927734375e+03,1.080379877821542323e-01
3.810000121593475342e-01,1.631363128662109375e+03,1.080740617471747100e-01
3.810999989509582520e-01,1.630627105712890625e+03,1.081101354793645442e-01
3.811999857425689697e-01,1.629891662597656250e+03,1.081462089205160737e-01
3.813000023365020752e-01,1.629156829833984375e+03,1.081822746782563627e-01
3.813999891281127930e-01,1.628422546386718750e+03,1.082183401449583471e-01
3.815000057220458984e-01,1.627688903808593750e+03,1.082543979282490909e-01
3.815999925136566162e-01,1.626955841064453125e+03,1.082904554205015302e-01
3.817000091075897217e-01,1.626223358154296875e+03,1.083265125635080040e-01
3.817999958992004395e-01,1.625491607666015625e+03,1.083625620813108981e-01
3.819000124931335449e-01,1.624760406494140625e+03,1.083986112498678267e-01
3.819999992847442627e-01,1.624029846191406250e+03,1.084346526768058538e-01
3.820999860763549805e-01,1.623299987792968750e+03,1.084706938709132373e-01
3.822000026702880859e-01,1.622570709228515625e+03,1.085067273234017193e-01
3.822999894618988037e-01,1.621841979980468750e+03,1.085427604848518968e-01
3.824000060558319092e-01,1.621113952636718750e+03,1.085787859046831727e-01
3.824999928474426270e-01,1.620386566162109375e+03,1.086148110334761441e-01
3.826000094413757324e-01,1.619659790039062500e+03,1.086508284788578749e-01
3.826999962329864502e-01,1.618933624267578125e+03,1.086868455749936402e-01
3.828000128269195557e-01,1.618208099365234375e+03,1.087228624382987618e-01
3.828999996185302734e-01,1.617483184814453125e+03,1.087588715599849820e-01
3.829999864101409912e-01,1.616758941650390625e+03,1.087948803906328976e-01
3.831000030040740967e-01,1.616035278320312500e+03,1.088308814796619117e-01
3.831999897956848145e-01,1.615312286376953125e+03,1.088668748270720243e-01
3.833000063896179199e-01,1.614589965820312500e+03,1.089028679416514933e-01
3.833999931812286377e-01,1.613868225097656250e+03,1.089388607069849968e-01
3.835000097751617432e-01,1.613147094726562500e+03,1.089748457889072597e-01
3.835999965667724609e-01,1.612426391601562500e+03,1.090108381467871368e-01
3.837000131607055664e-01,1.611705841064453125e+03,1.090468378388322890e-01
3.837999999523162842e-01,1.610985534667968750e+03,1.090828374726697803e-01
3.838999867439270020e-01,1.610265563964843750e+03,1.091188294813036919e-01
3.840000033378601074e-01,1.609546020507812500e+03,1.091548287076875567e-01
3.840999901294708252e-01,1.608826873779296875e+03,1.091908202506601810e-01
3.842000067234039307e-01,1.608108398437500000e+03,1.092268041102215648e-01
3.842999935150146484e-01,1.607390411376953125e+03,1.092627951875329018e-01
3.844000101089477539e-01,1.606673049926757812e+03,1.092987785232253373e-01
3.844999969005584717e-01,1.605956253051757812e+03,1.093347541172988713e-01
3.846000134944915771e-01,1.605239990234375000e+03,1.093707294785417616e-01
3.847000002861022949e-01,1.604524429321289062e+03,1.094067046069540083e-01
3.847999870777130127e-01,1.603809463500976562e+03,1.094426719355396926e-01
3.849000036716461182e-01,1.603095092773437500e+03,1.094786315807141364e-01
3.849999904632568359e-01,1.602381332397460938e+03,1.095145983854308724e-01
3.851000070571899414e-01,1.601668212890625000e+03,1.095505499979481101e-01
3.851999938488006592e-01,1.600955688476562500e+03,1.095865088282153010e-01
3.853000104427337646e-01,1.600243835449218750e+03,1.096224599168635905e-01
3.853999972343444824e-01,1.599532516479492188e+03,1.096584032638929784e-01
3.855000138282775879e-01,1.598821914672851562e+03,1.096943463198840618e-01
3.856000006198883057e-01,1.598111923217773438e+03,1.097302816342562437e-01
3.856999874114990234e-01,1.597402511596679688e+03,1.097662167157977819e-01
3.858000040054321289e-01,1.596693649291992188e+03,1.098021515063010156e-01
3.858999907970428467e-01,1.595985519409179688e+03,1.098380785551853478e-01
3.860000073909759521e-01,1.595277984619140625e+03,1.098739979206584394e-01
3.860999941825866699e-01,1.594571044921875000e+03,1.099099169368855655e-01
3.862000107765197754e-01,1.593864761352539062e+03,1.099458357202820480e-01
3.862999975681304932e-01,1.593159149169921875e+03,1.099817467620596290e-01
3.864000141620635986e-01,1.592454010009765625e+03,1.100176575710065663e-01
3.865000009536743164e-01,1.591749649047851562e+03,1.100535606383346021e-01
3.865999877452850342e-01,1.591045822143554688e+03,1.100894634146243334e-01
3.867000043392181396e-01,1.590342605590820312e+03,1.101253584492951632e-01
3.867999911308288574e-01,1.589639984130859375e+03,1.101612531929276884e-01
3.869000077247619629e-01,1.588938095092773438e+03,1.101971402531489730e-01
3.869999945163726807e-01,1.588236724853515625e+03,1.102330270223319530e-01
3.871000111103057861e-01,1.587536026000976562e+03,1.102689060498960316e-01
3.871999979019165039e-01,1.586835861206054688e+03,1.103047848446294665e-01
3.873000144958496094e-01,1.586136428833007812e+03,1.103406633483245969e-01
3.874000012874603271e-01,1.585437515258789062e+03,1.103765341104008257e-01
3.874999880790710449e-01,1.584739212036132812e+03,1.104123971308581531e-01
3.876000046730041504e-01,1.584041625976562500e+03,1.104482599184848368e-01
3.876999914646148682e-01,1.583344573974609375e+03,1.104841224150732160e-01
3.878000080585479736e-01,1.582648132324218750e+03,1.105199772282503545e-01
3.878999948501586914e-01,1.581952331542968750e+03,1.105558316921815276e-01
3.880000114440917969e-01,1.581257141113281250e+03,1.105916784727014601e-01
3.880999982357025146e-01,1.580562606811523438e+03,1.106275175698101521e-01
3.882000148296356201e-01,1.579868621826171875e+03,1.106633637682534754e-01
3.883000016212463379e-01,1.579175216674804688e+03,1.106991948327049613e-01
3.883999884128570557e-01,1.578482467651367188e+03,1.107350331149064004e-01
3.885000050067901611e-01,1.577790328979492188e+03,1.107708561467006803e-01
3.885999917984008789e-01,1.577098846435546875e+03,1.108066863962449133e-01
3.887000083923339844e-01,1.576407958984375000e+03,1.108425089623779058e-01
3.887999951839447021e-01,1.575717666625976562e+03,1.108783237286843359e-01
3.889000117778778076e-01,1.575027908325195312e+03,1.109141382621601224e-01
3.889999985694885254e-01,1.574338821411132812e+03,1.109499451122246683e-01
3.890999853610992432e-01,1.573650375366210938e+03,1.109857590636238456e-01
3.892000019550323486e-01,1.572962188720703125e+03,1.110215655062347651e-01
3.892999887466430664e-01,1.572273742675781250e+03,1.110573943587951362e-01
3.894000053405761719e-01,1.571584655761718750e+03,1.110932308947667480e-01
3.894999921321868896e-01,1.570895248413085938e+03,1.111290675471536815e-01
3.896000087261199951e-01,1.570205657958984375e+03,1.111649116501212120e-01
3.896999955177307129e-01,1.569516082763671875e+03,1.112007556948810816e-01
3.898000121116638184e-01,1.568826644897460938e+03,1.112365996814332902e-01
3.898999989032745361e-01,1.568137557983398438e+03,1.112724509439431131e-01
3.899999856948852539e-01,1.567448730468750000e+03,1.113082946394570172e-01
3.901000022888183594e-01,1.566760360717773438e+03,1.113441306515596807e-01
3.901999890804290771e-01,1.566072448730468750e+03,1.113799738814122975e-01
3.903000056743621826e-01,1.565384979248046875e+03,1.114158094860613346e-01
3.903999924659729004e-01,1.564697998046875000e+03,1.114516447996720672e-01
3.905000090599060059e-01,1.564011566162109375e+03,1.114874799386598170e-01
3.905999958515167236e-01,1.563325683593750000e+03,1.115233073360286653e-01
3.907000124454498291e-01,1.562640319824218750e+03,1.115591270499862731e-01
3.907999992370605469e-01,1.561955459594726562e+03,1.115949539816938341e-01
3.908999860286712646e-01,1.561271224975585938e+03,1.116307732299901545e-01
3.910000026226043701e-01,1.560587646484375000e+03,1.116665847366675735e-01
3.910999894142150879e-01,1.559904510498046875e+03,1.117023960105143487e-01
3.912000060081481934e-01,1.559221969604492188e+03,1.117382069933228195e-01
3.912999927997589111e-01,1.558540054321289062e+03,1.117740102927200496e-01
3.914000093936920166e-01,1.557858673095703125e+03,1.118098133010789752e-01
3.914999961853027344e-01,1.557177886962890625e+03,1.118456086842343211e-01
3.916000127792358398e-01,1.556497665405273438e+03,1.118814037181437016e-01
3.916999995708465576e-01,1.555817993164062500e+03,1.119171985774300992e-01
3.917999863624572754e-01,1.555138946533203125e+03,1.119529856368899345e-01
3.919000029563903809e-01,1.554460494995117188e+03,1.119887725217267871e-01
3.919999897480010986e-01,1.553782577514648438e+03,1.120245516649447381e-01
3.921000063419342041e-01,1.553105239868164062e+03,1.120603230665437877e-01
3.921999931335449219e-01,1.552428482055664062e+03,1.120961016858927906e-01
3.923000097274780273e-01,1.551752380371093750e+03,1.121318726218305528e-01
3.923999965190887451e-01,1.551076736450195312e+03,1.121676358161494136e-01
3.925000131130218506e-01,1.550401748657226562e+03,1.122033987776376307e-01
3.925999999046325684e-01,1.549727340698242188e+03,1.122391614480875432e-01
3.926999866962432861e-01,1.549053527832031250e+03,1.122749164351262152e-01
3.928000032901763916e-01,1.548380172729492188e+03,1.123106711893342435e-01
3.928999900817871094e-01,1.547707534790039062e+03,1.123464182019233704e-01
3.930000066757202148e-01,1.547035354614257812e+03,1.123821649816818535e-01
3.930999934673309326e-01,1.546363891601562500e+03,1.124179040198214352e-01
3.932000100612640381e-01,1.545692871093750000e+03,1.124536428251303732e-01
3.932999968528747559e-01,1.545022521972656250e+03,1.124893813976086676e-01
3.934000134468078613e-01,1.544352691650390625e+03,1.125251122284680605e-01
3.935000002384185791e-01,1.543683441162109375e+03,1.125608353759162128e-01
3.935999870300292969e-01,1.543014770507812500e+03,1.125965656829066575e-01
3.937000036239624023e-01,1.542346633911132812e+03,1.126322808559052646e-01
3.937999904155731201e-01,1.541679077148437500e+03,1.126680032466538250e-01
3.939000070095062256e-01,1.541012115478515625e+03,1.127037178957834840e-01
3.939999938011169434e-01,1.540345794677734375e+03,1.127394248615019023e-01
3.941000103950500488e-01,1.539679931640625000e+03,1.127751315943896770e-01
3.941999971866607666e-01,1.539014648437500000e+03,1.128108380362391472e-01
3.943000137805938721e-01,1.538350021362304688e+03,1.128465367946773767e-01
3.944000005722045898e-01,1.537685913085937500e+03,1.128822353202849627e-01
3.944999873638153076e-01,1.537022399902343750e+03,1.129179261042736471e-01
3.946000039577484131e-01,1.536359329223632812e+03,1.129536166554316878e-01
3.946999907493591309e-01,1.535696975708007812e+03,1.129892994649708271e-01
3.948000073432922363e-01,1.535035140991210938e+03,1.130249820416793227e-01
3.948999941349029541e-01,1.534373840332031250e+03,1.130606643855571747e-01
3.950000107288360596e-01,1.533713165283203125e+03,1.130963390460237861e-01
3.950999975204467773e-01,1.533053024291992188e+03,1.131320134154520929e-01
3.952000141143798828e-01,1.532393402099609375e+03,1.131676801014691591e-01
3.953000009059906006e-01,1.531734420776367188e+03,1.132033465546555817e-01
3.953999876976013184e-01,1.531075958251953125e+03,1.132390052662231028e-01
3.955000042915344238e-01,1.530418090820312500e+03,1.132746637449599802e-01
3.955999910831451416e-01,1.529760726928710938e+03,1.133103219908662140e-01
3.957000076770782471e-01,1.529103958129882812e+03,1.133459725533612072e-01
3.957999944686889648e-01,1.528447692871093750e+03,1.133816228248178959e-01
3.959000110626220703e-01,1.527792083740234375e+03,1.134172654128633440e-01
3.959999978542327881e-01,1.527136993408203125e+03,1.134529077680781484e-01
3.961000144481658936e-01,1.526482421875000000e+03,1.134885423816740513e-01
3.962000012397766113e-01,1.525828491210937500e+03,1.135241767624393106e-01
3.962999880313873291e-01,1.525175079345703125e+03,1.135598109103739262e-01
3.964000046253204346e-01,1.524522125244140625e+03,1.135954373748973012e-01
3.964999914169311523e-01,1.523869873046875000e+03,1.136310560978017747e-01
3.966000080108642578e-01,1.523218002319335938e+03,1.136666820966638625e-01
3.966999948024749756e-01,1.522566589355468750e+03,1.137023004703223705e-01
3.968000113964080811e-01,1.521915527343750000e+03,1.137379261199384928e-01
3.968999981880187988e-01,1.521264938354492188e+03,1.137735440861433744e-01
3.970000147819519043e-01,1.520614822387695312e+03,1.138091618777252734e-01
3.971000015735626221e-01,1.519965118408203125e+03,1.138447794364765286e-01
3.971999883651733398e-01,1.519315887451171875e+03,1.138803893118165433e-01
3.973000049591064453e-01,1.518667205810546875e+03,1.139159990125335753e-01
3.973999917507171631e-01,1.518018966674804688e+03,1.139516084804199636e-01
3.975000083446502686e-01,1.517370742797851562e+03,1.139872328494675457e-01
3.975999951362609863e-01,1.516721694946289062e+03,1.140228650765493512e-01
3.977000117301940918e-01,1.516071701049804688e+03,1.140585124958306551e-01
3.977999985218048096e-01,1.515420776367187500e+03,1.140941677149385214e-01
3.978999853134155273e-01,1.514769256591796875e+03,1.141298306174576283e-01
3.980000019073486328e-01,1.514117294311523438e+03,1.141655010869726539e-01
3.980999886989593506e-01,1.513465255737304688e+03,1.142011641641147435e-01
3.982000052928924561e-01,1.512813232421875000e+03,1.142368346336297691e-01
3.982999920845031738e-01,1.512161376953125000e+03,1.142725049867294729e-01
3.984000086784362793e-01,1.511509765625000000e+03,1.143081677728332579e-01
3.984999954700469971e-01,1.510858566284179688e+03,1.143438378348946571e-01
3.986000120639801025e-01,1.510207626342773438e+03,1.143795002717524767e-01
3.986999988555908203e-01,1.509557159423828125e+03,1.144151550834067166e-01
3.987999856472015381e-01,1.508907150268554688e+03,1.144508171128109097e-01
3.989000022411346436e-01,1.508257568359375000e+03,1.144864640082232654e-01
3.989999890327453613e-01,1.507608535766601562e+03,1.145221181795932353e-01
3.991000056266784668e-01,1.506960006713867188e+03,1.145577646675519645e-01
3.991999924182891846e-01,1.506311904907226562e+03,1.145934109226800501e-01
3.993000090122222900e-01,1.505664367675781250e+03,1.146290494943968952e-01
3.993999958038330078e-01,1.505017318725585938e+03,1.146646878332830966e-01
3.995000123977661133e-01,1.504370849609375000e+03,1.147003259393386543e-01
3.995999991893768311e-01,1.503724822998046875e+03,1.147359563619829714e-01
3.996999859809875488e-01,1.503079360961914062e+03,1.147715866100043058e-01
3.998000025749206543e-01,1.502434417724609375e+03,1.148072091164067388e-01
3.998999893665313721e-01,1.501789978027343750e+03,1.148428313899785280e-01
4.000000059604644775e-01,1.501146163940429688e+03,1.148784534307196736e-01
4.000999927520751953e-01,1.500502807617187500e+03,1.149140677298419178e-01
4.002000093460083008e-01,1.499860015869140625e+03,1.149496818543411791e-01
4.002999961376190186e-01,1.499217727661132812e+03,1.149852882954291999e-01
4.004000127315521240e-01,1.498576019287109375e+03,1.150208945036865771e-01
4.004999995231628418e-01,1.497934814453125000e+03,1.150564929703250527e-01
4.005999863147735596e-01,1.497294128417968750e+03,1.150920912623405457e-01
4.007000029087066650e-01,1.496654083251953125e+03,1.151276892633177340e-01
4.007999897003173828e-01,1.496014480590820312e+03,1.151632796390913427e-01
4.009000062942504883e-01,1.495375289916992188e+03,1.151988772326149046e-01
4.009999930858612061e-01,1.494736511230468750e+03,1.152344672009348869e-01
4.011000096797943115e-01,1.494098190307617188e+03,1.152700570528395474e-01
4.011999964714050293e-01,1.493460403442382812e+03,1.153056466137059033e-01
4.013000130653381348e-01,1.492823028564453125e+03,1.153412285493686795e-01
4.013999998569488525e-01,1.492186187744140625e+03,1.153768102522008121e-01
4.014999866485595703e-01,1.491549865722656250e+03,1.154123917222023010e-01
4.016000032424926758e-01,1.490914016723632812e+03,1.154479654505848885e-01
4.016999900341033936e-01,1.490278808593750000e+03,1.154835390043444932e-01
4.018000066280364990e-01,1.489644042968750000e+03,1.155191123252734542e-01
4.018999934196472168e-01,1.489009857177734375e+03,1.155546779627911747e-01
4.020000100135803223e-01,1.488376220703125000e+03,1.155902359168976545e-01
4.020999968051910400e-01,1.487743103027343750e+03,1.156258010305464268e-01
4.022000133991241455e-01,1.487110549926757812e+03,1.156613510684110224e-01
4.023000001907348633e-01,1.486478454589843750e+03,1.156969083240255713e-01
4.023999869823455811e-01,1.485846923828125000e+03,1.157324578380212188e-01
4.025000035762786865e-01,1.485215698242187500e+03,1.157680147443898022e-01
4.025999903678894043e-01,1.484584060668945312e+03,1.158035866683349013e-01
4.027000069618225098e-01,1.483951492309570312e+03,1.158391663921065629e-01
4.027999937534332275e-01,1.483317916870117188e+03,1.158747539739124477e-01
4.029000103473663330e-01,1.482683166503906250e+03,1.159103643731214106e-01
4.029999971389770508e-01,1.482047622680664062e+03,1.159459750051610172e-01
4.031000137329101562e-01,1.481411621093750000e+03,1.159816007711924613e-01
4.032000005245208740e-01,1.480775344848632812e+03,1.160172190866433084e-01
4.032999873161315918e-01,1.480139053344726562e+03,1.160528449108824134e-01
4.034000039100646973e-01,1.479502807617187500e+03,1.160884780692867935e-01
4.034999907016754150e-01,1.478866729736328125e+03,1.161241037189029157e-01
4.036000072956085205e-01,1.478230957031250000e+03,1.161597291938960552e-01
4.036999940872192383e-01,1.477595474243164062e+03,1.161953545524738729e-01
4.038000106811523438e-01,1.476960418701171875e+03,1.162309797364287078e-01
4.038999974727630615e-01,1.476325698852539062e+03,1.162666047457605600e-01
4.040000140666961670e-01,1.475691284179687500e+03,1.163022296386770904e-01
4.041000008583068848e-01,1.475057388305664062e+03,1.163378468481823802e-01
4.041999876499176025e-01,1.474423889160156250e+03,1.163734638830646873e-01
4.043000042438507080e-01,1.473790847778320312e+03,1.164090807433240116e-01
4.043999910354614258e-01,1.473158111572265625e+03,1.164446974289603531e-01
4.045000076293945312e-01,1.472525665283203125e+03,1.164803214487619698e-01
4.045999944210052490e-01,1.471893493652343750e+03,1.165159378433600068e-01
4.047000110149383545e-01,1.471261611938476562e+03,1.165515615721233189e-01
4.047999978065490723e-01,1.470630157470703125e+03,1.165871776756830513e-01
4.049000144004821777e-01,1.469999099731445312e+03,1.166228010552003980e-01
4.050000011920928955e-01,1.469368484497070312e+03,1.166584168095141649e-01
4.050999879837036133e-01,1.468738265991210938e+03,1.166940323309972882e-01
4.052000045776367188e-01,1.468108581542968750e+03,1.167296402272768319e-01
4.052999913692474365e-01,1.467479370117187500e+03,1.167652478325180709e-01
4.054000079631805420e-01,1.466850662231445312e+03,1.168008552631363273e-01
4.054999947547912598e-01,1.466222335815429688e+03,1.168364625191316009e-01
4.056000113487243652e-01,1.465594207763671875e+03,1.168720771092921495e-01
4.056999981403350830e-01,1.464966339111328125e+03,1.169076841906644404e-01
4.058000147342681885e-01,1.464338745117187500e+03,1.169432985479943454e-01
4.059000015258789062e-01,1.463711471557617188e+03,1.169789052801206708e-01
4.059999883174896240e-01,1.463084640502929688e+03,1.170145118376240134e-01
4.061000049114227295e-01,1.462458251953125000e+03,1.170501181622967124e-01
4.061999917030334473e-01,1.461832336425781250e+03,1.170857243123464286e-01
4.063000082969665527e-01,1.461206832885742188e+03,1.171213228371925652e-01
4.063999950885772705e-01,1.460581863403320312e+03,1.171569210710003972e-01
4.065000116825103760e-01,1.459957321166992188e+03,1.171925191883929074e-01
4.065999984741210938e-01,1.459333267211914062e+03,1.172281095641665161e-01
4.066999852657318115e-01,1.458709777832031250e+03,1.172637071576900780e-01
4.068000018596649170e-01,1.458086837768554688e+03,1.172992896754294634e-01
4.068999886512756348e-01,1.457464263916015625e+03,1.173348794109188020e-01
4.070000052452087402e-01,1.456842254638671875e+03,1.173704614629969001e-01
4.070999920368194580e-01,1.456220809936523438e+03,1.174060358316637576e-01
4.072000086307525635e-01,1.455599792480468750e+03,1.174416174180805683e-01
4.072999954223632812e-01,1.454979354858398438e+03,1.174771839287132025e-01
4.074000120162963867e-01,1.454359344482421875e+03,1.175127576570957899e-01
4.074999988079071045e-01,1.453739822387695312e+03,1.175483236438594759e-01
4.075999855995178223e-01,1.453120880126953125e+03,1.175838894560001791e-01
4.077000021934509277e-01,1.452502426147460938e+03,1.176194476429373026e-01
4.077999889850616455e-01,1.451884490966796875e+03,1.176550055388361216e-01
4.079000055789947510e-01,1.451267044067382812e+03,1.176905632019042969e-01
4.079999923706054688e-01,1.450650039672851562e+03,1.177261132397688925e-01
4.081000089645385742e-01,1.450033645629882812e+03,1.177616630448028445e-01
4.081999957561492920e-01,1.449417709350585938e+03,1.177972051664255559e-01
4.083000123500823975e-01,1.448802261352539062e+03,1.178327470552176237e-01
4.083999991416931152e-01,1.448187377929687500e+03,1.178682887693867087e-01
4.084999859333038330e-01,1.447572952270507812e+03,1.179038227419368923e-01
4.086000025272369385e-01,1.446958999633789062e+03,1.179393565398640931e-01
4.086999893188476562e-01,1.446345565795898438e+03,1.179748901049606502e-01
4.088000059127807617e-01,1.445732696533203125e+03,1.180104159866459668e-01
4.088999927043914795e-01,1.445120193481445312e+03,1.180459416937083006e-01
4.090000092983245850e-01,1.444508255004882812e+03,1.180814671679399908e-01
4.090999960899353027e-01,1.443896667480468750e+03,1.181169849587604403e-01
4.092000126838684082e-01,1.443285644531250000e+03,1.181525026331655681e-01
4.092999994754791260e-01,1.442675048828125000e+03,1.181880200165323913e-01
4.093999862670898438e-01,1.442065017700195312e+03,1.182235297746956348e-01
4.095000028610229492e-01,1.441455474853515625e+03,1.182590392418205738e-01
4.095999896526336670e-01,1.440846435546875000e+03,1.182945485343225300e-01
4.097000062465667725e-01,1.440237884521484375e+03,1.183300576522015035e-01
4.097999930381774902e-01,1.439629776000976562e+03,1.183655515778809786e-01
4.099000096321105957e-01,1.439022232055664062e+03,1.184010527795180678e-01
4.099999964237213135e-01,1.438415191650390625e+03,1.184365462977439165e-01
4.101000130176544189e-01,1.437808639526367188e+03,1.184720395831391215e-01
4.101999998092651367e-01,1.437202529907226562e+03,1.185075326357036829e-01
4.102999866008758545e-01,1.436596984863281250e+03,1.185430180630646646e-01
4.104000031948089600e-01,1.435991943359375000e+03,1.185784958070144057e-01
4.104999899864196777e-01,1.435387405395507812e+03,1.186139807687141001e-01
4.106000065803527832e-01,1.434783355712890625e+03,1.186494505964219570e-01
4.106999933719635010e-01,1.434179763793945312e+03,1.186849276418797672e-01
4.108000099658966064e-01,1.433576660156250000e+03,1.187203970621339977e-01
4.108999967575073242e-01,1.432974121093750000e+03,1.187558662495575845e-01
4.110000133514404297e-01,1.432372070312500000e+03,1.187913277535699308e-01
4.111000001430511475e-01,1.431770477294921875e+03,1.188267890829592943e-01
4.111999869346618652e-01,1.431169372558593750e+03,1.188622501213103533e-01
4.113000035285949707e-01,1.430568832397460938e+03,1.188977035344578326e-01
4.113999903202056885e-01,1.429968734741210938e+03,1.189331567729823291e-01
4.115000069141387939e-01,1.429369186401367188e+03,1.189686022698879242e-01
4.115999937057495117e-01,1.428770034790039062e+03,1.190040475921705365e-01
4.117000102996826172e-01,1.428171432495117188e+03,1.190394926816225052e-01
4.117999970912933350e-01,1.427573333740234375e+03,1.190749300876632333e-01
4.119000136852264404e-01,1.426975723266601562e+03,1.191103673190809786e-01
4.120000004768371582e-01,1.426378570556640625e+03,1.191458043176680803e-01
4.120999872684478760e-01,1.425781967163085938e+03,1.191812336328439415e-01
4.122000038623809814e-01,1.425185806274414062e+03,1.192166627733968198e-01
4.122999906539916992e-01,1.424590072631835938e+03,1.192520916811190546e-01
4.124000072479248047e-01,1.423994903564453125e+03,1.192875129636377096e-01
4.124999940395355225e-01,1.423400222778320312e+03,1.193229340133257210e-01
4.126000106334686279e-01,1.422806030273437500e+03,1.193583473796024919e-01
4.126999974250793457e-01,1.422212295532226562e+03,1.193937605130486190e-01
4.128000140190124512e-01,1.421619049072265625e+03,1.194291734718717635e-01
4.129000008106231689e-01,1.421026367187500000e+03,1.194645787472836673e-01
4.129999876022338867e-01,1.420434112548828125e+03,1.194999837898649275e-01
4.131000041961669922e-01,1.419842300415039062e+03,1.195353812072426081e-01
4.131999909877777100e-01,1.419251052856445312e+03,1.195707783917896450e-01
4.133000075817108154e-01,1.418660308837890625e+03,1.196061754017136991e-01
4.133999943733215332e-01,1.418069992065429688e+03,1.196415721205994487e-01
4.135000109672546387e-01,1.417480239868164062e+03,1.196769537637010217e-01
4.135999977588653564e-01,1.416890853881835938e+03,1.197123426245525479e-01
4.137000143527984619e-01,1.416302093505859375e+03,1.197477238602004945e-01
4.138000011444091797e-01,1.415713714599609375e+03,1.197831048630177975e-01
4.138999879360198975e-01,1.415125839233398438e+03,1.198184856330044568e-01
4.140000045299530029e-01,1.414538513183593750e+03,1.198538587777875364e-01
4.140999913215637207e-01,1.413951629638671875e+03,1.198892242391593754e-01
4.142000079154968262e-01,1.413365173339843750e+03,1.199245969182811677e-01
4.142999947071075439e-01,1.412779281616210938e+03,1.199599619721993804e-01
4.144000113010406494e-01,1.412193893432617188e+03,1.199953193427063525e-01
4.144999980926513672e-01,1.411608932495117188e+03,1.200306764803826809e-01
4.146000146865844727e-01,1.411024475097656250e+03,1.200660334434360266e-01
4.147000014781951904e-01,1.410440170288085938e+03,1.201013903482817113e-01
4.147999882698059082e-01,1.409854766845703125e+03,1.201367701287381351e-01
4.149000048637390137e-01,1.409266891479492188e+03,1.201721658580936491e-01
4.149999916553497314e-01,1.408676528930664062e+03,1.202075923793017864e-01
4.151000082492828369e-01,1.408083847045898438e+03,1.202430421835742891e-01
4.151999950408935547e-01,1.407489364624023438e+03,1.202785001369193196e-01
4.153000116348266602e-01,1.406893356323242188e+03,1.203139735152944922e-01
4.153999984264373779e-01,1.406296432495117188e+03,1.203494547517038882e-01
4.154999852180480957e-01,1.405698577880859375e+03,1.203849437879398465e-01
4.156000018119812012e-01,1.405099853515625000e+03,1.204204554669559002e-01
4.156999886035919189e-01,1.404500137329101562e+03,1.204559750622138381e-01
4.158000051975250244e-01,1.403899688720703125e+03,1.204915097914636135e-01
4.158999919891357422e-01,1.403298721313476562e+03,1.205270372447557747e-01
4.160000085830688477e-01,1.402697601318359375e+03,1.205625796574167907e-01
4.160999953746795654e-01,1.402096359252929688e+03,1.205981146194972098e-01
4.162000119686126709e-01,1.401495239257812500e+03,1.206336495233699679e-01
4.162999987602233887e-01,1.400894424438476562e+03,1.206691917614080012e-01
4.163999855518341064e-01,1.400293731689453125e+03,1.207047264324501157e-01
4.165000021457672119e-01,1.399693405151367188e+03,1.207402534782886505e-01
4.165999889373779297e-01,1.399093444824218750e+03,1.207757878582924604e-01
4.167000055313110352e-01,1.398493728637695312e+03,1.208113146713003516e-01
4.167999923229217529e-01,1.397893981933593750e+03,1.208468488766811788e-01
4.169000089168548584e-01,1.397294113159179688e+03,1.208823831984773278e-01
4.169999957084655762e-01,1.396694137573242188e+03,1.209179249126464128e-01
4.171000123023986816e-01,1.396094177246093750e+03,1.209534666268154979e-01
4.171999990940093994e-01,1.395494277954101562e+03,1.209890082245692611e-01
4.172999858856201172e-01,1.394894622802734375e+03,1.210245497641153634e-01
4.174000024795532227e-01,1.394295303344726562e+03,1.210600911290384829e-01
4.174999892711639404e-01,1.393696273803710938e+03,1.210956323775462806e-01
4.176000058650970459e-01,1.393097610473632812e+03,1.211311734514310956e-01
4.176999926567077637e-01,1.392499267578125000e+03,1.211667068419046700e-01
4.178000092506408691e-01,1.391901428222656250e+03,1.212022401159629226e-01
4.178999960422515869e-01,1.391304016113281250e+03,1.212377731571905315e-01
4.180000126361846924e-01,1.390707000732421875e+03,1.212733060237951577e-01
4.180999994277954102e-01,1.390110458374023438e+03,1.213088312069885433e-01
4.181999862194061279e-01,1.389514328002929688e+03,1.213443487649783492e-01
4.183000028133392334e-01,1.388918685913085938e+03,1.213798735989257693e-01
4.183999896049499512e-01,1.388323471069335938e+03,1.214153907494619489e-01
4.185000061988830566e-01,1.387728790283203125e+03,1.214509002747945487e-01
4.185999929904937744e-01,1.387134475708007812e+03,1.214864170178771019e-01
4.187000095844268799e-01,1.386540695190429688e+03,1.215219261357560754e-01
4.187999963760375977e-01,1.385947357177734375e+03,1.215574275702238083e-01
4.189000129699707031e-01,1.385354431152343750e+03,1.215929288300685585e-01
4.189999997615814209e-01,1.384762008666992188e+03,1.216284298570826650e-01
4.190999865531921387e-01,1.384170059204101562e+03,1.216639307094737887e-01
4.192000031471252441e-01,1.383578536987304688e+03,1.216994239366613328e-01
4.192999899387359619e-01,1.382987503051757812e+03,1.217349094222299755e-01
4.194000065326690674e-01,1.382396896362304688e+03,1.217704022419638932e-01
4.194999933242797852e-01,1.381806777954101562e+03,1.218058873782865703e-01
4.196000099182128906e-01,1.381217208862304688e+03,1.218413648311980069e-01
4.196999967098236084e-01,1.380627944946289062e+03,1.218768421094864607e-01
4.198000133037567139e-01,1.380039306640625000e+03,1.219123192131519318e-01
4.199000000953674316e-01,1.379450958251953125e+03,1.219477886334061623e-01
4.199999868869781494e-01,1.378863159179687500e+03,1.219832578208297491e-01
4.201000034809112549e-01,1.378275894165039062e+03,1.220187268336303532e-01
4.201999902725219727e-01,1.377689010620117188e+03,1.220541882212273777e-01
4.203000068664550781e-01,1.377102554321289062e+03,1.220896493759937584e-01
4.203999936580657959e-01,1.376516647338867188e+03,1.221251102979294956e-01
4.205000102519989014e-01,1.375931167602539062e+03,1.221605636528693140e-01
4.205999970436096191e-01,1.375346115112304688e+03,1.221960167167708278e-01
4.207000136375427246e-01,1.374761535644531250e+03,1.222314622136764228e-01
4.208000004291534424e-01,1.374177459716796875e+03,1.222669074777513742e-01
4.208999872207641602e-01,1.373593750000000000e+03,1.223023525089956820e-01
4.210000038146972656e-01,1.373010574340820312e+03,1.223377899150364101e-01
4.210999906063079834e-01,1.372427841186523438e+03,1.223732270882464945e-01
4.212000072002410889e-01,1.371844955444335938e+03,1.224086495349183679e-01
4.212999939918518066e-01,1.371262359619140625e+03,1.224440569640137255e-01
4.214000105857849121e-01,1.370680343627929688e+03,1.224794567679055035e-01
4.214999973773956299e-01,1.370098922729492188e+03,1.225148488883860409e-01
4.216000139713287354e-01,1.369518066406250000e+03,1.225502332672476768e-01
4.217000007629394531e-01,1.368937728881835938e+03,1.225856174132786691e-01
4.217999875545501709e-01,1.368357986450195312e+03,1.226209938758984208e-01
4.219000041484832764e-01,1.367778564453125000e+03,1.226563776726834476e-01
4.219999909400939941e-01,1.367199508666992188e+03,1.226917613530531526e-01
4.221000075340270996e-01,1.366620773315429688e+03,1.227271448587998748e-01
4.221999943256378174e-01,1.366042358398437500e+03,1.227625207393430173e-01
4.223000109195709229e-01,1.365464431762695312e+03,1.227978963870555162e-01
4.223999977111816406e-01,1.364886886596679688e+03,1.228332719183526933e-01
4.225000143051147461e-01,1.364309814453125000e+03,1.228686397662386298e-01
4.226000010967254639e-01,1.363733230590820312e+03,1.229040074395015836e-01
4.226999878883361816e-01,1.363157058715820312e+03,1.229393674293532968e-01
4.228000044822692871e-01,1.362581283569335938e+03,1.229747272445820272e-01
4.228999912738800049e-01,1.362005981445312500e+03,1.230100868269801140e-01
4.230000078678131104e-01,1.361431152343750000e+03,1.230454388423822820e-01
4.230999946594238281e-01,1.360856781005859375e+03,1.230807905667461455e-01
4.232000112533569336e-01,1.360282836914062500e+03,1.231161421746946871e-01
4.232999980449676514e-01,1.359709365844726562e+03,1.231514860992319882e-01
4.234000146389007568e-01,1.359136322021484375e+03,1.231868297909386456e-01
4.235000014305114746e-01,1.358563766479492188e+03,1.232221658574417233e-01
4.235999882221221924e-01,1.357991485595703125e+03,1.232575092581100762e-01
4.237000048160552979e-01,1.357418991088867188e+03,1.232928527751937509e-01
4.237999916076660156e-01,1.356845626831054688e+03,1.233282040338963270e-01
4.239000082015991211e-01,1.356271423339843750e+03,1.233635630342178047e-01
4.239999949932098389e-01,1.355696670532226562e+03,1.233989296597428620e-01
4.241000115871429443e-01,1.355121505737304688e+03,1.234342964016832411e-01
4.241999983787536621e-01,1.354546295166015625e+03,1.234696632018312812e-01
4.242999851703643799e-01,1.353970977783203125e+03,1.235050373943522573e-01
4.244000017642974854e-01,1.353395812988281250e+03,1.235404040198773146e-01
4.244999885559082031e-01,1.352820831298828125e+03,1.235757780377753079e-01
4.246000051498413086e-01,1.352246017456054688e+03,1.236111444886773825e-01
4.246999919414520264e-01,1.351671508789062500e+03,1.236465107649564743e-01
4.248000085353851318e-01,1.351097320556640625e+03,1.236818694742396474e-01
4.248999953269958496e-01,1.350523498535156250e+03,1.237172280088998377e-01
4.250000119209289551e-01,1.349949981689453125e+03,1.237525864271447062e-01
4.250999987125396729e-01,1.349376831054687500e+03,1.237879446125589311e-01
4.251999855041503906e-01,1.348804016113281250e+03,1.238233026815578341e-01
4.253000020980834961e-01,1.348231567382812500e+03,1.238586531253531575e-01
4.253999888896942139e-01,1.347659576416015625e+03,1.238940033945254982e-01
4.255000054836273193e-01,1.347087844848632812e+03,1.239293460384942591e-01
4.255999922752380371e-01,1.346516616821289062e+03,1.239646959584206343e-01
4.257000088691711426e-01,1.345945632934570312e+03,1.240000308025628328e-01
4.257999956607818604e-01,1.345375091552734375e+03,1.240353729226626456e-01
4.259000122547149658e-01,1.344804962158203125e+03,1.240707074757665396e-01
4.259999990463256836e-01,1.344235229492187500e+03,1.241060417960397899e-01
4.260999858379364014e-01,1.343665863037109375e+03,1.241413759416900575e-01
4.262000024318695068e-01,1.343096908569335938e+03,1.241767024621367455e-01
4.262999892234802246e-01,1.342528289794921875e+03,1.242120288079604506e-01
4.264000058174133301e-01,1.341960098266601562e+03,1.242473549791611731e-01
4.264999926090240479e-01,1.341392288208007812e+03,1.242826810339465737e-01
4.266000092029571533e-01,1.340824874877929688e+03,1.243179994053207338e-01
4.266999959945678711e-01,1.340257797241210938e+03,1.243533176020719111e-01
4.268000125885009766e-01,1.339691101074218750e+03,1.243886282318271697e-01
4.268999993801116943e-01,1.339124725341796875e+03,1.244239386869594455e-01
4.269999861717224121e-01,1.338558807373046875e+03,1.244592489674687386e-01
4.271000027656555176e-01,1.337993164062500000e+03,1.244945665239356458e-01
4.271999895572662354e-01,1.337427856445312500e+03,1.245298616122454405e-01
4.273000061511993408e-01,1.336862960815429688e+03,1.245651713688857853e-01
4.273999929428100586e-01,1.336298400878906250e+03,1.246004661079496145e-01
4.275000095367431641e-01,1.335734252929687500e+03,1.246357755735516548e-01
4.275999963283538818e-01,1.335170394897460938e+03,1.246710700215771794e-01
4.277000129222869873e-01,1.334606994628906250e+03,1.247063642367720604e-01
4.277999997138977051e-01,1.334043899536132812e+03,1.247416583355516195e-01
4.278999865055084229e-01,1.333481216430664062e+03,1.247769373003393412e-01
4.280000030994415283e-01,1.332918838500976562e+03,1.248122310498729348e-01
4.280999898910522461e-01,1.332356872558593750e+03,1.248475097236223519e-01
4.282000064849853516e-01,1.331795257568359375e+03,1.248828031239099801e-01
4.282999932765960693e-01,1.331234069824218750e+03,1.249180815066210926e-01
4.284000098705291748e-01,1.330673187255859375e+03,1.249533596565015614e-01
4.284999966621398926e-01,1.330112777709960938e+03,1.249886376899667084e-01
4.286000132560729980e-01,1.329552597045898438e+03,1.250239006476476789e-01
4.287000000476837158e-01,1.328992813110351562e+03,1.250591783318668604e-01
4.287999868392944336e-01,1.328433303833007812e+03,1.250944409985095263e-01
4.289000034332275391e-01,1.327874084472656250e+03,1.251297183916904032e-01
4.289999902248382568e-01,1.327315261840820312e+03,1.251649807672947645e-01
4.291000068187713623e-01,1.326756759643554688e+03,1.252002430264838040e-01
4.291999936103820801e-01,1.326198501586914062e+03,1.252355051110498607e-01
4.293000102043151855e-01,1.325640625000000000e+03,1.252707670209929347e-01
4.293999969959259033e-01,1.325083114624023438e+03,1.253060287563130260e-01
4.295000135898590088e-01,1.324525955200195312e+03,1.253412754740566015e-01
4.296000003814697266e-01,1.323969192504882812e+03,1.253765369183383882e-01
4.296999871730804443e-01,1.323412673950195312e+03,1.254117832868359983e-01
4.298000037670135498e-01,1.322856643676757812e+03,1.254470295389182866e-01
4.298999905586242676e-01,1.322300888061523438e+03,1.254822755581699312e-01
4.300000071525573730e-01,1.321745574951171875e+03,1.255175214610062540e-01
4.300999939441680908e-01,1.321190612792968750e+03,1.255527671892195940e-01
4.302000105381011963e-01,1.320636001586914062e+03,1.255880127428099513e-01
4.302999973297119141e-01,1.320081817626953125e+03,1.256232432206161320e-01
4.304000139236450195e-01,1.319527938842773438e+03,1.256584735237993300e-01
4.305000007152557373e-01,1.318974472045898438e+03,1.256937037105672061e-01
4.305999875068664551e-01,1.318421432495117188e+03,1.257289336645044386e-01
4.307000041007995605e-01,1.317868698120117188e+03,1.257641635020263493e-01
4.307999908924102783e-01,1.317316390991210938e+03,1.257993931649252772e-01
4.309000074863433838e-01,1.316764373779296875e+03,1.258346077520400286e-01
4.309999942779541016e-01,1.316212783813476562e+03,1.258698370656929910e-01
4.311000108718872070e-01,1.315661621093750000e+03,1.259050513035617769e-01
4.311999976634979248e-01,1.315110687255859375e+03,1.259402654250152409e-01
4.313000142574310303e-01,1.314559890747070312e+03,1.259754944476298988e-01
4.314000010490417480e-01,1.314009048461914062e+03,1.260107234120368958e-01
4.314999878406524658e-01,1.313458145141601562e+03,1.260459523764438927e-01
4.316000044345855713e-01,1.312907318115234375e+03,1.260811961838044226e-01
4.316999912261962891e-01,1.312356582641601562e+03,1.261164250317960978e-01
4.318000078201293945e-01,1.311806045532226562e+03,1.261516687227413058e-01
4.318999946117401123e-01,1.311255661010742188e+03,1.261869122972711921e-01
4.320000112056732178e-01,1.310705551147460938e+03,1.262221557553857565e-01
4.320999979972839355e-01,1.310155685424804688e+03,1.262573841959238052e-01
4.322000145912170410e-01,1.309606155395507812e+03,1.262926274212077260e-01
4.323000013828277588e-01,1.309056930541992188e+03,1.263278704718686640e-01
4.323999881744384766e-01,1.308508010864257812e+03,1.263630985049530864e-01
4.325000047683715820e-01,1.307959426879882812e+03,1.263983263634145260e-01
4.325999915599822998e-01,1.307411224365234375e+03,1.264335689484141767e-01
4.327000081539154053e-01,1.306863372802734375e+03,1.264687965158373117e-01
4.327999949455261230e-01,1.306315841674804688e+03,1.265040239086374640e-01
4.329000115394592285e-01,1.305768783569335938e+03,1.265392511268146336e-01
4.329999983310699463e-01,1.305222030639648438e+03,1.265744632692076266e-01
4.330999851226806641e-01,1.304675689697265625e+03,1.266096901381388307e-01
4.332000017166137695e-01,1.304129669189453125e+03,1.266449019894935191e-01
4.332999885082244873e-01,1.303584060668945312e+03,1.266801136080175638e-01
4.334000051021575928e-01,1.303038772583007812e+03,1.267153400112874806e-01
4.334999918937683105e-01,1.302493957519531250e+03,1.267505513387732208e-01
4.336000084877014160e-01,1.301949447631835938e+03,1.267857475904747844e-01
4.336999952793121338e-01,1.301405349731445312e+03,1.268209585687145591e-01
4.338000118732452393e-01,1.300861633300781250e+03,1.268561694305390120e-01
4.338999986648559570e-01,1.300318267822265625e+03,1.268913651583716273e-01
4.339999854564666748e-01,1.299775253295898438e+03,1.269265607697889209e-01
4.341000020503997803e-01,1.299232742309570312e+03,1.269617561483755708e-01
4.341999888420104980e-01,1.298690460205078125e+03,1.269969514105468988e-01
4.343000054359436035e-01,1.298148590087890625e+03,1.270321464980952442e-01
4.343999922275543213e-01,1.297607162475585938e+03,1.270673265680670738e-01
4.345000088214874268e-01,1.297066070556640625e+03,1.271025213063694537e-01
4.345999956130981445e-01,1.296525421142578125e+03,1.271377009688876569e-01
4.347000122070312500e-01,1.295985061645507812e+03,1.271728805149905384e-01
4.347999989986419678e-01,1.295445053100585938e+03,1.272080598864704370e-01
4.348999857902526855e-01,1.294905456542968750e+03,1.272432390833273530e-01
4.350000023841857910e-01,1.294366287231445312e+03,1.272784181637689471e-01
4.350999891757965088e-01,1.293827392578125000e+03,1.273135821102187037e-01
4.352000057697296143e-01,1.293288864135742188e+03,1.273487608414143324e-01
4.352999925613403320e-01,1.292750686645507812e+03,1.273839244968257844e-01
4.354000091552734375e-01,1.292212905883789062e+03,1.274190880358219147e-01
4.354999959468841553e-01,1.291675430297851562e+03,1.274542513419874012e-01
4.356000125408172607e-01,1.291138366699218750e+03,1.274894145317375660e-01
4.356999993324279785e-01,1.290601654052734375e+03,1.275245776050724089e-01
4.357999861240386963e-01,1.290065338134765625e+03,1.275597255444154143e-01
4.359000027179718018e-01,1.289529327392578125e+03,1.275948882685042918e-01
4.359999895095825195e-01,1.288993667602539062e+03,1.276300359168089926e-01
4.361000061035156250e-01,1.288458419799804688e+03,1.276651833904907107e-01
4.361999928951263428e-01,1.287923461914062500e+03,1.277003307477571070e-01
4.363000094890594482e-01,1.287388977050781250e+03,1.277354779304005206e-01
4.363999962806701660e-01,1.286854721069335938e+03,1.277706249384209514e-01
4.365000128746032715e-01,1.286320938110351562e+03,1.278057568706572056e-01
4.365999996662139893e-01,1.285787445068359375e+03,1.278408886864781380e-01
4.366999864578247070e-01,1.285254364013671875e+03,1.278760352288372815e-01
4.368000030517578125e-01,1.284721633911132812e+03,1.279111666954122484e-01
4.368999898433685303e-01,1.284189193725585938e+03,1.279462980455718935e-01
4.370000064373016357e-01,1.283657165527343750e+03,1.279814291629008949e-01
4.370999932289123535e-01,1.283125549316406250e+03,1.280165452626533806e-01
4.372000098228454590e-01,1.282594177246093750e+03,1.280516761471517384e-01
4.372999966144561768e-01,1.282063262939453125e+03,1.280867918976582587e-01
4.374000132083892822e-01,1.281532699584960938e+03,1.281219224329106510e-01
4.375000000000000000e-01,1.281002502441406250e+03,1.281570378923788667e-01
4.375999867916107178e-01,1.280472702026367188e+03,1.281921531772240996e-01
4.377000033855438232e-01,1.279943206787109375e+03,1.282272683456540108e-01
4.377999901771545410e-01,1.279414123535156250e+03,1.282623683800920844e-01
4.379000067710876465e-01,1.278885330200195312e+03,1.282974831992760301e-01
4.379999935626983643e-01,1.278356933593750000e+03,1.283325830008834600e-01
4.381000101566314697e-01,1.277828903198242188e+03,1.283676825696602464e-01
4.381999969482421875e-01,1.277301284790039062e+03,1.284027969231829047e-01
4.383000135421752930e-01,1.276773956298828125e+03,1.284378812997601926e-01
4.384000003337860107e-01,1.276247070312500000e+03,1.284729804028756917e-01
4.384999871253967285e-01,1.275720535278320312e+03,1.285080793895758688e-01
4.386000037193298340e-01,1.275194290161132812e+03,1.285431782016530633e-01
4.386999905109405518e-01,1.274668457031250000e+03,1.285782619379460812e-01
4.388000071048736572e-01,1.274142974853515625e+03,1.286133454996161163e-01
4.388999938964843750e-01,1.273617874145507812e+03,1.286484289448708296e-01
4.390000104904174805e-01,1.273093185424804688e+03,1.286835122155025601e-01
4.390999972820281982e-01,1.272568786621093750e+03,1.287185953115113080e-01
4.392000138759613037e-01,1.272044799804687500e+03,1.287536782328970730e-01
4.393000006675720215e-01,1.271521087646484375e+03,1.287887461367063224e-01
4.393999874591827393e-01,1.270997833251953125e+03,1.288238287670537829e-01
4.395000040531158447e-01,1.270474914550781250e+03,1.288588963216170669e-01
4.395999908447265625e-01,1.269952362060546875e+03,1.288939637597650290e-01
4.397000074386596680e-01,1.269430145263671875e+03,1.289290309650823474e-01
4.397999942302703857e-01,1.268908264160156250e+03,1.289640981121920049e-01
4.399000108242034912e-01,1.268386749267578125e+03,1.289991501253098249e-01
4.399999976158142090e-01,1.267865676879882812e+03,1.290342169231735170e-01
4.401000142097473145e-01,1.267344879150390625e+03,1.290692686452530324e-01
4.402000010013580322e-01,1.266824493408203125e+03,1.291043201927095652e-01
4.402999877929687500e-01,1.266304458618164062e+03,1.291393715655431151e-01
4.404000043869018555e-01,1.265784774780273438e+03,1.291744228219613433e-01
4.404999911785125732e-01,1.265265426635742188e+03,1.292094739037565887e-01
4.406000077724456787e-01,1.264746536254882812e+03,1.292445248691365123e-01
4.406999945640563965e-01,1.264227890014648438e+03,1.292795607005245984e-01
4.408000111579895020e-01,1.263709686279296875e+03,1.293146113166585565e-01
4.408999979496002197e-01,1.263191818237304688e+03,1.293496469152159989e-01
4.410000145435333252e-01,1.262674316406250000e+03,1.293846822809427977e-01
4.411000013351440430e-01,1.262157180786132812e+03,1.294197175302542746e-01
4.411999881267547607e-01,1.261640365600585938e+03,1.294547526049427688e-01
4.413000047206878662e-01,1.261123962402343750e+03,1.294897726038470864e-01
4.413999915122985840e-01,1.260607925415039062e+03,1.295248073874972761e-01
4.415000081062316895e-01,1.260092239379882812e+03,1.295598270953632891e-01
4.415999948978424072e-01,1.259576904296875000e+03,1.295948466286063194e-01
4.417000114917755127e-01,1.259061889648437500e+03,1.296298660454340279e-01
4.417999982833862305e-01,1.258547302246093750e+03,1.296648852876387537e-01
4.419000148773193359e-01,1.258033096313476562e+03,1.296999043552204967e-01
4.420000016689300537e-01,1.257519195556640625e+03,1.297349232481792569e-01
4.420999884605407715e-01,1.257005661010742188e+03,1.297699271235615015e-01
4.422000050544738770e-01,1.256492523193359375e+03,1.298049308243207633e-01
4.422999918460845947e-01,1.255979690551757812e+03,1.298399492516182363e-01
4.424000084400177002e-01,1.255467254638671875e+03,1.298749526613391936e-01
4.424999952316284180e-01,1.254955230712890625e+03,1.299099409952759743e-01
4.426000118255615234e-01,1.254443511962890625e+03,1.299449440557509661e-01
4.426999986171722412e-01,1.253932159423828125e+03,1.299799469416029751e-01
4.427999854087829590e-01,1.253421127319335938e+03,1.300149348098784685e-01
4.429000020027160645e-01,1.252910552978515625e+03,1.300499374046921730e-01
4.429999887943267822e-01,1.252400268554687500e+03,1.300849249237217009e-01
4.431000053882598877e-01,1.251890380859375000e+03,1.301199123263359070e-01
4.431999921798706055e-01,1.251380783081054688e+03,1.301548995543271303e-01
4.433000087738037109e-01,1.250871658325195312e+03,1.301898717065341771e-01
4.433999955654144287e-01,1.250362808227539062e+03,1.302248586434870958e-01
4.435000121593475342e-01,1.249854370117187500e+03,1.302598305046558380e-01
4.435999989509582520e-01,1.249346267700195312e+03,1.302948170923627913e-01
4.436999857425689697e-01,1.248838516235351562e+03,1.303297886042855680e-01
4.438000023365020752e-01,1.248331100463867188e+03,1.303647599997930229e-01
4.438999891281127930e-01,1.247824096679687500e+03,1.303997163195163012e-01
4.440000057220458984e-01,1.247317459106445312e+03,1.304346874239854515e-01
4.440999925136566162e-01,1.246811126708984375e+03,1.304696583538316190e-01
4.442000091075897217e-01,1.246305206298828125e+03,1.305046142078936100e-01
4.442999958992004395e-01,1.245799636840820312e+03,1.305395698873326182e-01
4.444000124931335449e-01,1.245294403076171875e+03,1.305745254503563046e-01
4.444999992847442627e-01,1.244789520263671875e+03,1.306094808387570083e-01
4.445999860763549805e-01,1.244285049438476562e+03,1.306444360525347292e-01
4.447000026702880859e-01,1.243780914306640625e+03,1.306793911498971283e-01
4.447999894618988037e-01,1.243277099609375000e+03,1.307143311714753509e-01
4.449000060558319092e-01,1.242773666381835938e+03,1.307492859195917845e-01
4.449999928474426270e-01,1.242270614624023438e+03,1.307842256501317024e-01
4.451000094413757324e-01,1.241767898559570312e+03,1.308191652060486376e-01
4.451999962329864502e-01,1.241265533447265625e+03,1.308541046455502510e-01
4.453000128269195557e-01,1.240762969970703125e+03,1.308890590444207191e-01
4.453999996185302734e-01,1.240259658813476562e+03,1.309240137925371528e-01
4.454999864101409912e-01,1.239755401611328125e+03,1.309589986922219396e-01
4.456000030040740967e-01,1.239250366210937500e+03,1.309939838829450309e-01
4.456999897956848145e-01,1.238744720458984375e+03,1.310289990797173232e-01
4.458000063896179199e-01,1.238238632202148438e+03,1.310639995499514043e-01
4.458999931812286377e-01,1.237732254028320312e+03,1.310990299098193645e-01
4.460000097751617432e-01,1.237225677490234375e+03,1.311340454267337918e-01
4.460999965667724609e-01,1.236718978881835938e+03,1.311690758448094130e-01
4.462000131607055664e-01,1.236212310791015625e+03,1.312041062628850341e-01
4.462999999523162842e-01,1.235705749511718750e+03,1.312391366518568248e-01
4.463999867439270020e-01,1.235199218750000000e+03,1.312741669826209545e-01
4.465000033378601074e-01,1.234692871093750000e+03,1.313091972260735929e-01
4.465999901294708252e-01,1.234186660766601562e+03,1.313442274113185704e-01
4.467000067234039307e-01,1.233680679321289062e+03,1.313792574801482260e-01
4.467999935150146484e-01,1.233175003051757812e+03,1.314142874325625598e-01
4.469000101089477539e-01,1.232669479370117188e+03,1.314493172685615718e-01
4.469999969005584717e-01,1.232164260864257812e+03,1.314843469881452620e-01
4.471000134944915771e-01,1.231659317016601562e+03,1.315193765913136303e-01
4.472000002861022949e-01,1.231154724121093750e+03,1.315544060780666769e-01
4.472999870777130127e-01,1.230650375366210938e+03,1.315894354193005711e-01
4.474000036716461182e-01,1.230146255493164062e+03,1.316244646150153130e-01
4.474999904632568359e-01,1.229642608642578125e+03,1.316594787931535393e-01
4.476000070571899414e-01,1.229139160156250000e+03,1.316945077269338071e-01
4.476999938488006592e-01,1.228636032104492188e+03,1.317295216140337288e-01
4.478000104427337646e-01,1.228133255004882812e+03,1.317645502858795226e-01
4.478999972343444824e-01,1.227630752563476562e+03,1.317995638819411397e-01
4.480000138282775879e-01,1.227128646850585938e+03,1.318345773615874350e-01
4.481000006198883057e-01,1.226626831054687500e+03,1.318695906957145780e-01
4.481999874114990234e-01,1.226125320434570312e+03,1.319046038843225688e-01
4.483000040054321289e-01,1.225624130249023438e+03,1.319396169274114072e-01
4.483999907970428467e-01,1.225123275756835938e+03,1.319746149529237300e-01
4.485000073909759521e-01,1.224622741699218750e+03,1.320096277049742639e-01
4.485999941825866699e-01,1.224122604370117188e+03,1.320446403406094760e-01
4.487000107765197754e-01,1.223622726440429688e+03,1.320796379004605114e-01
4.487999975681304932e-01,1.223123168945312500e+03,1.321146353438962251e-01
4.489000141620635986e-01,1.222623992919921875e+03,1.321496326418127865e-01
4.490000009536743164e-01,1.222125061035156250e+03,1.321846446953713894e-01
4.490999877452850342e-01,1.221626518249511719e+03,1.322196417022496462e-01
4.492000043392181396e-01,1.221128227233886719e+03,1.322546386218164116e-01
4.492999911308288574e-01,1.220630126953125000e+03,1.322896353958640248e-01
4.494000077247619629e-01,1.220132316589355469e+03,1.323246320826001465e-01
4.494999945163726807e-01,1.219634849548339844e+03,1.323596285947132856e-01
4.496000111103057861e-01,1.219137641906738281e+03,1.323946250195149332e-01
4.496999979019165039e-01,1.218640815734863281e+03,1.324296212696935982e-01
4.498000144958496094e-01,1.218144256591796875e+03,1.324646024731919169e-01
4.499000012874603271e-01,1.217648078918457031e+03,1.324995984614361078e-01
4.499999880790710449e-01,1.217152160644531250e+03,1.325345943041611463e-01
4.501000046730041504e-01,1.216656684875488281e+03,1.325695750711020082e-01
4.501999914646148682e-01,1.216161468505859375e+03,1.326045557216275483e-01
4.503000080585479736e-01,1.215666580200195312e+03,1.326395362266339362e-01
4.503999948501586914e-01,1.215172012329101562e+03,1.326745165861211717e-01
4.505000114440917969e-01,1.214677856445312500e+03,1.327094968000892550e-01
4.505999982357025146e-01,1.214183959960937500e+03,1.327444768394343555e-01
4.507000148296356201e-01,1.213690444946289062e+03,1.327794567623641342e-01
4.508000016212463379e-01,1.213197219848632812e+03,1.328144365397747606e-01
4.508999884128570557e-01,1.212704345703125000e+03,1.328494012705050409e-01
4.510000050067901611e-01,1.212211822509765625e+03,1.328843807859811932e-01
4.510999917984008789e-01,1.211719551086425781e+03,1.329193452256731689e-01
4.512000083923339844e-01,1.211227668762207031e+03,1.329543095198459923e-01
4.512999951839447021e-01,1.210736038208007812e+03,1.329892737267073244e-01
4.514000117778778076e-01,1.210244071960449219e+03,1.330242678523063660e-01
4.514999985694885254e-01,1.209751464843750000e+03,1.330592622689437121e-01
4.515999853610992432e-01,1.209258041381835938e+03,1.330942718777805567e-01
4.517000019550323486e-01,1.208764038085937500e+03,1.331292816903442144e-01
4.517999887466430664e-01,1.208269584655761719e+03,1.331642916775308549e-01
4.519000053405761719e-01,1.207774856567382812e+03,1.331993166531901807e-01
4.519999921321868896e-01,1.207280059814453125e+03,1.332343416579533368e-01
4.521000087261199951e-01,1.206785278320312500e+03,1.332693666336126626e-01
4.521999955177307129e-01,1.206290534973144531e+03,1.333043915510643274e-01
4.523000121116638184e-01,1.205796020507812500e+03,1.333394014800433069e-01
4.523999989032745361e-01,1.205301689147949219e+03,1.333744262228719890e-01
4.524999856948852539e-01,1.204807670593261719e+03,1.334094508492853492e-01
4.526000022888183594e-01,1.204313804626464844e+03,1.334444604581221938e-01
4.526999890804290771e-01,1.203820312500000000e+03,1.334794848517049104e-01
4.528000056743621826e-01,1.203327110290527344e+03,1.335144941986072809e-01
4.528999924659729004e-01,1.202834167480468750e+03,1.335495033999904990e-01
4.530000090599060059e-01,1.202341552734375000e+03,1.335845124849583954e-01
4.530999958515167236e-01,1.201849273681640625e+03,1.336195214244071394e-01
4.532000124454498291e-01,1.201357322692871094e+03,1.336545302474405617e-01
4.532999992370605469e-01,1.200865699768066406e+03,1.336895388958510011e-01
4.533999860286712646e-01,1.200374382019042969e+03,1.337245325266849250e-01
4.535000026226043701e-01,1.199883346557617188e+03,1.337595409131608903e-01
4.535999894142150879e-01,1.199392524719238281e+03,1.337945342820603400e-01
4.537000060081481934e-01,1.198901039123535156e+03,1.338294979650527239e-01
4.537999927997589111e-01,1.198409889221191406e+03,1.338644614152144641e-01
4.539000093936920166e-01,1.197919120788574219e+03,1.338994096731767058e-01
4.539999961853027344e-01,1.197428802490234375e+03,1.339343427680432796e-01
4.541000127792358398e-01,1.196938949584960938e+03,1.339692607289180160e-01
4.541999995708465576e-01,1.196449417114257812e+03,1.340041933872271329e-01
4.542999863624572754e-01,1.195960197448730469e+03,1.340390960394870490e-01
4.544000029563903809e-01,1.195471191406250000e+03,1.340739984880201519e-01
4.544999897480010986e-01,1.194982635498046875e+03,1.341088858316652477e-01
4.546000063419342041e-01,1.194494392395019531e+03,1.341437580413185060e-01
4.546999931335449219e-01,1.194006576538085938e+03,1.341786449484061450e-01
4.548000097274780273e-01,1.193519172668457031e+03,1.342135167797096074e-01
4.548999965190887451e-01,1.193032073974609375e+03,1.342483734770212322e-01
4.550000131130218506e-01,1.192545410156250000e+03,1.342832449299748987e-01
4.550999999046325684e-01,1.192059043884277344e+03,1.343181012780405581e-01
4.551999866962432861e-01,1.191573097229003906e+03,1.343529425503220409e-01
4.553000032901763916e-01,1.191087501525878906e+03,1.343877985782455653e-01
4.553999900817871094e-01,1.190602294921875000e+03,1.344226395303849131e-01
4.555000066757202148e-01,1.190117393493652344e+03,1.344574803079012781e-01
4.555999934673309326e-01,1.189632858276367188e+03,1.344923209398984909e-01
4.557000100612640381e-01,1.189148666381835938e+03,1.345271614263765514e-01
4.557999968528747559e-01,1.188664871215820312e+03,1.345620017673354596e-01
4.559000134468078613e-01,1.188181350708007812e+03,1.345968270325101912e-01
4.560000002384185791e-01,1.187698181152343750e+03,1.346316670824307948e-01
4.560999870300292969e-01,1.187215339660644531e+03,1.346664920565672219e-01
4.562000036239624023e-01,1.186732887268066406e+03,1.347013168851844966e-01
4.562999904155731201e-01,1.186250740051269531e+03,1.347361415682826191e-01
4.564000070095062256e-01,1.185768951416015625e+03,1.347709512338042259e-01
4.564999938011169434e-01,1.185287467956542969e+03,1.348057756258640438e-01
4.566000103950500488e-01,1.184806320190429688e+03,1.348405849712435156e-01
4.566999971866607666e-01,1.184325546264648438e+03,1.348754091013688594e-01
4.568000137805938721e-01,1.183845092773437500e+03,1.349102181557100266e-01
4.569000005722045898e-01,1.183364936828613281e+03,1.349450270936358720e-01
4.569999873638153076e-01,1.182885101318359375e+03,1.349798358860425651e-01
4.571000039577484131e-01,1.182405662536621094e+03,1.350146445329301059e-01
4.571999907493591309e-01,1.181926528930664062e+03,1.350494381331373006e-01
4.573000073432922363e-01,1.181447708129882812e+03,1.350842465180903673e-01
4.573999941349029541e-01,1.180969230651855469e+03,1.351190398272592574e-01
4.575000107288360596e-01,1.180491050720214844e+03,1.351538479211740196e-01
4.575999975204467773e-01,1.180013221740722656e+03,1.351886409684084356e-01
4.577000141143798828e-01,1.179535789489746094e+03,1.352234338701236993e-01
4.578000009059906006e-01,1.179058593750000000e+03,1.352582266263198107e-01
4.578999876976013184e-01,1.178581794738769531e+03,1.352930192661006004e-01
4.580000042915344238e-01,1.178105308532714844e+03,1.353278117312584072e-01
4.580999910831451416e-01,1.177629127502441406e+03,1.353625891788396984e-01
4.582000076770782471e-01,1.177153198242187500e+03,1.353973814111668617e-01
4.582999944686889648e-01,1.176677474975585938e+03,1.354321735561825335e-01
4.584000110626220703e-01,1.176201766967773438e+03,1.354669656720943749e-01
4.584999978542327881e-01,1.175726242065429688e+03,1.355017577297985554e-01
4.586000144481658936e-01,1.175250976562500000e+03,1.355365645722486079e-01
4.587000012397766113e-01,1.174775863647460938e+03,1.355713564262259752e-01
4.587999880313873291e-01,1.174301033020019531e+03,1.356061481637880206e-01
4.589000046253204346e-01,1.173826461791992188e+03,1.356409397558309138e-01
4.589999914169311523e-01,1.173352241516113281e+03,1.356757312605623156e-01
4.591000080108642578e-01,1.172878311157226562e+03,1.357105226197745651e-01
4.591999948024749756e-01,1.172404655456542969e+03,1.357453138334676623e-01
4.593000113964080811e-01,1.171931350708007812e+03,1.357801049307454377e-01
4.593999981880187988e-01,1.171458389282226562e+03,1.358148958825040609e-01
4.595000147819519043e-01,1.170985733032226562e+03,1.358496717875823379e-01
4.596000015735626221e-01,1.170513381958007812e+03,1.358844624774064869e-01
4.596999883651733398e-01,1.170041343688964844e+03,1.359192381205502898e-01
4.598000049591064453e-01,1.169569641113281250e+03,1.359540136181749403e-01
4.598999917507171631e-01,1.169098312377929688e+03,1.359887889702804387e-01
4.600000083446502686e-01,1.168627281188964844e+03,1.360235642059706151e-01
4.600999951362609863e-01,1.168156623840332031e+03,1.360583392961416394e-01
4.602000117301940918e-01,1.167686225891113281e+03,1.360931142407935113e-01
4.602999985218048096e-01,1.167216094970703125e+03,1.361278890981338918e-01
4.603999853134155273e-01,1.166746162414550781e+03,1.361626638681627810e-01
4.605000019073486328e-01,1.166276519775390625e+03,1.361974385217763484e-01
4.605999886989593506e-01,1.165807113647460938e+03,1.362322130880784243e-01
4.607000052928924561e-01,1.165338020324707031e+03,1.362669875088613480e-01
4.607999920845031738e-01,1.164869262695312500e+03,1.363017617841251194e-01
4.609000086784362793e-01,1.164400787353515625e+03,1.363365359429735690e-01
4.609999954700469971e-01,1.163932525634765625e+03,1.363713100145105273e-01
4.611000120639801025e-01,1.163464248657226562e+03,1.364060989872086793e-01
4.611999988555908203e-01,1.162996116638183594e+03,1.364408879308030009e-01
4.612999856472015381e-01,1.162528129577636719e+03,1.364756767870858312e-01
4.614000022411346436e-01,1.162060302734375000e+03,1.365104655851610005e-01
4.614999890327453613e-01,1.161592712402343750e+03,1.365452542668208480e-01
4.616000056266784668e-01,1.161125411987304688e+03,1.365800428320653737e-01
4.616999924182891846e-01,1.160658470153808594e+03,1.366148312517907470e-01
4.618000090122222900e-01,1.160191764831542969e+03,1.366496195551007986e-01
4.618999958038330078e-01,1.159725326538085938e+03,1.366844077419955283e-01
4.620000123977661133e-01,1.159259307861328125e+03,1.367191808822099119e-01
4.620999991893768311e-01,1.158793563842773438e+03,1.367539688071701676e-01
4.621999859809875488e-01,1.158328155517578125e+03,1.367887416563462466e-01
4.623000025749206543e-01,1.157863075256347656e+03,1.368235292902681977e-01
4.623999893665313721e-01,1.157398300170898438e+03,1.368583018775098026e-01
4.625000059604644775e-01,1.156933677673339844e+03,1.368930893659126014e-01
4.625999927520751953e-01,1.156468711853027344e+03,1.369278919009957463e-01
4.627000093460083008e-01,1.156003036499023438e+03,1.369627096864860505e-01
4.627999961376190186e-01,1.155536727905273438e+03,1.369975277048069984e-01
4.629000127315521240e-01,1.155069885253906250e+03,1.370323608571197838e-01
4.629999995231628418e-01,1.154602737426757812e+03,1.370671941258478910e-01
4.630999863147735596e-01,1.154135459899902344e+03,1.371020423539448529e-01
4.632000029087066650e-01,1.153668113708496094e+03,1.371368757099844515e-01
4.632999897003173828e-01,1.153200813293457031e+03,1.371717239380814135e-01
4.634000062942504883e-01,1.152733734130859375e+03,1.372065571777056903e-01
4.634999930858612061e-01,1.152266723632812500e+03,1.372414052602835000e-01
4.636000096797943115e-01,1.151800010681152344e+03,1.372762532555498183e-01
4.636999964714050293e-01,1.151333465576171875e+03,1.373110862914472818e-01
4.638000130653381348e-01,1.150867156982421875e+03,1.373459341120906174e-01
4.638999998569488525e-01,1.150401115417480469e+03,1.373807669151574373e-01
4.639999866485595703e-01,1.149935401916503906e+03,1.374156144738662988e-01
4.641000032424926758e-01,1.149469909667968750e+03,1.374504470441024750e-01
4.641999900341033936e-01,1.149004844665527344e+03,1.374852794688194990e-01
4.643000066280364990e-01,1.148540061950683594e+03,1.375201117771212012e-01
4.643999934196472168e-01,1.148075538635253906e+03,1.375549439399037510e-01
4.645000100135803223e-01,1.147611389160156250e+03,1.375897759571671486e-01
4.645999968051910400e-01,1.147147598266601562e+03,1.376246078289113939e-01
4.647000133991241455e-01,1.146684066772460938e+03,1.376594395842403173e-01
4.648000001907348633e-01,1.146220932006835938e+03,1.376942562928888947e-01
4.648999869823455811e-01,1.145758094787597656e+03,1.377290877571795136e-01
4.650000035762786865e-01,1.145295562744140625e+03,1.377639041747897863e-01
4.650999903678894043e-01,1.144833427429199219e+03,1.377987204468809068e-01
4.652000069618225098e-01,1.144371597290039062e+03,1.378335366025567055e-01
4.652999937534332275e-01,1.143910110473632812e+03,1.378683526127133518e-01
4.654000103473663330e-01,1.143448966979980469e+03,1.379031684773508459e-01
4.654999971389770508e-01,1.142988105773925781e+03,1.379379842255730182e-01
4.656000137329101562e-01,1.142527618408203125e+03,1.379727848980110139e-01
4.657000005245208740e-01,1.142067443847656250e+03,1.380076003551948816e-01
4.657999873161315918e-01,1.141607589721679688e+03,1.380424007656984031e-01
4.659000039100646973e-01,1.141148117065429688e+03,1.380772010306827724e-01
4.659999907016754150e-01,1.140688926696777344e+03,1.381120011792518198e-01
4.661000072956085205e-01,1.140230064392089844e+03,1.381468011531978846e-01
4.661999940872192383e-01,1.139771545410156250e+03,1.381816010107286274e-01
4.663000106811523438e-01,1.139313377380371094e+03,1.382163858215790242e-01
4.663999974727630615e-01,1.138855506896972656e+03,1.382511853880714625e-01
4.665000140666961670e-01,1.138397987365722656e+03,1.382859699369873852e-01
4.666000008583068848e-01,1.137940788269042969e+03,1.383207692415453494e-01
4.666999876499176025e-01,1.137483940124511719e+03,1.383555534994229674e-01
4.668000042438507080e-01,1.137027389526367188e+03,1.383903376117814332e-01
4.668999910354614258e-01,1.136571197509765625e+03,1.384251216077245772e-01
4.670000076293945312e-01,1.136115356445312500e+03,1.384599054290447384e-01
4.670999944210052490e-01,1.135659744262695312e+03,1.384946742327883840e-01
4.672000110149383545e-01,1.135204521179199219e+03,1.385294578212779015e-01
4.672999978065490723e-01,1.134749656677246094e+03,1.385642263339832425e-01
4.674000144004821777e-01,1.134295082092285156e+03,1.385989947302732617e-01
4.675000011920928955e-01,1.133840896606445312e+03,1.386337629810441285e-01
4.675999879837036133e-01,1.133387008666992188e+03,1.386685310862958431e-01
4.677000045776367188e-01,1.132933410644531250e+03,1.387032990751322359e-01
4.677999913692474365e-01,1.132480140686035156e+03,1.387380668893456459e-01
4.679000079631805420e-01,1.132027229309082031e+03,1.387728345871437341e-01
4.679999947547912598e-01,1.131574676513671875e+03,1.388075872673653066e-01
4.681000113487243652e-01,1.131122390747070312e+03,1.388423546741250902e-01
4.681999981403350830e-01,1.130670455932617188e+03,1.388771070633083582e-01
4.683000147342681885e-01,1.130218818664550781e+03,1.389118593069724739e-01
4.684000015258789062e-01,1.129767547607421875e+03,1.389466114342212677e-01
4.684999883174896240e-01,1.129316658020019531e+03,1.389813634159509093e-01
4.686000049114227295e-01,1.128865997314453125e+03,1.390161003510002047e-01
4.686999917030334473e-01,1.128415641784667969e+03,1.390508520416915417e-01
4.688000082969665527e-01,1.127965705871582031e+03,1.390855887148063630e-01
4.688999950885772705e-01,1.127516059875488281e+03,1.391203401435632259e-01
4.690000116825103760e-01,1.127066749572753906e+03,1.391550765256397426e-01
4.690999984741210938e-01,1.126617729187011719e+03,1.391898127621971071e-01
4.691999852657318115e-01,1.126169044494628906e+03,1.392245488823391497e-01
4.693000018596649170e-01,1.125720741271972656e+03,1.392592848569620401e-01
4.693999886512756348e-01,1.125272712707519531e+03,1.392940207151696086e-01
4.695000052452087402e-01,1.124824760437011719e+03,1.393287565151695162e-01
4.695999920368194580e-01,1.124376419067382812e+03,1.393635073327459395e-01
4.697000086307525635e-01,1.123927551269531250e+03,1.393982732261065394e-01
4.697999954223632812e-01,1.123478225708007812e+03,1.394330393231939524e-01
4.699000120162963867e-01,1.123028541564941406e+03,1.394678204087540507e-01
4.699999988079071045e-01,1.122578544616699219e+03,1.395026015525218099e-01
4.700999855995178223e-01,1.122128547668457031e+03,1.395373976265545934e-01
4.702000021934509277e-01,1.121678565979003906e+03,1.395721787994261831e-01
4.702999889850616455e-01,1.121228637695312500e+03,1.396069599140901119e-01
4.704000055789947510e-01,1.120778869628906250e+03,1.396417558426037431e-01
4.704999923706054688e-01,1.120329269409179688e+03,1.396765367826446891e-01
4.706000089645385742e-01,1.119879920959472656e+03,1.397113176353741437e-01
4.706999957561492920e-01,1.119430839538574219e+03,1.397461132728494704e-01
4.708000123500823975e-01,1.118981964111328125e+03,1.397808938927482814e-01
4.708999991416931152e-01,1.118533470153808594e+03,1.398156743962317705e-01
4.709999859333038330e-01,1.118085174560546875e+03,1.398504398821387440e-01
4.711000025272369385e-01,1.117637237548828125e+03,1.398852201236877590e-01
4.711999893188476562e-01,1.117189239501953125e+03,1.399200004525482655e-01
4.713000059127807617e-01,1.116739822387695312e+03,1.399548111949115992e-01
4.713999927043914795e-01,1.116287864685058594e+03,1.399896378570701927e-01
4.715000092983245850e-01,1.115833244323730469e+03,1.400244804390240461e-01
4.715999960899353027e-01,1.115376411437988281e+03,1.400593537255190313e-01
4.717000126838684082e-01,1.114917739868164062e+03,1.400942276814021170e-01
4.717999994754791260e-01,1.114457618713378906e+03,1.401291170623153448e-01
4.718999862670898438e-01,1.113996391296386719e+03,1.401640217809472233e-01
4.720000028610229492e-01,1.113534309387207031e+03,1.401989267906174064e-01
4.720999896526336670e-01,1.113071655273437500e+03,1.402338320331182331e-01
4.722000062465667725e-01,1.112608596801757812e+03,1.402687374211382121e-01
4.722999930381774902e-01,1.112145256042480469e+03,1.403036428673658520e-01
4.724000096321105957e-01,1.111681716918945312e+03,1.403385632729623467e-01
4.724999964237213135e-01,1.111218215942382812e+03,1.403734687773976475e-01
4.726000130176544189e-01,1.110754707336425781e+03,1.404083742527291179e-01
4.726999998092651367e-01,1.110291282653808594e+03,1.404432945710141212e-01
4.727999866008758545e-01,1.109827964782714844e+03,1.404781999299302697e-01
4.729000031948089600e-01,1.109364845275878906e+03,1.405131052015349269e-01
4.729999899864196777e-01,1.108901901245117188e+03,1.405480103858280927e-01
4.731000065803527832e-01,1.108439193725585938e+03,1.405829154828097671e-01
4.731999933719635010e-01,1.107976707458496094e+03,1.406178055622149259e-01
4.733000099658966064e-01,1.107514526367187500e+03,1.406527104554697871e-01
4.733999967575073242e-01,1.107052551269531250e+03,1.406876003020443022e-01
4.735000133514404297e-01,1.106590873718261719e+03,1.407225049333646894e-01
4.736000001430511475e-01,1.106129524230957031e+03,1.407573945471085608e-01
4.736999869346618652e-01,1.105668434143066406e+03,1.407922840444371104e-01
4.738000035285949707e-01,1.105207618713378906e+03,1.408271733962465078e-01
4.738999903202056885e-01,1.104747154235839844e+03,1.408620626316405833e-01
4.740000069141387939e-01,1.104286964416503906e+03,1.408969368494581431e-01
4.740999937057495117e-01,1.103827087402343750e+03,1.409318258229177445e-01
4.742000102996826172e-01,1.103367538452148438e+03,1.409666997788008302e-01
4.742999970912933350e-01,1.102908287048339844e+03,1.410015884903259575e-01
4.744000136852264404e-01,1.102449310302734375e+03,1.410364621551707387e-01
4.745000004768371582e-01,1.101990684509277344e+03,1.410713357036001980e-01
4.745999872684478760e-01,1.101532409667968750e+03,1.411061942053493112e-01
4.747000038623809814e-01,1.101074424743652344e+03,1.411410674918442965e-01
4.747999906539916992e-01,1.100616737365722656e+03,1.411759406328201294e-01
4.749000072479248047e-01,1.100159378051757812e+03,1.412107987562194467e-01
4.749999940395355225e-01,1.099702354431152344e+03,1.412456567340996116e-01
4.751000106334686279e-01,1.099245605468750000e+03,1.412805294676218182e-01
4.751999974250793457e-01,1.098789192199707031e+03,1.413153871835675091e-01
4.753000140190124512e-01,1.098333122253417969e+03,1.413502298528328538e-01
4.754000008106231689e-01,1.097877395629882812e+03,1.413850873068440706e-01
4.754999876022338867e-01,1.097421943664550781e+03,1.414199446153361350e-01
4.756000041961669922e-01,1.096966842651367188e+03,1.414547868771478534e-01
4.756999909877777100e-01,1.096512023925781250e+03,1.414896290225442499e-01
4.758000075817108154e-01,1.096057518005371094e+03,1.415244859235826880e-01
4.758999943733215332e-01,1.095603363037109375e+03,1.415593278070446104e-01
4.760000109672546387e-01,1.095149520874023438e+03,1.415941695449873805e-01
4.760999977588653564e-01,1.094695999145507812e+03,1.416289962362498045e-01
4.762000143527984619e-01,1.094242790222167969e+03,1.416638377122581005e-01
4.763000011444091797e-01,1.093789932250976562e+03,1.416986641415860504e-01
4.763999879360198975e-01,1.093337333679199219e+03,1.417335053265560418e-01
4.765000045299530029e-01,1.092885086059570312e+03,1.417683314939495176e-01
4.765999913215637207e-01,1.092433158874511719e+03,1.418031575158238411e-01
4.767000079154968262e-01,1.091981613159179688e+03,1.418379834212828428e-01
4.767999947071075439e-01,1.091530296325683594e+03,1.418727942800614983e-01
4.769000113010406494e-01,1.091079330444335938e+03,1.419076199235860258e-01
4.769999980926513672e-01,1.090628684997558594e+03,1.419424453924875706e-01
4.771000146865844727e-01,1.090178390502929688e+03,1.419772558729164302e-01
4.772000014781951904e-01,1.089728355407714844e+03,1.420120661787223071e-01
4.772999882698059082e-01,1.089278671264648438e+03,1.420468763681128621e-01
4.774000048637390137e-01,1.088829315185546875e+03,1.420816864410880953e-01
4.774999916553497314e-01,1.088380241394042969e+03,1.421164963685441762e-01
4.776000082492828369e-01,1.087931556701660156e+03,1.421512912493199110e-01
4.776999950408935547e-01,1.087483161926269531e+03,1.421861009148415178e-01
4.778000116348266602e-01,1.087035003662109375e+03,1.422208955336827785e-01
4.778999984264373779e-01,1.086587280273437500e+03,1.422556900361087173e-01
4.779999852180480957e-01,1.086139793395996094e+03,1.422904992941766977e-01
4.781000018119812012e-01,1.085692687988281250e+03,1.423252786044031382e-01
4.781999886035919189e-01,1.085245819091796875e+03,1.423600726993754506e-01
4.783000051975250244e-01,1.084799301147460938e+03,1.423948666779324412e-01
4.783999919891357422e-01,1.084353164672851562e+03,1.424296456098090857e-01
4.785000085830688477e-01,1.083907257080078125e+03,1.424644392973277718e-01
4.785999953746795654e-01,1.083461738586425781e+03,1.424992179672699422e-01
4.787000119686126709e-01,1.083016479492187500e+03,1.425339964916929603e-01
4.787999987602233887e-01,1.082571578979492188e+03,1.425687748705968261e-01
4.788999855518341064e-01,1.082126937866210938e+03,1.426035531330853701e-01
4.790000021457672119e-01,1.081682678222656250e+03,1.426383163779973984e-01
4.790999889373779297e-01,1.081238651275634766e+03,1.426730943785514683e-01
4.792000055313110352e-01,1.080795009613037109e+03,1.427078573324251920e-01
4.792999923229217529e-01,1.080351722717285156e+03,1.427426350710447878e-01
4.794000089168548584e-01,1.079908668518066406e+03,1.427773977920878679e-01
4.794999957084655762e-01,1.079465938568115234e+03,1.428121603676117957e-01
4.796000123023986816e-01,1.079023559570312500e+03,1.428469078964553773e-01
4.796999990940093994e-01,1.078581474304199219e+03,1.428816702100448310e-01
4.797999858856201172e-01,1.078139713287353516e+03,1.429164323781151325e-01
4.799000024795532227e-01,1.077698246002197266e+03,1.429511795286089182e-01
4.799999892711639404e-01,1.077257133483886719e+03,1.429859265335835516e-01
4.801000058650970459e-01,1.076816284179687500e+03,1.430206734221428633e-01
4.801999926567077637e-01,1.076375785827636719e+03,1.430554201651830226e-01
4.803000092506408691e-01,1.075935585021972656e+03,1.430901667918078601e-01
4.803999960422515869e-01,1.075495704650878906e+03,1.431249132729135454e-01
4.805000126361846924e-01,1.075056118011474609e+03,1.431596447364427149e-01
4.805999994277954102e-01,1.074616825103759766e+03,1.431943909556139261e-01
4.806999862194061279e-01,1.074177886962890625e+03,1.432291221572086215e-01
4.808000028133392334e-01,1.073739273071289062e+03,1.432638532423879951e-01
4.808999896049499512e-01,1.073300922393798828e+03,1.432985841529443860e-01
4.810000061988830566e-01,1.072862895965576172e+03,1.433333149761892855e-01
4.810999929904937744e-01,1.072425254821777344e+03,1.433680456539150327e-01
4.812000095844268799e-01,1.071987842559814453e+03,1.434027612849604338e-01
4.812999963760375977e-01,1.071550758361816406e+03,1.434374917007517070e-01
4.814000129699707031e-01,1.071113998413085938e+03,1.434722070989664644e-01
4.814999997615814209e-01,1.070677497863769531e+03,1.435069223516620696e-01
4.815999865531921387e-01,1.070241386413574219e+03,1.435416374588385224e-01
4.817000031471252441e-01,1.069805534362792969e+03,1.435763524787034839e-01
4.817999899387359619e-01,1.069370006561279297e+03,1.436110673239454627e-01
4.819000065326690674e-01,1.068934806823730469e+03,1.436457820818759501e-01
4.819999933242797852e-01,1.068499866485595703e+03,1.436804817640222609e-01
4.821000099182128906e-01,1.068065311431884766e+03,1.437151813588570803e-01
4.821999967098236084e-01,1.067630989074707031e+03,1.437498957093339413e-01
4.823000133037567139e-01,1.067197052001953125e+03,1.437845950131304562e-01
4.824000000953674316e-01,1.066763347625732422e+03,1.438192792993504554e-01
4.824999868869781494e-01,1.066329998016357422e+03,1.438539783703163266e-01
4.826000034809112549e-01,1.065896942138671875e+03,1.438886772957630455e-01
4.826999902725219727e-01,1.065464210510253906e+03,1.439233612036332488e-01
4.828000068664550781e-01,1.065031772613525391e+03,1.439580598962493241e-01
4.828999936580657959e-01,1.064599624633789062e+03,1.439927435421850532e-01
4.830000102519989014e-01,1.064167804718017578e+03,1.440274270426016301e-01
4.830999970436096191e-01,1.063736274719238281e+03,1.440621104266028851e-01
4.832000136375427246e-01,1.063305103302001953e+03,1.440967936941888183e-01
4.833000004291534424e-01,1.062874191284179688e+03,1.441314619441982359e-01
4.833999872207641602e-01,1.062443542480468750e+03,1.441661449498496950e-01
4.835000038146972656e-01,1.062013313293457031e+03,1.442008129088208079e-01
4.835999906063079834e-01,1.061583282470703125e+03,1.442354807513765991e-01
4.837000072002410889e-01,1.061153636932373047e+03,1.442701633786782622e-01
4.837999939918518066e-01,1.060724224090576172e+03,1.443048309884034097e-01
4.839000105857849121e-01,1.060295166015625000e+03,1.443394835514482111e-01
4.839999973773956299e-01,1.059866416931152344e+03,1.443741508992388844e-01
4.841000139713287354e-01,1.059437854766845703e+03,1.444088181306142360e-01
4.842000007629394531e-01,1.059009571075439453e+03,1.444434852746780962e-01
4.842999875545501709e-01,1.058581565856933594e+03,1.444781374011654407e-01
4.844000041484832764e-01,1.058153800964355469e+03,1.445128043415024877e-01
4.844999909400939941e-01,1.057726303100585938e+03,1.445474711363203824e-01
4.846000075340270996e-01,1.057299072265625000e+03,1.445821229426655918e-01
4.846999943256378174e-01,1.056872173309326172e+03,1.446167895046528429e-01
4.848000109195709229e-01,1.056445476531982422e+03,1.446514410490635782e-01
4.848999977111816406e-01,1.056019138336181641e+03,1.446860924770589918e-01
4.850000143051147461e-01,1.055593063354492188e+03,1.447207437886390835e-01
4.851000010967254639e-01,1.055167316436767578e+03,1.447553949838038534e-01
4.851999878883361816e-01,1.054741863250732422e+03,1.447900460334494710e-01
4.853000044822692871e-01,1.054316707611083984e+03,1.448246820655185729e-01
4.853999912738800049e-01,1.053891876220703125e+03,1.448593328823335469e-01
4.855000078678131104e-01,1.053467311859130859e+03,1.448939686524681747e-01
4.855999946594238281e-01,1.053043014526367188e+03,1.449286043061874807e-01
4.857000112533569336e-01,1.052619102478027344e+03,1.449632398434914649e-01
4.857999980449676514e-01,1.052195426940917969e+03,1.449978752352762967e-01
4.859000146389007568e-01,1.051772045135498047e+03,1.450325105397496372e-01
4.860000014305114746e-01,1.051349021911621094e+03,1.450671456987038255e-01
4.860999882221221924e-01,1.050926204681396484e+03,1.451017658109776676e-01
4.862000048160552979e-01,1.050503776550292969e+03,1.451364007371012121e-01
4.862999916076660156e-01,1.050081611633300781e+03,1.451710206165444106e-01
4.864000082015991211e-01,1.049659744262695312e+03,1.452056403795722872e-01
4.864999949932098389e-01,1.049238143920898438e+03,1.452402600261848420e-01
4.866000115871429443e-01,1.048816932678222656e+03,1.452748795272782445e-01
4.866999983787536621e-01,1.048395927429199219e+03,1.453094989119563252e-01
4.867999851703643799e-01,1.047975280761718750e+03,1.453441032790578902e-01
4.869000017642974854e-01,1.047554927825927734e+03,1.453787224018014967e-01
4.869999885559082031e-01,1.047134784698486328e+03,1.454133265360724181e-01
4.871000051498413086e-01,1.046715061187744141e+03,1.454479305248241872e-01
4.871999919414520264e-01,1.046295570373535156e+03,1.454825343971606344e-01
4.873000085353851318e-01,1.045876380920410156e+03,1.455171381239779294e-01
4.873999953269958496e-01,1.045457519531250000e+03,1.455517417634837329e-01
4.875000119209289551e-01,1.045038894653320312e+03,1.455863452574703842e-01
4.875999987125396729e-01,1.044620628356933594e+03,1.456209337338805199e-01
4.876999855041503906e-01,1.044202629089355469e+03,1.456555220647715032e-01
4.878000020980834961e-01,1.043784957885742188e+03,1.456901252095121890e-01
4.878999888896942139e-01,1.043367553710937500e+03,1.457247133075725287e-01
4.880000054836273193e-01,1.042950447082519531e+03,1.457593012892175466e-01
4.880999922752380371e-01,1.042533668518066406e+03,1.457938891544472426e-01
4.882000088691711426e-01,1.042117130279541016e+03,1.458284619729965925e-01
4.882999956607818604e-01,1.041700916290283203e+03,1.458630495762918144e-01
4.884000122547149658e-01,1.041284973144531250e+03,1.458976221911143512e-01
4.884999990463256836e-01,1.040869358062744141e+03,1.459322095615789294e-01
4.885999858379364014e-01,1.040454040527343750e+03,1.459667818853631616e-01
4.887000024318695068e-01,1.040038959503173828e+03,1.460013541218359023e-01
4.887999892234802246e-01,1.039624237060546875e+03,1.460359262127894908e-01
4.889000058174133301e-01,1.039209754943847656e+03,1.460704981873277575e-01
4.889999926090240479e-01,1.038795570373535156e+03,1.461050551442895085e-01
4.891000092029571533e-01,1.038381744384765625e+03,1.461396268859971315e-01
4.891999959945678711e-01,1.037968154907226562e+03,1.461741836101282388e-01
4.893000125885009766e-01,1.037554862976074219e+03,1.462087401887401938e-01
4.893999993801116943e-01,1.037141902923583984e+03,1.462432966509368271e-01
4.894999861717224121e-01,1.036729209899902344e+03,1.462778529967181385e-01
4.896000027656555176e-01,1.036316814422607422e+03,1.463124092260841280e-01
4.896999895572662354e-01,1.035904689788818359e+03,1.463469653390347958e-01
4.898000061511993408e-01,1.035492893218994141e+03,1.463815213064663112e-01
4.898999929428100586e-01,1.035081333160400391e+03,1.464160622854251415e-01
4.900000095367431641e-01,1.034670104980468750e+03,1.464506031188648194e-01
4.900999963283538818e-01,1.034259170532226562e+03,1.464851587370503694e-01
4.902000129222869873e-01,1.033848537445068359e+03,1.465196993376594037e-01
4.902999997138977051e-01,1.033438175201416016e+03,1.465542249206919223e-01
4.903999865055084229e-01,1.033028110504150391e+03,1.465887652884703130e-01
4.905000030994415283e-01,1.032618312835693359e+03,1.466233055107295513e-01
4.905999898910522461e-01,1.032208812713623047e+03,1.466578307445161045e-01
4.907000064849853516e-01,1.031799613952636719e+03,1.466923707339446992e-01
4.907999932765960693e-01,1.031390743255615234e+03,1.467268957057967782e-01
4.909000098705291748e-01,1.030982109069824219e+03,1.467614205612335354e-01
4.909999966621398926e-01,1.030573745727539062e+03,1.467959453002549708e-01
4.911000132560729980e-01,1.030165710449218750e+03,1.468304699228610843e-01
4.912000000476837158e-01,1.029757972717285156e+03,1.468649943999480456e-01
4.912999868392944336e-01,1.029350505828857422e+03,1.468995038885623217e-01
4.914000034332275391e-01,1.028943367004394531e+03,1.469340281328186393e-01
4.914999902248382568e-01,1.028536464691162109e+03,1.469685373886022717e-01
4.916000068187713623e-01,1.028129894256591797e+03,1.470030464988667518e-01
4.916999936103820801e-01,1.027723560333251953e+03,1.470375703938771039e-01
4.918000102043151855e-01,1.027317497253417969e+03,1.470720792713109404e-01
4.918999969959259033e-01,1.026911823272705078e+03,1.471065731311682612e-01
4.920000135898590088e-01,1.026506324768066406e+03,1.471410817757714540e-01
4.921000003814697266e-01,1.026101154327392578e+03,1.471755903039593250e-01
4.921999871730804443e-01,1.025696285247802734e+03,1.472100837854668498e-01
4.923000037670135498e-01,1.025291687011718750e+03,1.472445771796628833e-01
4.923999905586242676e-01,1.024887413024902344e+03,1.472790853295009583e-01
4.925000071525573730e-01,1.024483379364013672e+03,1.473135784908663481e-01
4.925999939441680908e-01,1.024079673767089844e+03,1.473480566055513918e-01
4.927000105381011963e-01,1.023676239013671875e+03,1.473825495049823076e-01
4.927999973297119141e-01,1.023273040771484375e+03,1.474170423171017319e-01
4.929000139236450195e-01,1.022870174407958984e+03,1.474515200825408101e-01
4.930000007152557373e-01,1.022467601776123047e+03,1.474860126327257603e-01
4.930999875068664551e-01,1.022065299987792969e+03,1.475204901653341949e-01
4.932000041007995605e-01,1.021663236618041992e+03,1.475549675815273076e-01
4.932999908924102783e-01,1.021261531829833984e+03,1.475894448813050985e-01
4.934000074863433838e-01,1.020860095977783203e+03,1.476239220646675676e-01
4.934999942779541016e-01,1.020458959579467773e+03,1.476583991316147149e-01
4.936000108718872070e-01,1.020058059692382812e+03,1.476928760821465403e-01
4.936999976634979248e-01,1.019657457351684570e+03,1.477273379859980196e-01
4.938000142574310303e-01,1.019257123947143555e+03,1.477617998025380075e-01
4.939000010490417480e-01,1.018857059478759766e+03,1.477962764038238674e-01
4.939999878406524658e-01,1.018457384109497070e+03,1.478307379875332117e-01
4.941000044345855713e-01,1.018057886123657227e+03,1.478651994257234037e-01
4.941999912261962891e-01,1.017658685684204102e+03,1.478996607766021043e-01
4.943000078201293945e-01,1.017259815216064453e+03,1.479341071099042892e-01
4.943999946117401123e-01,1.016861150741577148e+03,1.479685681988485157e-01
4.945000112056732178e-01,1.016462844848632812e+03,1.480030142993200570e-01
4.945999979972839355e-01,1.016064746856689453e+03,1.480374751845374703e-01
4.947000145912170410e-01,1.015667039871215820e+03,1.480719210230745375e-01
4.948000013828277588e-01,1.015269508361816406e+03,1.481063667743001133e-01
4.948999881744384766e-01,1.014872304916381836e+03,1.481408124091103673e-01
4.950000047683715820e-01,1.014475399017333984e+03,1.481752578984014690e-01
4.950999915599822998e-01,1.014078701019287109e+03,1.482096883992198855e-01
4.952000081539154053e-01,1.013682359695434570e+03,1.482441336847841740e-01
4.952999949455261230e-01,1.013286285400390625e+03,1.482785639236681163e-01
4.954000115394592285e-01,1.012890447616577148e+03,1.483130089764017612e-01
4.954999983310699463e-01,1.012494874954223633e+03,1.483474390115588903e-01
4.955999851226806641e-01,1.012099662780761719e+03,1.483818689303006977e-01
4.957000017166137695e-01,1.011704624176025391e+03,1.484162987326271832e-01
4.957999885082244873e-01,1.011309974670410156e+03,1.484507284185383469e-01
4.959000051021575928e-01,1.010915500640869141e+03,1.484851430868729949e-01
4.959999918937683105e-01,1.010521326065063477e+03,1.485195725399535149e-01
4.961000084877014160e-01,1.010127479553222656e+03,1.485539869754575193e-01
4.961999952793121338e-01,1.009733869552612305e+03,1.485884161957073957e-01
4.963000118732452393e-01,1.009340557098388672e+03,1.486228304274845868e-01
4.963999986648559570e-01,1.008947574615478516e+03,1.486572445137426257e-01
4.964999854564666748e-01,1.008554737091064453e+03,1.486916584835853428e-01
4.966000020503997803e-01,1.008162321090698242e+03,1.487260723661165684e-01
4.966999888420104980e-01,1.007770050048828125e+03,1.487604712019674480e-01
4.968000054359436035e-01,1.007377832412719727e+03,1.487948850262910128e-01
4.968999922275543213e-01,1.006985229492187500e+03,1.488292990252375603e-01
4.970000088214874268e-01,1.006592279434204102e+03,1.488637132279109210e-01
4.970999956130981445e-01,1.006199096679687500e+03,1.488981423899531364e-01
4.972000122070312500e-01,1.005805793762207031e+03,1.489325716684106737e-01
4.972999989986419678e-01,1.005412483215332031e+03,1.489670009468682110e-01
4.973999857902526855e-01,1.005019197463989258e+03,1.490014302253257483e-01
4.975000023841857910e-01,1.004626012802124023e+03,1.490358595037832856e-01
4.975999891757965088e-01,1.004232913970947266e+03,1.490702887531369925e-01
4.977000057697296143e-01,1.003840002059936523e+03,1.491047179151792079e-01
4.977999925613403320e-01,1.003447225570678711e+03,1.491391470481175929e-01
4.979000091552734375e-01,1.003054655075073242e+03,1.491735760937444866e-01
4.979999959468841553e-01,1.002662242889404297e+03,1.492080199823249131e-01
4.981000125408172607e-01,1.002270122528076172e+03,1.492424488824326545e-01
4.981999993324279785e-01,1.001878154754638672e+03,1.492768776952289045e-01
4.982999861240386963e-01,1.001486482620239258e+03,1.493112915195524693e-01
4.984000027179718018e-01,1.001094997406005859e+03,1.493457201286219060e-01
4.984999895095825195e-01,1.000703811645507812e+03,1.493801486503798515e-01
4.986000061035156250e-01,1.000312795639038086e+03,1.494145770848263055e-01
4.986999928951263428e-01,9.999220943450927734e+02,1.494489905016962439e-01
4.988000094890594482e-01,9.995316371917724609e+02,1.494834187324158847e-01
4.988999962806701660e-01,9.991414203643798828e+02,1.495178319746628404e-01
4.990000128746032715e-01,9.987515296936035156e+02,1.495522599725518376e-01
4.990999996662139893e-01,9.983618068695068359e+02,1.495866730110719800e-01
4.991999864578247070e-01,9.979723739624023438e+02,1.496210859040729702e-01
4.993000030517578125e-01,9.975831623077392578e+02,1.496554987097624689e-01
4.993999898433685303e-01,9.971942348480224609e+02,1.496899114281404763e-01
4.995000064373016357e-01,9.968055858612060547e+02,1.497243240009993315e-01
4.995999932289123535e-01,9.964172134399414062e+02,1.497587216144893318e-01
4.997000098228454590e-01,9.960290565490722656e+02,1.497931339836213738e-01
4.997999966144561768e-01,9.956411437988281250e+02,1.498275462654419243e-01
4.999000132083892822e-01,9.952535362243652344e+02,1.498619435296859592e-01
5.000000000000000000e-01,9.948661689758300781e+02,1.498963407066185027e-01
5.001000165939331055e-01,9.944790744781494141e+02,1.499307377671357244e-01
5.001999735832214355e-01,9.940922183990478516e+02,1.499651496123988181e-01
5.002999901771545410e-01,9.937056331634521484e+02,1.499995464691892266e-01
5.004000067710876465e-01,9.933193187713623047e+02,1.500339283084031194e-01
5.005000233650207520e-01,9.929332408905029297e+02,1.500683249323628843e-01
5.005999803543090820e-01,9.925474615097045898e+02,1.501027214690111578e-01
5.006999969482421875e-01,9.921618900299072266e+02,1.501371178892441094e-01
5.008000135421752930e-01,9.917766160964965820e+02,1.501714992919005454e-01
5.008999705314636230e-01,9.913916101455688477e+02,1.502058806072454900e-01
5.009999871253967285e-01,9.910068397521972656e+02,1.502402767073363066e-01
5.011000037193298340e-01,9.906223354339599609e+02,1.502746577898506075e-01
5.012000203132629395e-01,9.902380676269531250e+02,1.503090387850534171e-01
5.012999773025512695e-01,9.898540954589843750e+02,1.503434196638409048e-01
5.013999938964843750e-01,9.894703588485717773e+02,1.503778004553169012e-01
5.015000104904174805e-01,9.890868577957153320e+02,1.504121662292163819e-01
5.016000270843505859e-01,9.887036523818969727e+02,1.504465467878617346e-01
5.016999840736389160e-01,9.883206806182861328e+02,1.504809123580344021e-01
5.018000006675720215e-01,9.879379739761352539e+02,1.505152927129529417e-01
5.019000172615051270e-01,9.875555324554443359e+02,1.505496580793987960e-01
5.019999742507934570e-01,9.871733541488647461e+02,1.505840233003254980e-01
5.020999908447265625e-01,9.867911682128906250e+02,1.506183885503560305e-01
5.022000074386596680e-01,9.864086599349975586e+02,1.506527687597554177e-01
5.023000240325927734e-01,9.860256938934326172e+02,1.506871491146739572e-01
5.023999810218811035e-01,9.856424245834350586e+02,1.507215295569039881e-01
5.024999976158142090e-01,9.852589654922485352e+02,1.507559249293990433e-01
5.026000142097473145e-01,9.848753461837768555e+02,1.507903054007329047e-01
5.026999711990356445e-01,9.844916772842407227e+02,1.508247008023317903e-01
5.027999877929687500e-01,9.841079711914062500e+02,1.508590961457230151e-01
5.029000043869018555e-01,9.837243251800537109e+02,1.508934914891142398e-01
5.030000209808349609e-01,9.833406772613525391e+02,1.509278868034016341e-01
5.030999779701232910e-01,9.829571428298950195e+02,1.509622969315387309e-01
5.031999945640563965e-01,9.825737104415893555e+02,1.509966921294108033e-01
5.033000111579895020e-01,9.821904249191284180e+02,1.510310872399713844e-01
5.034000277519226074e-01,9.818072385787963867e+02,1.510654971934854984e-01
5.034999847412109375e-01,9.814242506027221680e+02,1.510998921876307577e-01
5.036000013351440430e-01,9.810414371490478516e+02,1.511342870653606951e-01
5.037000179290771484e-01,9.806588029861450195e+02,1.511686819139868021e-01
5.037999749183654785e-01,9.802763204574584961e+02,1.512030915473587811e-01
5.038999915122985840e-01,9.798940849304199219e+02,1.512374861922580749e-01
5.040000081062316895e-01,9.795120658874511719e+02,1.512718807498458773e-01
5.041000247001647949e-01,9.791302347183227539e+02,1.513062752201221883e-01
5.041999816894531250e-01,9.787485904693603516e+02,1.513406696030870080e-01
5.042999982833862305e-01,9.783671941757202148e+02,1.513750638987403363e-01
5.044000148773193359e-01,9.779860463142395020e+02,1.514094580779783428e-01
5.044999718666076660e-01,9.776050543785095215e+02,1.514438372687436640e-01
5.045999884605407715e-01,9.772243394851684570e+02,1.514782312733586878e-01
5.047000050544738770e-01,9.768438405990600586e+02,1.515126251906622201e-01
5.048000216484069824e-01,9.764635868072509766e+02,1.515470040903892368e-01
5.048999786376953125e-01,9.760835471153259277e+02,1.515813978039659560e-01
5.049999952316284180e-01,9.757037510871887207e+02,1.516157765290699899e-01
5.051000118255615234e-01,9.753241982460021973e+02,1.516501700680237263e-01
5.052000284194946289e-01,9.749448575973510742e+02,1.516845485894009471e-01
5.052999854087829590e-01,9.745657582283020020e+02,1.517189269943628460e-01
5.054000020027160645e-01,9.741868996620178223e+02,1.517533053411170840e-01
5.055000185966491699e-01,9.738082818984985352e+02,1.517876835714560002e-01
5.055999755859375000e-01,9.734298734664916992e+02,1.518220616853795946e-01
5.056999921798706055e-01,9.730517044067382812e+02,1.518564397410955280e-01
5.058000087738037109e-01,9.726738042831420898e+02,1.518908176803961396e-01
5.059000253677368164e-01,9.722961115837097168e+02,1.519251955032814294e-01
5.059999823570251465e-01,9.719186573028564453e+02,1.519595732388552278e-01
5.060999989509582520e-01,9.715414705276489258e+02,1.519939359859563410e-01
5.062000155448913574e-01,9.711644902229309082e+02,1.520283135469071567e-01
5.062999725341796875e-01,9.707877466678619385e+02,1.520626760902814567e-01
5.063999891281127930e-01,9.704112389087677002e+02,1.520970534184016287e-01
5.065000057220458984e-01,9.700349674224853516e+02,1.521314157871529460e-01
5.066000223159790039e-01,9.696589615345001221e+02,1.521657780394889414e-01
5.066999793052673340e-01,9.692831604480743408e+02,1.522001401754096150e-01
5.067999958992004395e-01,9.689075942039489746e+02,1.522345022240187973e-01
5.069000124931335449e-01,9.685322933197021484e+02,1.522688641853164881e-01
5.070000290870666504e-01,9.681572263240814209e+02,1.523032260593026876e-01
5.070999860763549805e-01,9.677823629379272461e+02,1.523375878168735653e-01
5.072000026702880859e-01,9.674077638387680054e+02,1.523719494580291212e-01
5.073000192642211914e-01,9.670333982706069946e+02,1.524062961398158222e-01
5.073999762535095215e-01,9.666592657566070557e+02,1.524406576063483953e-01
5.074999928474426270e-01,9.662853664159774780e+02,1.524750040553044528e-01
5.076000094413757324e-01,9.659117300510406494e+02,1.525093653472140431e-01
5.077000260353088379e-01,9.655382959246635437e+02,1.525437115924432874e-01
5.077999830245971680e-01,9.651651243567466736e+02,1.525780577794648707e-01
5.078999996185302734e-01,9.647921543717384338e+02,1.526124038500711322e-01
5.080000162124633789e-01,9.644194771349430084e+02,1.526467647345270962e-01
5.080999732017517090e-01,9.640469705015420914e+02,1.526811106014065444e-01
5.081999897956848145e-01,9.636747561134397984e+02,1.527154414798133075e-01
5.083000063896179199e-01,9.633027424216270447e+02,1.527497871720697731e-01
5.084000229835510254e-01,9.629309900104999542e+02,1.527841327479109168e-01
5.084999799728393555e-01,9.625594683885574341e+02,1.528184782364405692e-01
5.085999965667724609e-01,9.621881770491600037e+02,1.528528087364975363e-01
5.087000131607055664e-01,9.618171161413192749e+02,1.528871540213003755e-01
5.088000297546386719e-01,9.614462850093841553e+02,1.529214843176305294e-01
5.088999867439270020e-01,9.610757143497467041e+02,1.529558294278103858e-01
5.090000033378601074e-01,9.607053731679916382e+02,1.529901595204137266e-01
5.091000199317932129e-01,9.603352308273315430e+02,1.530244895257055759e-01
5.091999769210815430e-01,9.599653787612915039e+02,1.530588194145821035e-01
5.092999935150146484e-01,9.595957555770874023e+02,1.530931492161471397e-01
5.094000101089477539e-01,9.592263305187225342e+02,1.531274789304006845e-01
5.095000267028808594e-01,9.588571646213531494e+02,1.531618085282389075e-01
5.095999836921691895e-01,9.584882574081420898e+02,1.531961231376044452e-01
5.097000002861022949e-01,9.581195480823516846e+02,1.532304525608196855e-01
5.098000168800354004e-01,9.577510967254638672e+02,1.532647818676196039e-01
5.098999738693237305e-01,9.573828735351562500e+02,1.532990961859468371e-01
5.099999904632568359e-01,9.570149080753326416e+02,1.533334253181237727e-01
5.101000070571899414e-01,9.566471395492553711e+02,1.533677394327241927e-01
5.102000236511230469e-01,9.562796287536621094e+02,1.534020534600131214e-01
5.102999806404113770e-01,9.559123449325561523e+02,1.534363673999905586e-01
5.103999972343444824e-01,9.555453181266784668e+02,1.534706812235526741e-01
5.105000138282775879e-01,9.551784877777099609e+02,1.535049949598032981e-01
5.105999708175659180e-01,9.548119444847106934e+02,1.535393086087424308e-01
5.106999874114990234e-01,9.544455971717834473e+02,1.535736221412662417e-01
5.108000040054321289e-01,9.540795059204101562e+02,1.536079355864785612e-01
5.109000205993652344e-01,9.537136101722717285e+02,1.536422340432181954e-01
5.109999775886535645e-01,9.533480010032653809e+02,1.536765472847037017e-01
5.110999941825866699e-01,9.529826173782348633e+02,1.537108455377165228e-01
5.112000107765197754e-01,9.526174588203430176e+02,1.537451585754752159e-01
5.113000273704528809e-01,9.522524104118347168e+02,1.537794566829688847e-01
5.113999843597412109e-01,9.518873767852783203e+02,1.538137845927849412e-01
5.115000009536743164e-01,9.515223336219787598e+02,1.538480975723359734e-01
5.116000175476074219e-01,9.511573157310485840e+02,1.538824254239443690e-01
5.116999745368957520e-01,9.507923665046691895e+02,1.539167532755527645e-01
5.117999911308288574e-01,9.504275035858154297e+02,1.539510810689534992e-01
5.119000077247619629e-01,9.500627174377441406e+02,1.539854088041465729e-01
5.120000243186950684e-01,9.496981234550476074e+02,1.540197513822931796e-01
5.120999813079833984e-01,9.493336863517761230e+02,1.540540790010709316e-01
5.121999979019165039e-01,9.489694023132324219e+02,1.540884214336983860e-01
5.123000144958496094e-01,9.486053590774536133e+02,1.541227488778531551e-01
5.123999714851379395e-01,9.482414932250976562e+02,1.541570762346964329e-01
5.124999880790710449e-01,9.478778629302978516e+02,1.541914184344932437e-01
5.126000046730041504e-01,9.475144052505493164e+02,1.542257456167135388e-01
5.127000212669372559e-01,9.471512098312377930e+02,1.542600726825185120e-01
5.127999782562255859e-01,9.467882137298583984e+02,1.542943996901158243e-01
5.128999948501586914e-01,9.464254779815673828e+02,1.543287265812978148e-01
5.130000114440917969e-01,9.460630006790161133e+02,1.543630533851683140e-01
5.131000280380249023e-01,9.457007198333740234e+02,1.543973801017273217e-01
5.131999850273132324e-01,9.453386650085449219e+02,1.544317067018710077e-01
5.133000016212463379e-01,9.449768352508544922e+02,1.544660332147032022e-01
5.134000182151794434e-01,9.446152915954589844e+02,1.545003596402239054e-01
5.134999752044677734e-01,9.442539415359497070e+02,1.545346710481680930e-01
5.135999917984008789e-01,9.438928461074829102e+02,1.545689972699619830e-01
5.137000083923339844e-01,9.435319738388061523e+02,1.546033084741793573e-01
5.138000249862670898e-01,9.431713542938232422e+02,1.546376196201890707e-01
5.138999819755554199e-01,9.428109579086303711e+02,1.546719306497834623e-01
5.139999985694885254e-01,9.424508447647094727e+02,1.547062564641237259e-01
5.141000151634216309e-01,9.420909223556518555e+02,1.547405672899913043e-01
5.141999721527099609e-01,9.417312221527099609e+02,1.547748780285473913e-01
5.142999887466430664e-01,9.413718042373657227e+02,1.548091737786307931e-01
5.144000053405761719e-01,9.410126066207885742e+02,1.548434843134600669e-01
5.145000219345092773e-01,9.406536302566528320e+02,1.548777947609778494e-01
5.145999789237976074e-01,9.402949342727661133e+02,1.549120901909191161e-01
5.146999955177307129e-01,9.399363985061645508e+02,1.549464004347100854e-01
5.148000121116638184e-01,9.395781431198120117e+02,1.549806956900283694e-01
5.149000287055969238e-01,9.392201385498046875e+02,1.550149908289313316e-01
5.149999856948852539e-01,9.388623523712158203e+02,1.550493007816839963e-01
5.151000022888183594e-01,9.385048170089721680e+02,1.550835957459639758e-01
5.152000188827514648e-01,9.381475000381469727e+02,1.551178906229324639e-01
5.152999758720397949e-01,9.377904329299926758e+02,1.551521853834856302e-01
5.153999924659729004e-01,9.374335832595825195e+02,1.551864651264622808e-01
5.155000090599060059e-01,9.370769834518432617e+02,1.552207597123924643e-01
5.156000256538391113e-01,9.367206315994262695e+02,1.552550541819073260e-01
5.156999826431274414e-01,9.363644666671752930e+02,1.552893336629495025e-01
5.157999992370605469e-01,9.360085811614990234e+02,1.553236279287375510e-01
5.159000158309936523e-01,9.356529130935668945e+02,1.553579072060529143e-01
5.159999728202819824e-01,9.352974929809570312e+02,1.553921863960567862e-01
5.160999894142150879e-01,9.349422893524169922e+02,1.554264803999103606e-01
5.162000060081481934e-01,9.345873327255249023e+02,1.554607593861874193e-01
5.163000226020812988e-01,9.342325935363769531e+02,1.554950382851529866e-01
5.163999795913696289e-01,9.338781013488769531e+02,1.555293021665420383e-01
5.164999961853027344e-01,9.335238552093505859e+02,1.555635808908846229e-01
5.166000127792358398e-01,9.331698246002197266e+02,1.555978594697080553e-01
5.167000293731689453e-01,9.328160419464111328e+02,1.556321230891626328e-01
5.167999863624572754e-01,9.324624729156494141e+02,1.556664014933630824e-01
5.169000029563903809e-01,9.321091823577880859e+02,1.557006649090908468e-01
5.170000195503234863e-01,9.317561054229736328e+02,1.557349431386683136e-01
5.170999765396118164e-01,9.314032440185546875e+02,1.557692063797730953e-01
5.171999931335449219e-01,9.310506267547607422e+02,1.558034695044625551e-01
5.173000097274780273e-01,9.306982269287109375e+02,1.558377325127366930e-01
5.174000263214111328e-01,9.303460998535156250e+02,1.558719954628031701e-01
5.174999833106994629e-01,9.299941577911376953e+02,1.559062582964543253e-01
5.175999999046325684e-01,9.296424903869628906e+02,1.559405061416327953e-01
5.177000164985656738e-01,9.292910385131835938e+02,1.559747688006609678e-01
5.177999734878540039e-01,9.289397983551025391e+02,1.560090313432738185e-01
5.178999900817871094e-01,9.285888023376464844e+02,1.560432788974139839e-01
5.180000066757202148e-01,9.282380504608154297e+02,1.560775263642426580e-01
5.181000232696533203e-01,9.278875427246093750e+02,1.561117886449210346e-01
5.181999802589416504e-01,9.275372486114501953e+02,1.561460359080228955e-01
5.182999968528747559e-01,9.271871967315673828e+02,1.561802830838132650e-01
5.184000134468078613e-01,9.268373565673828125e+02,1.562145301722921431e-01
5.184999704360961914e-01,9.264877605438232422e+02,1.562487771443556994e-01
5.185999870300292969e-01,9.261383762359619141e+02,1.562830091279465705e-01
5.187000036239624023e-01,9.257892646789550781e+02,1.563172559253871441e-01
5.188000202178955078e-01,9.254403648376464844e+02,1.563515026355162263e-01
5.188999772071838379e-01,9.250916767120361328e+02,1.563857343280687928e-01
5.189999938011169434e-01,9.247432613372802734e+02,1.564199659624136984e-01
5.191000103950500488e-01,9.243950271606445312e+02,1.564542123524006456e-01
5.192000269889831543e-01,9.240470657348632812e+02,1.564884437830187380e-01
5.192999839782714844e-01,9.236993141174316406e+02,1.565226750972215086e-01
5.194000005722045898e-01,9.233518028259277344e+02,1.565569063532166183e-01
5.195000171661376953e-01,9.230045337677001953e+02,1.565911374636925757e-01
5.195999741554260254e-01,9.226574440002441406e+02,1.566253685159608722e-01
5.196999907493591309e-01,9.223106250762939453e+02,1.566595845506526530e-01
5.198000073432922363e-01,9.219640483856201172e+02,1.566938154282979667e-01
5.199000239372253418e-01,9.216176795959472656e+02,1.567280461604241282e-01
5.199999809265136719e-01,9.212715511322021484e+02,1.567622619331814349e-01
5.200999975204467773e-01,9.209256324768066406e+02,1.567964775895234197e-01
5.202000141143798828e-01,9.205799846649169922e+02,1.568307080888189375e-01
5.202999711036682129e-01,9.202345142364501953e+02,1.568649235705379397e-01
5.203999876976013184e-01,9.198892841339111328e+02,1.568991389358416200e-01
5.205000042915344238e-01,9.195442924499511719e+02,1.569333542429376394e-01
5.206000208854675293e-01,9.191995410919189453e+02,1.569675545324571431e-01
5.206999778747558594e-01,9.188549976348876953e+02,1.570017696358263493e-01
5.207999944686889648e-01,9.185107231140136719e+02,1.570359846518840641e-01
5.209000110626220703e-01,9.181666564941406250e+02,1.570701846503652632e-01
5.210000276565551758e-01,9.178227958679199219e+02,1.571043994917999953e-01
5.210999846458435059e-01,9.174791736602783203e+02,1.571385993156582117e-01
5.212000012397766113e-01,9.171357879638671875e+02,1.571727990522049367e-01
5.213000178337097168e-01,9.167926101684570312e+02,1.572070136026013643e-01
5.213999748229980469e-01,9.164496707916259766e+02,1.572412131645251065e-01
5.214999914169311523e-01,9.161069660186767578e+02,1.572754126100335270e-01
5.216000080108642578e-01,9.157644710540771484e+02,1.573096119682304561e-01
5.217000246047973633e-01,9.154222126007080078e+02,1.573437963379547000e-01
5.217999815940856934e-01,9.150801925659179688e+02,1.573779955215286463e-01
5.218999981880187988e-01,9.147383480072021484e+02,1.574121946177911013e-01
5.220000147819519043e-01,9.143967723846435547e+02,1.574463786964770406e-01
5.220999717712402344e-01,9.140554351806640625e+02,1.574805776181165129e-01
5.221999883651733398e-01,9.137143020629882812e+02,1.575147615221794695e-01
5.223000049591064453e-01,9.133733787536621094e+02,1.575489453389309347e-01
5.224000215530395508e-01,9.130326900482177734e+02,1.575831290683709085e-01
5.224999785423278809e-01,9.126922702789306641e+02,1.576173126813955605e-01
5.225999951362609863e-01,9.123520259857177734e+02,1.576514962362125516e-01
5.227000117301940918e-01,9.120120201110839844e+02,1.576856796746142209e-01
5.228000283241271973e-01,9.116722488403320312e+02,1.577198630257043988e-01
5.228999853134155273e-01,9.113326854705810547e+02,1.577540313883218914e-01
5.230000019073486328e-01,9.109933872222900391e+02,1.577882145356852561e-01
5.231000185012817383e-01,9.106542949676513672e+02,1.578223827236797661e-01
5.231999754905700684e-01,9.103154087066650391e+02,1.578565507952589542e-01
5.232999920845031738e-01,9.099767589569091797e+02,1.578907337097916752e-01
5.234000086784362793e-01,9.096383152008056641e+02,1.579249016067478806e-01
5.235000252723693848e-01,9.093001365661621094e+02,1.579590694163925946e-01
5.235999822616577148e-01,9.089621639251708984e+02,1.579932371096219867e-01
5.236999988555908203e-01,9.086243953704833984e+02,1.580274047446437180e-01
5.238000154495239258e-01,9.082868614196777344e+02,1.580615573620889336e-01
5.238999724388122559e-01,9.079495944976806641e+02,1.580957248224876821e-01
5.239999890327453613e-01,9.076125011444091797e+02,1.581298921664711088e-01
5.241000056266784668e-01,9.072756404876708984e+02,1.581640445219818503e-01
5.242000222206115723e-01,9.069390163421630859e+02,1.581982116913422942e-01
5.242999792098999023e-01,9.066025962829589844e+02,1.582323638431262225e-01
5.243999958038330078e-01,9.062664108276367188e+02,1.582665159367024899e-01
5.245000123977661133e-01,9.059304599761962891e+02,1.583006679138634354e-01
5.246000289916992188e-01,9.055947113037109375e+02,1.583348198328167200e-01
5.246999859809875488e-01,9.052591972351074219e+02,1.583689716353546828e-01
5.248000025749206543e-01,9.049238853454589844e+02,1.584031233505811542e-01
5.249000191688537598e-01,9.045888099670410156e+02,1.584372600773349404e-01
5.249999761581420898e-01,9.042539672851562500e+02,1.584714116179384291e-01
5.250999927520751953e-01,9.039193572998046875e+02,1.585055481700692326e-01
5.252000093460083008e-01,9.035849189758300781e+02,1.585396995069459081e-01
5.253000259399414062e-01,9.032507476806640625e+02,1.585738358844537288e-01
5.253999829292297363e-01,9.029167480468750000e+02,1.586079721455462277e-01
5.254999995231628418e-01,9.025830421447753906e+02,1.586421232204884291e-01
5.256000161170959473e-01,9.022494773864746094e+02,1.586762593360617757e-01
5.256999731063842773e-01,9.019162101745605469e+02,1.587103804340586066e-01
5.257999897003173828e-01,9.015831108093261719e+02,1.587445163459051400e-01
5.259000062942504883e-01,9.012502479553222656e+02,1.587786521413363516e-01
5.260000228881835938e-01,9.009176139831542969e+02,1.588127878785599023e-01
5.260999798774719238e-01,9.005851860046386719e+02,1.588469086273107678e-01
5.261999964714050293e-01,9.002529869079589844e+02,1.588810441608075052e-01
5.263000130653381348e-01,8.999210243225097656e+02,1.589151647349353880e-01
5.264000296592712402e-01,8.995892601013183594e+02,1.589492851926479489e-01
5.264999866485595703e-01,8.992577285766601562e+02,1.589834055921528488e-01
5.266000032424926758e-01,8.989263992309570312e+02,1.590175258752424270e-01
5.267000198364257812e-01,8.985953025817871094e+02,1.590516460710205138e-01
5.267999768257141113e-01,8.982644042968750000e+02,1.590857661794871092e-01
5.268999934196472168e-01,8.979337692260742188e+02,1.591198862006422132e-01
5.270000100135803223e-01,8.976033058166503906e+02,1.591540061344858259e-01
5.271000266075134277e-01,8.972730712890625000e+02,1.591881110798567533e-01
5.271999835968017578e-01,8.969430694580078125e+02,1.592222308390773833e-01
5.273000001907348633e-01,8.966132698059082031e+02,1.592563355807214975e-01
5.274000167846679688e-01,8.962837295532226562e+02,1.592904551653191447e-01
5.274999737739562988e-01,8.959543571472167969e+02,1.593245597323402762e-01
5.275999903678894043e-01,8.956252479553222656e+02,1.593586642411537468e-01
5.277000069618225098e-01,8.952963066101074219e+02,1.593927686335518956e-01
5.278000235557556152e-01,8.949676284790039062e+02,1.594268729677423835e-01
5.278999805450439453e-01,8.946391487121582031e+02,1.594609771855175495e-01
5.279999971389770508e-01,8.943108978271484375e+02,1.594950664148200303e-01
5.281000137329101562e-01,8.939828453063964844e+02,1.595291704870760441e-01
5.281999707221984863e-01,8.936550254821777344e+02,1.595632595417555422e-01
5.282999873161315918e-01,8.933274002075195312e+02,1.595973634102847427e-01
5.284000039100646973e-01,8.930000076293945312e+02,1.596314522903412580e-01
5.285000205039978027e-01,8.926728439331054688e+02,1.596655410830862820e-01
5.285999774932861328e-01,8.923458786010742188e+02,1.596996446896810085e-01
5.286999940872192383e-01,8.920191421508789062e+02,1.597337333078030497e-01
5.288000106811523438e-01,8.916926040649414062e+02,1.597678218386135995e-01
5.289000272750854492e-01,8.913662300109863281e+02,1.598019103112164885e-01
5.289999842643737793e-01,8.910399894714355469e+02,1.598359987256117165e-01
5.291000008583068848e-01,8.907138175964355469e+02,1.598701020411681384e-01
5.292000174522399902e-01,8.903875770568847656e+02,1.599042054149322212e-01
5.292999744415283203e-01,8.900612297058105469e+02,1.599383236898574978e-01
5.293999910354614258e-01,8.897348937988281250e+02,1.599724569241516292e-01
5.295000076293945312e-01,8.894085693359375000e+02,1.600065901293419302e-01
5.296000242233276367e-01,8.890822830200195312e+02,1.600407233054284006e-01
5.296999812126159668e-01,8.887561035156250000e+02,1.600748564524110407e-01
5.297999978065490723e-01,8.884300842285156250e+02,1.601089895411860198e-01
5.299000144004821777e-01,8.881042404174804688e+02,1.601431225426495075e-01
5.299999713897705078e-01,8.877785949707031250e+02,1.601772554859053344e-01
5.300999879837036133e-01,8.874531097412109375e+02,1.602113734406884760e-01
5.302000045776367188e-01,8.871278724670410156e+02,1.602455062384251505e-01
5.303000211715698242e-01,8.868028221130371094e+02,1.602796389197465032e-01
5.303999781608581543e-01,8.864779472351074219e+02,1.603137715428601950e-01
5.304999947547912598e-01,8.861533088684082031e+02,1.603478891483973712e-01
5.306000113487243652e-01,8.858288764953613281e+02,1.603820215968880802e-01
5.307000279426574707e-01,8.855046463012695312e+02,1.604161390278022736e-01
5.307999849319458008e-01,8.851806793212890625e+02,1.604502713016700000e-01
5.309000015258789062e-01,8.848569145202636719e+02,1.604843885579612106e-01
5.310000181198120117e-01,8.845333442687988281e+02,1.605185057560447603e-01
5.310999751091003418e-01,8.842099761962890625e+02,1.605526228377129883e-01
5.311999917030334473e-01,8.838868331909179688e+02,1.605867398611735553e-01
5.313000082969665527e-01,8.835638275146484375e+02,1.606208567973226309e-01
5.314000248908996582e-01,8.832405052185058594e+02,1.606550036522094160e-01
5.314999818801879883e-01,8.829166336059570312e+02,1.606891655828803778e-01
5.315999984741210938e-01,8.825920715332031250e+02,1.607233277172781527e-01
5.317000150680541992e-01,8.822669372558593750e+02,1.607575049856677651e-01
5.317999720573425293e-01,8.819413986206054688e+02,1.607916823704726994e-01
5.318999886512756348e-01,8.816156158447265625e+02,1.608258747437503189e-01
5.320000052452087402e-01,8.812896194458007812e+02,1.608600522740744054e-01
5.321000218391418457e-01,8.809635887145996094e+02,1.608942447055596858e-01
5.321999788284301758e-01,8.806375770568847656e+02,1.609284371079411358e-01
5.322999954223632812e-01,8.803116111755371094e+02,1.609626295103225857e-01
5.324000120162963867e-01,8.799857139587402344e+02,1.609968069533351809e-01
5.325000286102294922e-01,8.796599845886230469e+02,1.610309992393013090e-01
5.325999855995178223e-01,8.793343849182128906e+02,1.610651765658985823e-01
5.327000021934509277e-01,8.790089111328125000e+02,1.610993687354493886e-01
5.328000187873840332e-01,8.786836128234863281e+02,1.611335459165275097e-01
5.328999757766723633e-01,8.783585052490234375e+02,1.611677379405591637e-01
5.329999923706054688e-01,8.780335464477539062e+02,1.612019150052219629e-01
5.331000089645385742e-01,8.777087707519531250e+02,1.612360919825732708e-01
5.332000255584716797e-01,8.773841934204101562e+02,1.612702688726130873e-01
5.332999825477600098e-01,8.770597915649414062e+02,1.613044456753414124e-01
5.333999991416931152e-01,8.767355995178222656e+02,1.613386224198620766e-01
5.335000157356262207e-01,8.764115905761718750e+02,1.613727841759100556e-01
5.335999727249145508e-01,8.760878067016601562e+02,1.614069607458077371e-01
5.336999893188476562e-01,8.757642135620117188e+02,1.614411372574977577e-01
5.338000059127807617e-01,8.754407920837402344e+02,1.614752987516112626e-01
5.339000225067138672e-01,8.751175689697265625e+02,1.615094601875171065e-01
5.339999794960021973e-01,8.747945785522460938e+02,1.615436364372726530e-01
5.340999960899353027e-01,8.744717636108398438e+02,1.615777976985555142e-01
5.342000126838684082e-01,8.741485328674316406e+02,1.616119442624039948e-01
5.343000292778015137e-01,8.738249931335449219e+02,1.616460760706104338e-01
5.343999862670898438e-01,8.735017280578613281e+02,1.616801928903441876e-01
5.345000028610229492e-01,8.731788864135742188e+02,1.617143095645587891e-01
5.346000194549560547e-01,8.728564682006835938e+02,1.617484111629892141e-01
5.346999764442443848e-01,8.725344161987304688e+02,1.617824977147392929e-01
5.347999930381774902e-01,8.722126541137695312e+02,1.618165990512352437e-01
5.349000096321105957e-01,8.718911628723144531e+02,1.618506853992585093e-01
5.350000262260437012e-01,8.715699272155761719e+02,1.618847716308664531e-01
5.350999832153320312e-01,8.712489051818847656e+02,1.619188577460590750e-01
5.351999998092651367e-01,8.709281272888183594e+02,1.619529438030440360e-01
5.353000164031982422e-01,8.706075897216796875e+02,1.619870297436136752e-01
5.353999733924865723e-01,8.702872467041015625e+02,1.620211156259756535e-01
5.354999899864196777e-01,8.699671249389648438e+02,1.620552013919223100e-01
5.356000065803527832e-01,8.696472320556640625e+02,1.620892721693962812e-01
5.357000231742858887e-01,8.693275260925292969e+02,1.621233577607199550e-01
5.357999801635742188e-01,8.690080451965332031e+02,1.621574283926747739e-01
5.358999967575073242e-01,8.686887702941894531e+02,1.621914989082142711e-01
5.360000133514404297e-01,8.683697052001953125e+02,1.622255842667073011e-01
5.360999703407287598e-01,8.680508308410644531e+02,1.622596546076238155e-01
5.361999869346618652e-01,8.677321510314941406e+02,1.622937248903326690e-01
5.363000035285949707e-01,8.674137039184570312e+02,1.623277950857300311e-01
5.364000201225280762e-01,8.670954856872558594e+02,1.623618502926547080e-01
5.364999771118164062e-01,8.667774162292480469e+02,1.623959203134290874e-01
5.365999937057495117e-01,8.664595565795898438e+02,1.624299902468919754e-01
5.367000102996826172e-01,8.661419372558593750e+02,1.624640451918821782e-01
5.368000268936157227e-01,8.658244743347167969e+02,1.624981149798259139e-01
5.368999838829040527e-01,8.655072860717773438e+02,1.625321697501931340e-01
5.370000004768371582e-01,8.651902580261230469e+02,1.625662244623526931e-01
5.371000170707702637e-01,8.648734169006347656e+02,1.626002790872007608e-01
5.371999740600585938e-01,8.645567932128906250e+02,1.626343336247373372e-01
5.372999906539916992e-01,8.642403640747070312e+02,1.626683880749624223e-01
5.374000072479248047e-01,8.639241256713867188e+02,1.627024424669798464e-01
5.375000238418579102e-01,8.636081390380859375e+02,1.627364967425819486e-01
5.375999808311462402e-01,8.632922859191894531e+02,1.627705509599763900e-01
5.376999974250793457e-01,8.629766845703125000e+02,1.628045901888981462e-01
5.378000140190124512e-01,8.626612510681152344e+02,1.628386442316696048e-01
5.378999710083007812e-01,8.623460693359375000e+02,1.628726832859683782e-01
5.379999876022338867e-01,8.620310516357421875e+02,1.629067222820594907e-01
5.381000041961669922e-01,8.617162322998046875e+02,1.629407760628964752e-01
5.382000207901000977e-01,8.614016075134277344e+02,1.629748148843646049e-01
5.382999777793884277e-01,8.610872077941894531e+02,1.630088536185212433e-01
5.383999943733215332e-01,8.607730026245117188e+02,1.630428922653663903e-01
5.385000109672546387e-01,8.604589958190917969e+02,1.630769308249000460e-01
5.386000275611877441e-01,8.601451835632324219e+02,1.631109544250648469e-01
5.386999845504760742e-01,8.598315658569335938e+02,1.631449928099755198e-01
5.388000011444091797e-01,8.595181503295898438e+02,1.631790162355173379e-01
5.389000177383422852e-01,8.592049865722656250e+02,1.632130544749088585e-01
5.389999747276306152e-01,8.588919334411621094e+02,1.632470777258276939e-01
5.390999913215637207e-01,8.585791358947753906e+02,1.632811158197000623e-01
5.392000079154968262e-01,8.582665328979492188e+02,1.633151388959959149e-01
5.393000245094299316e-01,8.579541320800781250e+02,1.633491619140841067e-01
5.393999814987182617e-01,8.576419258117675781e+02,1.633831848448608071e-01
5.394999980926513672e-01,8.573297080993652344e+02,1.634172227350063622e-01
5.396000146865844727e-01,8.570172119140625000e+02,1.634512757009360939e-01
5.396999716758728027e-01,8.567041511535644531e+02,1.634853288996964693e-01
5.397999882698059082e-01,8.563906364440917969e+02,1.635194121045060456e-01
5.399000048637390137e-01,8.560767288208007812e+02,1.635534805827774107e-01
5.400000214576721191e-01,8.557625656127929688e+02,1.635875640786252916e-01
5.400999784469604492e-01,8.554481735229492188e+02,1.636216625338420272e-01
5.401999950408935547e-01,8.551337089538574219e+02,1.636557461461052299e-01
5.403000116348266602e-01,8.548192596435546875e+02,1.636898297292646021e-01
5.404000282287597656e-01,8.545048255920410156e+02,1.637239282135851681e-01
5.404999852180480957e-01,8.541904716491699219e+02,1.637580117676407099e-01
5.406000018119812012e-01,8.538762245178222656e+02,1.637920952634885907e-01
5.407000184059143066e-01,8.535621070861816406e+02,1.638261787011288106e-01
5.407999753952026367e-01,8.532481613159179688e+02,1.638602770108263940e-01
5.408999919891357422e-01,8.529343414306640625e+02,1.638943603320512921e-01
5.410000085830688477e-01,8.526206932067871094e+02,1.639284286939073354e-01
5.411000251770019531e-01,8.523071937561035156e+02,1.639625118696130812e-01
5.411999821662902832e-01,8.519938888549804688e+02,1.639965949871111661e-01
5.412999987602233887e-01,8.516807556152343750e+02,1.640306780172977597e-01
5.414000153541564941e-01,8.513678321838378906e+02,1.640647460881154984e-01
5.414999723434448242e-01,8.510550613403320312e+02,1.640988289727829397e-01
5.415999889373779297e-01,8.507424812316894531e+02,1.641328968689776957e-01
5.417000055313110352e-01,8.504301223754882812e+02,1.641669647069647908e-01
5.418000221252441406e-01,8.501179351806640625e+02,1.642010473588015884e-01
5.418999791145324707e-01,8.498059463500976562e+02,1.642351150221657008e-01
5.419999957084655762e-01,8.494941635131835938e+02,1.642691826273221523e-01
5.421000123023986816e-01,8.491825561523437500e+02,1.643032352440059185e-01
5.422000288963317871e-01,8.488711585998535156e+02,1.643373026745393872e-01
5.422999858856201172e-01,8.485599708557128906e+02,1.643713700177613646e-01
5.424000024795532227e-01,8.482489624023437500e+02,1.644054373027756810e-01
5.425000190734863281e-01,8.479381370544433594e+02,1.644394895702134818e-01
5.425999760627746582e-01,8.476275253295898438e+02,1.644735417794436216e-01
5.426999926567077637e-01,8.473171272277832031e+02,1.645076088316272944e-01
5.428000092506408691e-01,8.470068855285644531e+02,1.645416608662344515e-01
5.429000258445739746e-01,8.466968612670898438e+02,1.645757128426339477e-01
5.429999828338623047e-01,8.463870201110839844e+02,1.646097647317219526e-01
5.430999994277954102e-01,8.460774269104003906e+02,1.646438165334984660e-01
5.432000160217285156e-01,8.457679634094238281e+02,1.646778682770673186e-01
5.432999730110168457e-01,8.454587440490722656e+02,1.647119199333246797e-01
5.433999896049499512e-01,8.451496849060058594e+02,1.647459566011093557e-01
5.435000061988830566e-01,8.448408470153808594e+02,1.647800080827437341e-01
5.436000227928161621e-01,8.445322265625000000e+02,1.648140445759054273e-01
5.436999797821044922e-01,8.442237319946289062e+02,1.648480959120206535e-01
5.437999963760375977e-01,8.439154891967773438e+02,1.648821322596631944e-01
5.439000129699707031e-01,8.436074371337890625e+02,1.649161685199942440e-01
5.440000295639038086e-01,8.432995758056640625e+02,1.649502047221176326e-01
5.440999865531921387e-01,8.429919013977050781e+02,1.649842408369295299e-01
5.442000031471252441e-01,8.426844482421875000e+02,1.650182768644299358e-01
5.443000197410583496e-01,8.423771896362304688e+02,1.650523128046188504e-01
5.443999767303466797e-01,8.420700874328613281e+02,1.650863486866001040e-01
5.444999933242797852e-01,8.417632064819335938e+02,1.651203695510048419e-01
5.446000099182128906e-01,8.414565162658691406e+02,1.651544052874669433e-01
5.447000265121459961e-01,8.411500167846679688e+02,1.651884260063525289e-01
5.447999835014343262e-01,8.408437423706054688e+02,1.652224615390878171e-01
5.449000000953674316e-01,8.405376281738281250e+02,1.652564821124542505e-01
5.450000166893005371e-01,8.402317276000976562e+02,1.652905026276130229e-01
5.450999736785888672e-01,8.399259948730468750e+02,1.653245230263564736e-01
5.451999902725219727e-01,8.396204910278320312e+02,1.653585433668922633e-01
5.453000068664550781e-01,8.393152008056640625e+02,1.653925636201165617e-01
5.454000234603881836e-01,8.390100402832031250e+02,1.654265837860293686e-01
5.454999804496765137e-01,8.387051086425781250e+02,1.654605889634694904e-01
5.455999970436096191e-01,8.384003982543945312e+02,1.654946089838631451e-01
5.457000136375427246e-01,8.380958480834960938e+02,1.655286289169453084e-01
5.457999706268310547e-01,8.377914886474609375e+02,1.655626338906586170e-01
5.458999872207641602e-01,8.374873199462890625e+02,1.655966387479566038e-01
5.460000038146972656e-01,8.371833801269531250e+02,1.656306584482081234e-01
5.461000204086303711e-01,8.368796310424804688e+02,1.656646631599869579e-01
5.461999773979187012e-01,8.365760421752929688e+02,1.656986678135581315e-01
5.462999939918518066e-01,8.362726821899414062e+02,1.657326723798178136e-01
5.464000105857849121e-01,8.359694824218750000e+02,1.657666619576048106e-01
5.465000271797180176e-01,8.356664733886718750e+02,1.658006663492415100e-01
5.465999841690063477e-01,8.353636856079101562e+02,1.658346706826705486e-01
5.467000007629394531e-01,8.350610961914062500e+02,1.658686600276269019e-01
5.468000173568725586e-01,8.347586975097656250e+02,1.659026641864329576e-01
5.468999743461608887e-01,8.344564971923828125e+02,1.659366533858701587e-01
5.469999909400939941e-01,8.341544494628906250e+02,1.659706573700532317e-01
5.471000075340270996e-01,8.338526077270507812e+02,1.660046464239712805e-01
5.472000241279602051e-01,8.335509796142578125e+02,1.660386353614740074e-01
5.472999811172485352e-01,8.332495193481445312e+02,1.660726242407690734e-01
5.473999977111816406e-01,8.329482879638671875e+02,1.661066130327526480e-01
5.475000143051147461e-01,8.326472091674804688e+02,1.661406017374247313e-01
5.475999712944030762e-01,8.323463668823242188e+02,1.661745754827279598e-01
5.476999878883361816e-01,8.320456771850585938e+02,1.662085640418808907e-01
5.478000044822692871e-01,8.317451858520507812e+02,1.662425525137223303e-01
5.479000210762023926e-01,8.314449234008789062e+02,1.662765260261949152e-01
5.479999780654907227e-01,8.311448211669921875e+02,1.663104994513560086e-01
5.480999946594238281e-01,8.308449096679687500e+02,1.663444876903668046e-01
5.482000112533569336e-01,8.305451965332031250e+02,1.663784609700087458e-01
5.483000278472900391e-01,8.302456512451171875e+02,1.664124341623391956e-01
5.483999848365783691e-01,8.299463500976562500e+02,1.664464072673581541e-01
5.485000014305114746e-01,8.296471939086914062e+02,1.664803803141694516e-01
5.486000180244445801e-01,8.293482589721679688e+02,1.665143532736692578e-01
5.486999750137329102e-01,8.290495147705078125e+02,1.665483112446963787e-01
5.487999916076660156e-01,8.287509384155273438e+02,1.665822840295732021e-01
5.489000082015991211e-01,8.284525604248046875e+02,1.666162418550811708e-01
5.490000247955322266e-01,8.281543731689453125e+02,1.666502144944388419e-01
5.490999817848205566e-01,8.278563766479492188e+02,1.666841721744276583e-01
5.491999983787536621e-01,8.275585479736328125e+02,1.667181446682661772e-01
5.493000149726867676e-01,8.272609481811523438e+02,1.667521021736320108e-01
5.493999719619750977e-01,8.269635086059570312e+02,1.667860596207901835e-01
5.494999885559082031e-01,8.266662979125976562e+02,1.668200169806368649e-01
5.496000051498413086e-01,8.263692550659179688e+02,1.668539742531720549e-01
5.497000217437744141e-01,8.260724029541015625e+02,1.668879165663383901e-01
5.497999787330627441e-01,8.257757415771484375e+02,1.669218736933544278e-01
5.498999953269958496e-01,8.254792785644531250e+02,1.669558307330589741e-01
5.500000119209289551e-01,8.251829833984375000e+02,1.669897728133946657e-01
5.501000285148620605e-01,8.248868865966796875e+02,1.670237297075800598e-01
5.501999855041503906e-01,8.245909805297851562e+02,1.670576716132927686e-01
5.503000020980834961e-01,8.242952651977539062e+02,1.670916134607978165e-01
5.504000186920166016e-01,8.239997177124023438e+02,1.671255552209913731e-01
5.504999756813049316e-01,8.237043991088867188e+02,1.671595117950346321e-01
5.505999922752380371e-01,8.234092483520507812e+02,1.671934534097090364e-01
5.507000088691711426e-01,8.231142883300781250e+02,1.672273800359107554e-01
5.508000254631042480e-01,8.228195190429687500e+02,1.672613215050660074e-01
5.508999824523925781e-01,8.225249557495117188e+02,1.672952628869097680e-01
5.509999990463256836e-01,8.222305526733398438e+02,1.673292041814420372e-01
5.511000156402587891e-01,8.219363403320312500e+02,1.673631305166054517e-01
5.511999726295471191e-01,8.216423263549804688e+02,1.673970567644573748e-01
5.512999892234802246e-01,8.213484802246093750e+02,1.674309978261590004e-01
5.514000058174133301e-01,8.210548629760742188e+02,1.674649239284917712e-01
5.515000224113464355e-01,8.207614059448242188e+02,1.674988499435130507e-01
5.515999794006347656e-01,8.204681091308593750e+02,1.675327759003266692e-01
5.516999959945678711e-01,8.201750488281250000e+02,1.675667017407249659e-01
5.518000125885009766e-01,8.198821487426757812e+02,1.676006275520194322e-01
5.519000291824340820e-01,8.195894699096679688e+02,1.676345532468985766e-01
5.519999861717224121e-01,8.192969360351562500e+02,1.676684789126738906e-01
5.521000027656555176e-01,8.190046234130859375e+02,1.677023895608726889e-01
5.522000193595886230e-01,8.187124404907226562e+02,1.677363150520250201e-01
5.522999763488769531e-01,8.184205169677734375e+02,1.677702255547046661e-01
5.523999929428100586e-01,8.181287307739257812e+02,1.678041509003378451e-01
5.525000095367431641e-01,8.178371734619140625e+02,1.678380612574983388e-01
5.526000261306762695e-01,8.175457763671875000e+02,1.678719715273473412e-01
5.526999831199645996e-01,8.172545776367187500e+02,1.679058817389886826e-01
5.527999997138977051e-01,8.169635391235351562e+02,1.679397918633185327e-01
5.529000163078308105e-01,8.166726989746093750e+02,1.679737019294407219e-01
5.529999732971191406e-01,8.163820571899414062e+02,1.680076119082514197e-01
5.530999898910522461e-01,8.160915756225585938e+02,1.680415217997506261e-01
5.532000064849853516e-01,8.158012924194335938e+02,1.680754167318809777e-01
5.533000230789184570e-01,8.155112075805664062e+02,1.681093264778610319e-01
5.533999800682067871e-01,8.152212829589843750e+02,1.681432212644722313e-01
5.534999966621398926e-01,8.149315872192382812e+02,1.681771308649331331e-01
5.536000132560729980e-01,8.146420593261718750e+02,1.682110255060251802e-01
5.536999702453613281e-01,8.143526916503906250e+02,1.682449200307019055e-01
5.537999868392944336e-01,8.140635223388671875e+02,1.682788145262748003e-01
5.539000034332275391e-01,8.137745437622070312e+02,1.683127089345362037e-01
5.540000200271606445e-01,8.134857635498046875e+02,1.683466032554861158e-01
5.540999770164489746e-01,8.131971511840820312e+02,1.683804974891245365e-01
5.541999936103820801e-01,8.129086990356445312e+02,1.684143916645552963e-01
5.543000102043151855e-01,8.126204757690429688e+02,1.684482708806172013e-01
5.544000267982482910e-01,8.123324203491210938e+02,1.684821649105288088e-01
5.544999837875366211e-01,8.120445251464843750e+02,1.685160439519677311e-01
5.546000003814697266e-01,8.117568283081054688e+02,1.685499378363601863e-01
5.547000169754028320e-01,8.114693222045898438e+02,1.685838167322799563e-01
5.547999739646911621e-01,8.111820144653320312e+02,1.686176955408882350e-01
5.548999905586242676e-01,8.108948440551757812e+02,1.686515742912888527e-01
5.550000071525573730e-01,8.106079330444335938e+02,1.686854529834818095e-01
5.551000237464904785e-01,8.103211135864257812e+02,1.687193315883632749e-01
5.551999807357788086e-01,8.100345306396484375e+02,1.687532101059332490e-01
5.552999973297119141e-01,8.097481384277343750e+02,1.687870885652955621e-01
5.554000139236450195e-01,8.094619445800781250e+02,1.688209669373463839e-01
5.554999709129333496e-01,8.091758804321289062e+02,1.688548303500283509e-01
5.555999875068664551e-01,8.088900146484375000e+02,1.688887085765600204e-01
5.557000041007995605e-01,8.086043472290039062e+02,1.689225718437228352e-01
5.558000206947326660e-01,8.083188400268554688e+02,1.689564350235741585e-01
5.558999776840209961e-01,8.080335617065429688e+02,1.689903130172751844e-01
5.559999942779541016e-01,8.077484130859375000e+02,1.690241760516073555e-01
5.561000108718872070e-01,8.074634628295898438e+02,1.690580390277318656e-01
5.562000274658203125e-01,8.071787033081054688e+02,1.690919019165448844e-01
5.562999844551086426e-01,8.068941116333007812e+02,1.691257647180464119e-01
5.564000010490417480e-01,8.066097488403320312e+02,1.691596125601790845e-01
5.565000176429748535e-01,8.063255157470703125e+02,1.691934752161614597e-01
5.565999746322631836e-01,8.060414810180664062e+02,1.692273378139361739e-01
5.566999912261962891e-01,8.057576370239257812e+02,1.692611854232382029e-01
5.568000078201293945e-01,8.054739608764648438e+02,1.692950478754937649e-01
5.569000244140625000e-01,8.051904449462890625e+02,1.693288953392766416e-01
5.569999814033508301e-01,8.049071578979492188e+02,1.693627427448518574e-01
5.570999979972839355e-01,8.046240081787109375e+02,1.693965900631155819e-01
5.572000145912170410e-01,8.043410491943359375e+02,1.694304372940678149e-01
5.572999715805053711e-01,8.040582809448242188e+02,1.694642844668123871e-01
5.573999881744384766e-01,8.037756805419921875e+02,1.694981315813492984e-01
5.575000047683715820e-01,8.034933090209960938e+02,1.695319786085747182e-01
5.576000213623046875e-01,8.032110671997070312e+02,1.695658255775924772e-01
5.576999783515930176e-01,8.029290237426757812e+02,1.695996724592987448e-01
5.577999949455261230e-01,8.026471710205078125e+02,1.696335043525323272e-01
5.579000115394592285e-01,8.023654556274414062e+02,1.696673510887194425e-01
5.580000281333923340e-01,8.020839614868164062e+02,1.697011828655377030e-01
5.580999851226806641e-01,8.018026275634765625e+02,1.697350145550444722e-01
5.582000017166137695e-01,8.015214691162109375e+02,1.697688610584009439e-01
5.583000183105468750e-01,8.012405242919921875e+02,1.698026926023885608e-01
5.583999752998352051e-01,8.009597167968750000e+02,1.698365240881685168e-01
5.584999918937683105e-01,8.006791076660156250e+02,1.698703554866369814e-01
5.586000084877014160e-01,8.003986892700195312e+02,1.699041718966327608e-01
5.587000250816345215e-01,8.001184310913085938e+02,1.699380031495820731e-01
5.587999820709228516e-01,7.998383407592773438e+02,1.699718343443237245e-01
5.588999986648559570e-01,7.995584487915039062e+02,1.700056654517538846e-01
5.590000152587890625e-01,7.992787475585937500e+02,1.700394815707113594e-01
5.590999722480773926e-01,7.989992065429687500e+02,1.700733125326223671e-01
5.591999888420104980e-01,7.987198638916015625e+02,1.701071285351645201e-01
5.593000054359436035e-01,7.984406509399414062e+02,1.701409444503951818e-01
5.594000220298767090e-01,7.981616668701171875e+02,1.701747603074181825e-01
5.594999790191650391e-01,7.978828430175781250e+02,1.702085760771296918e-01
5.595999956130981445e-01,7.976041793823242188e+02,1.702423917595297098e-01
5.597000122070312500e-01,7.973257141113281250e+02,1.702762074128258973e-01
5.598000288009643555e-01,7.970474166870117188e+02,1.703100229497067630e-01
5.598999857902526855e-01,7.967693023681640625e+02,1.703438384283799678e-01
5.600000023841857910e-01,7.964912567138671875e+02,1.703776538779493421e-01
5.601000189781188965e-01,7.962131729125976562e+02,1.704114842286799103e-01
5.601999759674072266e-01,7.959350814819335938e+02,1.704453145794104785e-01
5.602999925613403320e-01,7.956570281982421875e+02,1.704791449010372162e-01
5.604000091552734375e-01,7.953790359497070312e+02,1.705129751644562930e-01
5.605000257492065430e-01,7.951011657714843750e+02,1.705468202999327332e-01
5.605999827384948730e-01,7.948234024047851562e+02,1.705806505051441491e-01
5.606999993324279785e-01,7.945457763671875000e+02,1.706144955242052674e-01
5.608000159263610840e-01,7.942683258056640625e+02,1.706483256130013615e-01
5.608999729156494141e-01,7.939909820556640625e+02,1.706821705156471580e-01
5.609999895095825195e-01,7.937134552001953125e+02,1.707160006335470825e-01
5.611000061035156250e-01,7.934345550537109375e+02,1.707498611067421734e-01
5.612000226974487305e-01,7.931536941528320312e+02,1.707837222493253648e-01
5.612999796867370605e-01,7.928710708618164062e+02,1.708176138636190444e-01
5.613999962806701660e-01,7.925869293212890625e+02,1.708515059726778418e-01
5.615000128746032715e-01,7.923017425537109375e+02,1.708853984600864351e-01
5.616000294685363770e-01,7.920156478881835938e+02,1.709193061687983572e-01
5.616999864578247070e-01,7.917289276123046875e+02,1.709532140812370926e-01
5.618000030517578125e-01,7.914418258666992188e+02,1.709871370403561741e-01
5.619000196456909180e-01,7.911544342041015625e+02,1.710210451565217227e-01
5.619999766349792480e-01,7.908669357299804688e+02,1.710549533308949322e-01
5.620999932289123535e-01,7.905793609619140625e+02,1.710888615343719721e-01
5.622000098228454590e-01,7.902917633056640625e+02,1.711227697087451816e-01
5.623000264167785645e-01,7.900041961669921875e+02,1.711566927842795849e-01
5.623999834060668945e-01,7.897166519165039062e+02,1.711906009004451334e-01
5.625000000000000000e-01,7.894292297363281250e+02,1.712245090166106820e-01
5.626000165939331055e-01,7.891418914794921875e+02,1.712584170454647392e-01
5.626999735832214355e-01,7.888546371459960938e+02,1.712923250743187964e-01
5.627999901771545410e-01,7.885675125122070312e+02,1.713262330158613622e-01
5.629000067710876465e-01,7.882805023193359375e+02,1.713601409283000976e-01
5.630000233650207520e-01,7.879936523437500000e+02,1.713940487534273416e-01
5.630999803543090820e-01,7.877069091796875000e+02,1.714279565494507551e-01
5.631999969482421875e-01,7.874203414916992188e+02,1.714618642581626773e-01
5.633000135421752930e-01,7.871338958740234375e+02,1.714957719377707690e-01
5.633999705314636230e-01,7.868476028442382812e+02,1.715296795300673693e-01
5.634999871253967285e-01,7.865614624023437500e+02,1.715635721629951149e-01
5.636000037193298340e-01,7.862754592895507812e+02,1.715974796097725630e-01
5.637000203132629395e-01,7.859896240234375000e+02,1.716313870274461806e-01
5.637999773025512695e-01,7.857039794921875000e+02,1.716652794566471130e-01
5.638999938964843750e-01,7.854184417724609375e+02,1.716991867288015783e-01
5.640000104904174805e-01,7.851330718994140625e+02,1.717330790415871888e-01
5.641000270843505859e-01,7.848478393554687500e+02,1.717669712961651385e-01
5.641999840736389160e-01,7.845627746582031250e+02,1.718008783645927906e-01
5.643000006675720215e-01,7.842778854370117188e+02,1.718347704736515880e-01
5.644000172615051270e-01,7.839931716918945312e+02,1.718686625245027244e-01
5.644999742507934570e-01,7.837085952758789062e+02,1.719025694183073938e-01
5.645999908447265625e-01,7.834241561889648438e+02,1.719364613236393780e-01
5.647000074386596680e-01,7.831398620605468750e+02,1.719703531707637012e-01
5.648000240325927734e-01,7.828557739257812500e+02,1.720042449596803635e-01
5.648999810218811035e-01,7.825718231201171875e+02,1.720381366903893650e-01
5.649999976158142090e-01,7.822880477905273438e+02,1.720720283337868750e-01
5.651000142097473145e-01,7.820043869018554688e+02,1.721059199189767241e-01
5.651999711990356445e-01,7.817209320068359375e+02,1.721397965447977185e-01
5.652999877929687500e-01,7.814376144409179688e+02,1.721736879844684154e-01
5.654000043869018555e-01,7.811544418334960938e+02,1.722075793659314513e-01
5.655000209808349609e-01,7.808714370727539062e+02,1.722414706891868263e-01
5.655999779701232910e-01,7.805886154174804688e+02,1.722753470530733466e-01
5.656999945640563965e-01,7.803059310913085938e+02,1.723092382308095694e-01
5.658000111579895020e-01,7.800234222412109375e+02,1.723431144491769373e-01
5.659000277519226074e-01,7.797410583496093750e+02,1.723770055104978383e-01
5.659999847412109375e-01,7.794588394165039062e+02,1.724108815833460540e-01
5.661000013351440430e-01,7.791768188476562500e+02,1.724447576270904392e-01
5.662000179290771484e-01,7.788949127197265625e+02,1.724786484846845269e-01
5.662999749183654785e-01,7.786132125854492188e+02,1.725125243538059294e-01
5.663999915122985840e-01,7.783316574096679688e+02,1.725464001938235015e-01
5.665000081062316895e-01,7.780502471923828125e+02,1.725802759465295821e-01
5.666000247001647949e-01,7.777690048217773438e+02,1.726141516410280019e-01
5.666999816894531250e-01,7.774879074096679688e+02,1.726480272482149303e-01
5.667999982833862305e-01,7.772070159912109375e+02,1.726819028262980282e-01
5.669000148773193359e-01,7.769262390136718750e+02,1.727157783170696348e-01
5.669999718666076660e-01,7.766456375122070312e+02,1.727496537205297500e-01
5.670999884605407715e-01,7.763652114868164062e+02,1.727835290948860347e-01
5.672000050544738770e-01,7.760849227905273438e+02,1.728173894807696342e-01
5.673000216484069824e-01,7.758048095703125000e+02,1.728512647096067667e-01
5.673999786376953125e-01,7.755248413085937500e+02,1.728851249499712139e-01
5.674999952316284180e-01,7.752450485229492188e+02,1.729190000623930246e-01
5.676000118255615234e-01,7.749654006958007812e+02,1.729528601863421500e-01
5.677000284194946289e-01,7.746859207153320312e+02,1.729867351532448083e-01
5.677999854087829590e-01,7.744066238403320312e+02,1.730205951316747814e-01
5.679000020027160645e-01,7.741274337768554688e+02,1.730544550518970937e-01
5.680000185966491699e-01,7.738484497070312500e+02,1.730883298150729388e-01
5.680999755859375000e-01,7.735696105957031250e+02,1.731221896188799292e-01
5.681999921798706055e-01,7.732909393310546875e+02,1.731560493353754282e-01
5.683000087738037109e-01,7.730124206542968750e+02,1.731899090227670968e-01
5.684000253677368164e-01,7.727340698242187500e+02,1.732237685937434435e-01
5.684999823570251465e-01,7.724558639526367188e+02,1.732576281356159598e-01
5.685999989509582520e-01,7.721778411865234375e+02,1.732914875901769847e-01
5.687000155448913574e-01,7.718999481201171875e+02,1.733253469865303487e-01
5.687999725341796875e-01,7.716222381591796875e+02,1.733591914235148579e-01
5.688999891281127930e-01,7.713447036743164062e+02,1.733930506743490696e-01
5.690000057220458984e-01,7.710673065185546875e+02,1.734269098960794508e-01
5.691000223159790039e-01,7.707900848388671875e+02,1.734607541293371469e-01
5.691999793052673340e-01,7.705129852294921875e+02,1.734946131764445454e-01
5.692999958992004395e-01,7.702361068725585938e+02,1.735284572932869196e-01
5.694000124931335449e-01,7.699593505859375000e+02,1.735623162239789963e-01
5.695000290870666504e-01,7.696827697753906250e+02,1.735961601661983877e-01
5.695999860763549805e-01,7.694063262939453125e+02,1.736300040793139488e-01
5.697000026702880859e-01,7.691300582885742188e+02,1.736638479051180184e-01
5.698000192642211914e-01,7.688539352416992188e+02,1.736976916727144271e-01
5.698999762535095215e-01,7.685780181884765625e+02,1.737315353821031749e-01
5.699999928474426270e-01,7.683022460937500000e+02,1.737653939053416252e-01
5.701000094413757324e-01,7.680265808105468750e+02,1.737992225680500269e-01
5.702000260353088379e-01,7.677511215209960938e+02,1.738330660737119615e-01
5.702999830245971680e-01,7.674758377075195312e+02,1.738669095211662352e-01
5.703999996185302734e-01,7.672006988525390625e+02,1.739007528813090175e-01
5.705000162124633789e-01,7.669257049560546875e+02,1.739345961832441390e-01
5.705999732017517090e-01,7.666508789062500000e+02,1.739684245258104056e-01
5.706999897956848145e-01,7.663762283325195312e+02,1.740022676822263747e-01
5.708000063896179199e-01,7.661017227172851562e+02,1.740360959083773196e-01
5.709000229835510254e-01,7.658273925781250000e+02,1.740699389483779669e-01
5.709999799728393555e-01,7.655532073974609375e+02,1.741037669999059290e-01
5.710999965667724609e-01,7.652792205810546875e+02,1.741375950223300606e-01
5.712000131607055664e-01,7.650053482055664062e+02,1.741714378586038947e-01
5.713000297546386719e-01,7.647316436767578125e+02,1.742052657355088741e-01
5.713999867439270020e-01,7.644580917358398438e+02,1.742390935251023620e-01
5.715000033378601074e-01,7.641847381591796875e+02,1.742729212855920196e-01
5.716000199317932129e-01,7.639114990234375000e+02,1.743067489587701857e-01
5.716999769210815430e-01,7.636384658813476562e+02,1.743405765737406909e-01
5.717999935150146484e-01,7.633655700683593750e+02,1.743744041013997048e-01
5.719000101089477539e-01,7.630928192138671875e+02,1.744082315999548882e-01
5.720000267028808594e-01,7.628202743530273438e+02,1.744420441100373864e-01
5.720999836921691895e-01,7.625478439331054688e+02,1.744758714630734175e-01
5.722000002861022949e-01,7.622755813598632812e+02,1.745096987287979573e-01
5.723000168800354004e-01,7.620034942626953125e+02,1.745435110351536423e-01
5.723999738693237305e-01,7.617315521240234375e+02,1.745773381844628602e-01
5.724999904632568359e-01,7.614597854614257812e+02,1.746111503744032234e-01
5.726000070571899414e-01,7.611881866455078125e+02,1.746449625061359257e-01
5.727000236511230469e-01,7.609167327880859375e+02,1.746787894517183304e-01
5.727999806404113770e-01,7.606454238891601562e+02,1.747126014379318804e-01
5.728999972343444824e-01,7.603743133544921875e+02,1.747464133659377694e-01
5.730000138282775879e-01,7.601033172607421875e+02,1.747802252066321671e-01
5.730999708175659180e-01,7.598325271606445312e+02,1.748140369891189039e-01
5.731999874114990234e-01,7.595618820190429688e+02,1.748478487133979797e-01
5.733000040054321289e-01,7.592913742065429688e+02,1.748816603794693947e-01
5.734000205993652344e-01,7.590210723876953125e+02,1.749154719582293183e-01
5.734999775886535645e-01,7.587508773803710938e+02,1.749492835078854114e-01
5.735999941825866699e-01,7.584808578491210938e+02,1.749830800690688193e-01
5.737000107765197754e-01,7.582110137939453125e+02,1.750168914441019297e-01
5.738000273704528809e-01,7.579413452148437500e+02,1.750507027900312096e-01
5.738999843597412109e-01,7.576718139648437500e+02,1.750844991474878043e-01
5.740000009536743164e-01,7.574024200439453125e+02,1.751183103478979319e-01
5.741000175476074219e-01,7.571332092285156250e+02,1.751521065889392048e-01
5.741999745368957520e-01,7.568641662597656250e+02,1.751859027426689863e-01
5.742999911308288574e-01,7.565952606201171875e+02,1.752196988381911069e-01
5.744000077247619629e-01,7.563265380859375000e+02,1.752535097766667604e-01
5.745000243186950684e-01,7.560579757690429688e+02,1.752873057557735592e-01
5.745999813079833984e-01,7.557895660400390625e+02,1.753211016475688666e-01
5.746999979019165039e-01,7.555212936401367188e+02,1.753548975102603436e-01
5.748000144958496094e-01,7.552532196044921875e+02,1.753886932856403291e-01
5.748999714851379395e-01,7.549852676391601562e+02,1.754224889737088233e-01
5.749999880790710449e-01,7.547175064086914062e+02,1.754562697315122932e-01
5.751000046730041504e-01,7.544498901367187500e+02,1.754900653031654656e-01
5.752000212669372559e-01,7.541824188232421875e+02,1.755238608166109771e-01
5.752999782562255859e-01,7.539151229858398438e+02,1.755576413706876338e-01
5.753999948501586914e-01,7.536480178833007812e+02,1.755914367386139929e-01
5.755000114440917969e-01,7.533810348510742188e+02,1.756252171762753278e-01
5.756000280380249023e-01,7.531142196655273438e+02,1.756590124277863652e-01
5.756999850273132324e-01,7.528475418090820312e+02,1.756927927199285477e-01
5.758000016212463379e-01,7.525810394287109375e+02,1.757265729247592390e-01
5.759000182151794434e-01,7.523147048950195312e+02,1.757603531004860997e-01
5.759999752044677734e-01,7.520485153198242188e+02,1.757941331889014691e-01
5.760999917984008789e-01,7.517824935913085938e+02,1.758279132191091776e-01
5.762000083923339844e-01,7.515166168212890625e+02,1.758616931911092252e-01
5.763000249862670898e-01,7.512509384155273438e+02,1.758954730757977813e-01
5.763999819755554199e-01,7.509853744506835938e+02,1.759292529022786766e-01
5.764999985694885254e-01,7.507199783325195312e+02,1.759630326705519110e-01
5.766000151634216309e-01,7.504547576904296875e+02,1.759968123806174845e-01
5.766999721527099609e-01,7.501897048950195312e+02,1.760305771313142031e-01
5.767999887466430664e-01,7.499247894287109375e+02,1.760643566958606243e-01
5.769000053405761719e-01,7.496600189208984375e+02,1.760981213010381907e-01
5.770000219345092773e-01,7.493954162597656250e+02,1.761319007491692901e-01
5.770999789237976074e-01,7.491309814453125000e+02,1.761656652379315346e-01
5.771999955177307129e-01,7.488666915893554688e+02,1.761994296393822879e-01
5.773000121116638184e-01,7.486025772094726562e+02,1.762332089128904045e-01
5.774000287055969238e-01,7.483386230468750000e+02,1.762669731979258358e-01
5.774999856948852539e-01,7.480748138427734375e+02,1.763007374247536063e-01
5.776000022888183594e-01,7.478111495971679688e+02,1.763345015642698854e-01
5.777000188827514648e-01,7.475476455688476562e+02,1.763682656746823341e-01
5.777999758720397949e-01,7.472843170166015625e+02,1.764020296977832913e-01
5.778999924659729004e-01,7.470211639404296875e+02,1.764357936626765877e-01
5.780000090599060059e-01,7.467581100463867188e+02,1.764695426682010293e-01
5.781000256538391113e-01,7.464952926635742188e+02,1.765033064875751734e-01
5.781999826431274414e-01,7.462325897216796875e+02,1.765370702778454870e-01
5.782999992370605469e-01,7.459700469970703125e+02,1.765708190796431154e-01
5.784000158309936523e-01,7.457076492309570312e+02,1.766045827243942767e-01
5.784999728202819824e-01,7.454454193115234375e+02,1.766383313806727529e-01
5.785999894142150879e-01,7.451833267211914062e+02,1.766720800078473985e-01
5.787000060081481934e-01,7.449214096069335938e+02,1.767058434488717467e-01
5.788000226020812988e-01,7.446596603393554688e+02,1.767395919305272400e-01
5.788999795913696289e-01,7.443980789184570312e+02,1.767733403539750725e-01
5.789999961853027344e-01,7.441366043090820312e+02,1.768070887192152441e-01
5.791000127792358398e-01,7.438753356933593750e+02,1.768408370262477547e-01
5.792000293731689453e-01,7.436141967773437500e+02,1.768745852459687740e-01
5.792999863624572754e-01,7.433532333374023438e+02,1.769083334074821323e-01
5.794000029563903809e-01,7.430924072265625000e+02,1.769420815107878298e-01
5.795000195503234863e-01,7.428317565917968750e+02,1.769758295558858663e-01
5.795999765396118164e-01,7.425712356567382812e+02,1.770095626416150481e-01
5.796999931335449219e-01,7.423108901977539062e+02,1.770433105411939323e-01
5.798000097274780273e-01,7.420507049560546875e+02,1.770770434814039618e-01
5.799000263214111328e-01,7.417906951904296875e+02,1.771107912645675242e-01
5.799999833106994629e-01,7.415308227539062500e+02,1.771445240883622319e-01
5.800999999046325684e-01,7.412710571289062500e+02,1.771782568539492786e-01
5.802000164985656738e-01,7.410115203857421875e+02,1.772120044333860278e-01
5.802999734878540039e-01,7.407520065307617188e+02,1.772457370825577527e-01
5.803999900817871094e-01,7.404926910400390625e+02,1.772794696735218167e-01
5.805000066757202148e-01,7.402335357666015625e+02,1.773131872760131955e-01
5.806000232696533203e-01,7.399745788574218750e+02,1.773469196923542768e-01
5.806999802589416504e-01,7.397157974243164062e+02,1.773806371493265033e-01
5.807999968528747559e-01,7.394572143554687500e+02,1.774143694201484323e-01
5.809000134468078613e-01,7.391987762451171875e+02,1.774480867607053369e-01
5.809999704360961914e-01,7.389404754638671875e+02,1.774818188860081136e-01
5.810999870300292969e-01,7.386823730468750000e+02,1.775155360810458660e-01
5.812000036239624023e-01,7.384244155883789062e+02,1.775492531887721270e-01
5.813000202178955078e-01,7.381666336059570312e+02,1.775829702382907271e-01
5.813999772071838379e-01,7.379090118408203125e+02,1.776166872296016663e-01
5.814999938011169434e-01,7.376515045166015625e+02,1.776504041627049446e-01
5.816000103950500488e-01,7.373941650390625000e+02,1.776841210376005620e-01
5.817000269889831543e-01,7.371369934082031250e+02,1.777178378251846880e-01
5.817999839782714844e-01,7.368799972534179688e+02,1.777515545836649835e-01
5.819000005722045898e-01,7.366231002807617188e+02,1.777852563536725938e-01
5.820000171661376953e-01,7.363664093017578125e+02,1.778189729666337371e-01
5.820999741554260254e-01,7.361098480224609375e+02,1.778526895213872194e-01
5.821999907493591309e-01,7.358534622192382812e+02,1.778863910876680166e-01
5.823000073432922363e-01,7.355972061157226562e+02,1.779201075260061771e-01
5.824000239372253418e-01,7.353411254882812500e+02,1.779538089758716524e-01
5.824999809265136719e-01,7.350851745605468750e+02,1.779875103675294667e-01
5.825999975204467773e-01,7.348293991088867188e+02,1.780212117009796202e-01
5.827000141143798828e-01,7.345737838745117188e+02,1.780549278773833066e-01
5.827999711036682129e-01,7.343182830810546875e+02,1.780886290944181383e-01
5.828999876976013184e-01,7.340629730224609375e+02,1.781223302241414785e-01
5.830000042915344238e-01,7.338078079223632812e+02,1.781560313247609884e-01
5.831000208854675293e-01,7.335528030395507812e+02,1.781897174369078130e-01
5.831999778747558594e-01,7.332979354858398438e+02,1.782234183920081705e-01
5.832999944686889648e-01,7.330432357788085938e+02,1.782571192889008671e-01
5.834000110626220703e-01,7.327886734008789062e+02,1.782908201275859028e-01
5.835000276565551758e-01,7.325342788696289062e+02,1.783245060069020838e-01
5.835999846458435059e-01,7.322800521850585938e+02,1.783582067000679672e-01
5.837000012397766113e-01,7.320259552001953125e+02,1.783918924629688263e-01
5.838000178337097168e-01,7.317720336914062500e+02,1.784255930397193879e-01
5.838999748229980469e-01,7.315182418823242188e+02,1.784592786571010947e-01
5.839999914169311523e-01,7.312646179199218750e+02,1.784929642162751406e-01
5.841000080108642578e-01,7.310111312866210938e+02,1.785266497172415257e-01
5.842000246047973633e-01,7.307577819824218750e+02,1.785603351600002497e-01
5.842999815940856934e-01,7.305046234130859375e+02,1.785940205154474825e-01
5.843999981880187988e-01,7.302516021728515625e+02,1.786277058417908847e-01
5.845000147819519043e-01,7.299987487792968750e+02,1.786613910808227956e-01
5.845999717712402344e-01,7.297460327148437500e+02,1.786950762616470456e-01
5.846999883651733398e-01,7.294934539794921875e+02,1.787287613842636347e-01
5.848000049591064453e-01,7.292410659790039062e+02,1.787624315475113690e-01
5.849000215530395508e-01,7.289888153076171875e+02,1.787961165537126362e-01
5.849999785423278809e-01,7.287367019653320312e+02,1.788298015017062426e-01
5.850999951362609863e-01,7.284847488403320312e+02,1.788634714612271637e-01
5.852000117301940918e-01,7.282329406738281250e+02,1.788971413916442543e-01
5.853000283241271973e-01,7.279812927246093750e+02,1.789308261359110475e-01
5.853999853134155273e-01,7.277298049926757812e+02,1.789644959208089858e-01
5.855000019073486328e-01,7.274784545898437500e+02,1.789981656474992633e-01
5.856000185012817383e-01,7.272272415161132812e+02,1.790318353159818798e-01
5.856999754905700684e-01,7.269762268066406250e+02,1.790655049262568355e-01
5.857999920845031738e-01,7.267253417968750000e+02,1.790991744783241302e-01
5.859000086784362793e-01,7.264745941162109375e+02,1.791328439721837640e-01
5.860000252723693848e-01,7.262240066528320312e+02,1.791665133787319064e-01
5.860999822616577148e-01,7.259735870361328125e+02,1.792001827561762184e-01
5.861999988555908203e-01,7.257230072021484375e+02,1.792338372615631670e-01
5.863000154495239258e-01,7.254718017578125000e+02,1.792674772150348872e-01
5.863999724388122559e-01,7.252205581665039062e+02,1.793010873952880502e-01
5.864999890327453613e-01,7.249695434570312500e+02,1.793346677150111645e-01
5.866000056266784668e-01,7.247189178466796875e+02,1.793682330462615937e-01
5.867000222206115723e-01,7.244686050415039062e+02,1.794017982319928706e-01
5.867999792098999023e-01,7.242186889648437500e+02,1.794353334698826075e-01
5.868999958038330078e-01,7.239691162109375000e+02,1.794688685913570225e-01
5.870000123977661133e-01,7.237198638916015625e+02,1.795024036255199462e-01
5.871000289916992188e-01,7.234708557128906250e+02,1.795359236130025238e-01
5.871999859809875488e-01,7.232221450805664062e+02,1.795694435422774404e-01
5.873000025749206543e-01,7.229736328125000000e+02,1.796029484539758414e-01
5.874000191688537598e-01,7.227253723144531250e+02,1.796364681795239449e-01
5.874999761581420898e-01,7.224772720336914062e+02,1.796699729457031935e-01
5.875999927520751953e-01,7.222293701171875000e+02,1.797034776536747813e-01
5.877000093460083008e-01,7.219816360473632812e+02,1.797369822743348777e-01
5.878000259399414062e-01,7.217341003417968750e+02,1.797704868076834828e-01
5.878999829292297363e-01,7.214866867065429688e+02,1.798039913119282573e-01
5.879999995231628418e-01,7.212394332885742188e+02,1.798374957288615406e-01
5.881000161170959473e-01,7.209923858642578125e+02,1.798709851864259690e-01
5.881999731063842773e-01,7.207454376220703125e+02,1.799044894869439304e-01
5.882999897003173828e-01,7.204986724853515625e+02,1.799379788280930370e-01
5.884000062942504883e-01,7.202520294189453125e+02,1.799714830121956766e-01
5.885000228881835938e-01,7.200055923461914062e+02,1.800049722369294614e-01
5.885999798774719238e-01,7.197592315673828125e+02,1.800384763046167791e-01
5.886999964714050293e-01,7.195130767822265625e+02,1.800719654129352421e-01
5.888000130653381348e-01,7.192670211791992188e+02,1.801054544339422137e-01
5.889000296592712402e-01,7.190211334228515625e+02,1.801389434258453548e-01
5.889999866485595703e-01,7.187754135131835938e+02,1.801724323304370046e-01
5.891000032424926758e-01,7.185297927856445312e+02,1.802059212059248239e-01
5.892000198364257812e-01,7.182843704223632812e+02,1.802394099941011518e-01
5.892999768257141113e-01,7.180387420654296875e+02,1.802728989569004625e-01
5.893999934196472168e-01,7.177921752929687500e+02,1.803063883853610605e-01
5.895000100135803223e-01,7.175445556640625000e+02,1.803398932679556310e-01
5.896000266075134277e-01,7.172958297729492188e+02,1.803733987035229802e-01
5.896999835968017578e-01,7.170461273193359375e+02,1.804069344361778349e-01
5.898000001907348633e-01,7.167955474853515625e+02,1.804404706344939768e-01
5.899000167846679688e-01,7.165443191528320312e+02,1.804740071529522538e-01
5.899999737739562988e-01,7.162925643920898438e+02,1.805075588636100292e-01
5.900999903678894043e-01,7.160404357910156250e+02,1.805411107779946178e-01
5.902000069618225098e-01,7.157880172729492188e+02,1.805746628670021892e-01
5.903000235557556152e-01,7.155353546142578125e+02,1.806082001712638885e-01
5.903999805450439453e-01,7.152825241088867188e+02,1.806417524931021035e-01
5.904999971389770508e-01,7.150295867919921875e+02,1.806753049022518098e-01
5.906000137329101562e-01,7.147766265869140625e+02,1.807088424393441528e-01
5.906999707221984863e-01,7.145236511230468750e+02,1.807423949358053505e-01
5.907999873161315918e-01,7.142706146240234375e+02,1.807759325311053544e-01
5.909000039100646973e-01,7.140176239013671875e+02,1.808094701555091888e-01
5.910000205039978027e-01,7.137647094726562500e+02,1.808430077508091927e-01
5.910999774932861328e-01,7.135118408203125000e+02,1.808765453752130270e-01
5.911999940872192383e-01,7.132590026855468750e+02,1.809100829414092004e-01
5.913000106811523438e-01,7.130063171386718750e+02,1.809436205076053739e-01
5.914000272750854492e-01,7.127536621093750000e+02,1.809771580446977168e-01
5.914999842643737793e-01,7.125011596679687500e+02,1.810106955526862293e-01
5.916000008583068848e-01,7.122487335205078125e+02,1.810442181304097176e-01
5.917000174522399902e-01,7.119964294433593750e+02,1.810777555510867387e-01
5.917999744415283203e-01,7.117442474365234375e+02,1.811112780414987355e-01
5.918999910354614258e-01,7.114921875000000000e+02,1.811448153748642653e-01
5.920000076293945312e-01,7.112402648925781250e+02,1.811783377779647708e-01
5.921000242233276367e-01,7.109884338378906250e+02,1.812118601228576154e-01
5.921999812126159668e-01,7.107367248535156250e+02,1.812453973107039928e-01
5.922999978065490723e-01,7.104851837158203125e+02,1.812789195682853460e-01
5.924000144004821777e-01,7.102337646484375000e+02,1.813124417676590383e-01
5.924999713897705078e-01,7.099824676513671875e+02,1.813459639379289001e-01
5.925999879837036133e-01,7.097313079833984375e+02,1.813794860208872706e-01
5.927000045776367188e-01,7.094802856445312500e+02,1.814130080747418106e-01
5.928000211715698242e-01,7.092293853759765625e+02,1.814465300703886896e-01
5.928999781608581543e-01,7.089786224365234375e+02,1.814800520078279078e-01
5.929999947547912598e-01,7.087280426025390625e+02,1.815135738870594651e-01
5.931000113487243652e-01,7.084775390625000000e+02,1.815470808360259980e-01
5.932000279426574707e-01,7.082272033691406250e+02,1.815806025988422334e-01
5.932999849319458008e-01,7.079769897460937500e+02,1.816141243325546384e-01
5.934000015258789062e-01,7.077269439697265625e+02,1.816476311068981886e-01
5.935000181198120117e-01,7.074770050048828125e+02,1.816811527241952717e-01
5.935999751091003418e-01,7.072272033691406250e+02,1.817146742832846940e-01
5.936999917030334473e-01,7.069775695800781250e+02,1.817481809121090919e-01
5.938000082969665527e-01,7.067280273437500000e+02,1.817817023547831923e-01
5.939000248908996582e-01,7.064786376953125000e+02,1.818152088671922684e-01
5.939999818801879883e-01,7.062294311523437500e+02,1.818487152922898531e-01
5.940999984741210938e-01,7.059802551269531250e+02,1.818822514906059951e-01
5.942000150680541992e-01,7.057310333251953125e+02,1.819157877180259675e-01
5.942999720573425293e-01,7.054817352294921875e+02,1.819493239163421094e-01
5.943999886512756348e-01,7.052323760986328125e+02,1.819828750449232757e-01
5.945000052452087402e-01,7.049830780029296875e+02,1.820164261735044420e-01
5.946000218391418457e-01,7.047337951660156250e+02,1.820499921741429716e-01
5.946999788284301758e-01,7.044845428466796875e+02,1.820835432445164770e-01
5.947999954223632812e-01,7.042353973388671875e+02,1.821171091869473457e-01
5.949000120162963867e-01,7.039863128662109375e+02,1.821506601991131902e-01
5.950000286102294922e-01,7.037373504638671875e+02,1.821842260542325675e-01
5.950999855995178223e-01,7.034884643554687500e+02,1.822177770081907511e-01
5.952000021934509277e-01,7.032396850585937500e+02,1.822513427759986371e-01
5.953000187873840332e-01,7.029910583496093750e+02,1.822848936135414988e-01
5.953999757766723633e-01,7.027425384521484375e+02,1.823184592940378934e-01
5.954999923706054688e-01,7.024941101074218750e+02,1.823520100442692637e-01
5.956000089645385742e-01,7.022458343505859375e+02,1.823855756083503366e-01
5.957000255584716797e-01,7.019976959228515625e+02,1.824191262421663851e-01
5.957999825477600098e-01,7.017496795654296875e+02,1.824526917189359665e-01
5.958999991416931152e-01,7.015018157958984375e+02,1.824862422363366932e-01
5.960000157356262207e-01,7.012541046142578125e+02,1.825197927246335894e-01
5.960999727249145508e-01,7.010064849853515625e+02,1.825533580267801881e-01
5.961999893188476562e-01,7.007590179443359375e+02,1.825869083986617625e-01
5.963000059127807617e-01,7.005116882324218750e+02,1.826204586832318455e-01
5.964000225067138672e-01,7.002645416259765625e+02,1.826540089386980981e-01
5.964999794960021973e-01,7.000174865722656250e+02,1.826875591359566897e-01
5.965999960899353027e-01,6.997705993652343750e+02,1.827211092750076205e-01
5.967000126838684082e-01,6.995238494873046875e+02,1.827546593558508903e-01
5.968000292778015137e-01,6.992772064208984375e+02,1.827882093784864992e-01
5.968999862670898438e-01,6.990307312011718750e+02,1.828217593429144472e-01
5.970000028610229492e-01,6.987843475341796875e+02,1.828553092491347343e-01
5.971000194549560547e-01,6.985381622314453125e+02,1.828888590971473604e-01
5.971999764442443848e-01,6.982921142578125000e+02,1.829224089160561562e-01
5.972999930381774902e-01,6.980461578369140625e+02,1.829559437464922667e-01
5.974000096321105957e-01,6.978003692626953125e+02,1.829894934489857405e-01
5.975000262260437012e-01,6.975547332763671875e+02,1.830230430932715535e-01
5.975999832153320312e-01,6.973092193603515625e+02,1.830565777781885117e-01
5.976999998092651367e-01,6.970638580322265625e+02,1.830901272769551724e-01
5.978000164031982422e-01,6.968186035156250000e+02,1.831236618745606393e-01
5.978999733924865723e-01,6.965735015869140625e+02,1.831571963848546147e-01
5.979999899864196777e-01,6.963285827636718750e+02,1.831907457381021231e-01
5.981000065803527832e-01,6.960837554931640625e+02,1.832242801319807768e-01
5.982000231742858887e-01,6.958390960693359375e+02,1.832578144967556000e-01
5.982999801635742188e-01,6.955945281982421875e+02,1.832913636753801256e-01
5.983999967575073242e-01,6.953501129150390625e+02,1.833248979237396270e-01
5.985000133514404297e-01,6.951058502197265625e+02,1.833584321138914675e-01
5.985999703407287598e-01,6.948617706298828125e+02,1.833919662167318165e-01
5.986999869346618652e-01,6.946177673339843750e+02,1.834255002904683352e-01
5.988000035285949707e-01,6.943739166259765625e+02,1.834590343059971929e-01
5.989000201225280762e-01,6.941302185058593750e+02,1.834925682924222201e-01
5.989999771118164062e-01,6.938866424560546875e+02,1.835261021915357560e-01
5.990999937057495117e-01,6.936432037353515625e+02,1.835596211312804371e-01
5.992000102996826172e-01,6.933999328613281250e+02,1.835931549430824816e-01
5.993000268936157227e-01,6.931567687988281250e+02,1.836266886675730348e-01
5.993999838829040527e-01,6.929137573242187500e+02,1.836602223629597574e-01
5.995000004768371582e-01,6.926708984375000000e+02,1.836937410989776254e-01
5.996000170707702637e-01,6.924281311035156250e+02,1.837272746779490262e-01
5.996999740600585938e-01,6.921855621337890625e+02,1.837607932975515723e-01
5.997999906539916992e-01,6.919430694580078125e+02,1.837943267601076514e-01
5.999000072479248047e-01,6.917007751464843750e+02,1.838278452632948756e-01
6.000000238418579102e-01,6.914585723876953125e+02,1.838613637082744390e-01
6.000999808311462402e-01,6.912165222167968750e+02,1.838948970253113657e-01
6.001999974250793457e-01,6.909746093750000000e+02,1.839284153829794377e-01
6.003000140190124512e-01,6.907328338623046875e+02,1.839619336533360183e-01
6.003999710083007812e-01,6.904911956787109375e+02,1.839954518945887685e-01
6.004999876022338867e-01,6.902496948242187500e+02,1.840289700776338577e-01
6.006000041961669922e-01,6.900083312988281250e+02,1.840624882024712861e-01
6.007000207901000977e-01,6.897671203613281250e+02,1.840960062691010535e-01
6.007999777793884277e-01,6.895260314941406250e+02,1.841295243066269904e-01
6.008999943733215332e-01,6.892850799560546875e+02,1.841630422568414360e-01
6.010000109672546387e-01,6.890442657470703125e+02,1.841965601779520512e-01
6.011000275611877441e-01,6.888035888671875000e+02,1.842300780117511749e-01
6.011999845504760742e-01,6.885630340576171875e+02,1.842635809152852744e-01
6.013000011444091797e-01,6.883226470947265625e+02,1.842970986617729068e-01
6.014000177383422852e-01,6.880823974609375000e+02,1.843306163500528783e-01
6.014999747276306152e-01,6.878422546386718750e+02,1.843641190789639950e-01
6.015999913215637207e-01,6.876022491455078125e+02,1.843976366799324751e-01
6.017000079154968262e-01,6.873623962402343750e+02,1.844311392924282700e-01
6.018000245094299316e-01,6.871226806640625000e+02,1.844646567769814283e-01
6.018999814987182617e-01,6.868831176757812500e+02,1.844981592730619013e-01
6.019999980926513672e-01,6.866436767578125000e+02,1.845316617400385439e-01
6.021000146865844727e-01,6.864043579101562500e+02,1.845651790499687195e-01
6.021999716758728027e-01,6.861651611328125000e+02,1.845986814005300403e-01
6.022999882698059082e-01,6.859261474609375000e+02,1.846321837219875306e-01
6.024000048637390137e-01,6.856872558593750000e+02,1.846656859561335295e-01
6.025000214576721191e-01,6.854484710693359375e+02,1.846991881320718676e-01
6.025999784469604492e-01,6.852098388671875000e+02,1.847326902789063752e-01
6.026999950408935547e-01,6.849713745117187500e+02,1.847661923675332218e-01
6.028000116348266602e-01,6.847330474853515625e+02,1.847996943979524076e-01
6.029000282287597656e-01,6.844948120117187500e+02,1.848331963701639324e-01
6.029999852180480957e-01,6.842567291259765625e+02,1.848666833830066025e-01
6.031000018119812012e-01,6.840187835693359375e+02,1.849001852388028055e-01
6.032000184059143066e-01,6.837809753417968750e+02,1.849336870654951781e-01
6.032999753952026367e-01,6.835432739257812500e+02,1.849671739037148654e-01
6.033999919891357422e-01,6.833057708740234375e+02,1.850006756139919162e-01
6.035000085830688477e-01,6.830683441162109375e+02,1.850341623649001122e-01
6.036000251770019531e-01,6.828310699462890625e+02,1.850676639587618411e-01
6.036999821662902832e-01,6.825939178466796875e+02,1.851011505932547152e-01
6.037999987602233887e-01,6.823569488525390625e+02,1.851346371695399284e-01
6.039000153541564941e-01,6.821201019287109375e+02,1.851681386178825051e-01
6.039999723434448242e-01,6.818833618164062500e+02,1.852016250777523965e-01
6.040999889373779297e-01,6.816467590332031250e+02,1.852351115085184574e-01
6.042000055313110352e-01,6.814103240966796875e+02,1.852685978810768574e-01
6.043000221252441406e-01,6.811739959716796875e+02,1.853020841954275966e-01
6.043999791145324707e-01,6.809378051757812500e+02,1.853355704515706748e-01
6.044999957084655762e-01,6.807017669677734375e+02,1.853690566786099225e-01
6.046000123023986816e-01,6.804658508300781250e+02,1.854025428183376789e-01
6.047000288963317871e-01,6.802300567626953125e+02,1.854360289289616048e-01
6.047999858856201172e-01,6.799943847656250000e+02,1.854695149813778698e-01
6.049000024795532227e-01,6.797588806152343750e+02,1.855030009755864739e-01
6.050000190734863281e-01,6.795235137939453125e+02,1.855364720104262233e-01
6.050999760627746582e-01,6.792882537841796875e+02,1.855699578882195055e-01
6.051999926567077637e-01,6.790531921386718750e+02,1.856034288357477635e-01
6.053000092506408691e-01,6.788182067871093750e+02,1.856369145971257240e-01
6.054000258445739746e-01,6.785833435058593750e+02,1.856703854282386601e-01
6.054999828338623047e-01,6.783486328125000000e+02,1.857038711023051292e-01
6.055999994277954102e-01,6.781140747070312500e+02,1.857373418170027435e-01
6.057000160217285156e-01,6.778796386718750000e+02,1.857708124734926969e-01
6.057999730110168457e-01,6.776453399658203125e+02,1.858042980020400137e-01
6.058999896049499512e-01,6.774111480712890625e+02,1.858377685421146452e-01
6.060000061988830566e-01,6.771771240234375000e+02,1.858712390530854464e-01
6.061000227928161621e-01,6.769432373046875000e+02,1.859047095058485866e-01
6.061999797821044922e-01,6.767094573974609375e+02,1.859381799004040658e-01
6.062999963760375977e-01,6.764758300781250000e+02,1.859716502367518842e-01
6.064000129699707031e-01,6.762422943115234375e+02,1.860051205439958721e-01
6.065000295639038086e-01,6.760089416503906250e+02,1.860385907639283687e-01
6.065999865531921387e-01,6.757757110595703125e+02,1.860720460535958409e-01
6.067000031471252441e-01,6.755426025390625000e+02,1.861055161862168461e-01
6.068000197410583496e-01,6.753096313476562500e+02,1.861389862606301904e-01
6.068999767303466797e-01,6.750767974853515625e+02,1.861724414047785103e-01
6.069999933242797852e-01,6.748441009521484375e+02,1.862059113627765328e-01
6.071000099182128906e-01,6.746115417480468750e+02,1.862393812916707247e-01
6.072000265121459961e-01,6.743790893554687500e+02,1.862728362611960620e-01
6.072999835014343262e-01,6.741467590332031250e+02,1.863062911725137383e-01
6.074000000953674316e-01,6.739146118164062500e+02,1.863397609267849475e-01
6.075000166893005371e-01,6.736825866699218750e+02,1.863732157216873020e-01
6.075999736785888672e-01,6.734506835937500000e+02,1.864066704874858260e-01
6.076999902725219727e-01,6.732188873291015625e+02,1.864401251659728587e-01
6.078000068664550781e-01,6.729872589111328125e+02,1.864735947165172547e-01
6.079000234603881836e-01,6.727557830810546875e+02,1.865070493076927960e-01
6.079999804496765137e-01,6.725243835449218750e+02,1.865405038697645068e-01
6.080999970436096191e-01,6.722931365966796875e+02,1.865739583445247263e-01
6.082000136375427246e-01,6.720620422363281250e+02,1.866073978890199214e-01
6.082999706268310547e-01,6.718310394287109375e+02,1.866408522764686495e-01
6.083999872207641602e-01,6.716001892089843750e+02,1.866743066057097167e-01
6.085000038146972656e-01,6.713694915771484375e+02,1.867077608767431229e-01
6.086000204086303711e-01,6.711388854980468750e+02,1.867412002175115049e-01
6.086999773979187012e-01,6.709084167480468750e+02,1.867746543721295893e-01
6.087999939918518066e-01,6.706781463623046875e+02,1.868081084976438433e-01
6.089000105857849121e-01,6.704479217529296875e+02,1.868415476637892425e-01
6.090000271797180176e-01,6.702178802490234375e+02,1.868749867717269808e-01
6.090999841690063477e-01,6.699879302978515625e+02,1.869084407517220825e-01
6.092000007629394531e-01,6.697581634521484375e+02,1.869418797432444990e-01
6.093000173568725586e-01,6.695284881591796875e+02,1.869753187056630850e-01
6.093999743461608887e-01,6.692989654541015625e+02,1.870087725110352039e-01
6.094999909400939941e-01,6.690695648193359375e+02,1.870422113861422986e-01
6.096000075340270996e-01,6.688403015136718750e+02,1.870756501739379019e-01
6.097000241279602051e-01,6.686111450195312500e+02,1.871090889326296747e-01
6.097999811172485352e-01,6.683821563720703125e+02,1.871425276331137866e-01
6.098999977111816406e-01,6.681532592773437500e+02,1.871759662753902376e-01
6.100000143051147461e-01,6.679245147705078125e+02,1.872094048594590276e-01
6.100999712944030762e-01,6.676958923339843750e+02,1.872428284841589630e-01
6.101999878883361816e-01,6.674674224853515625e+02,1.872762669809162617e-01
6.103000044822692871e-01,6.672390594482421875e+02,1.873097054194658995e-01
6.104000210762023926e-01,6.670108642578125000e+02,1.873431437998078763e-01
6.104999780654907227e-01,6.667827453613281250e+02,1.873765672207809985e-01
6.105999946594238281e-01,6.665547637939453125e+02,1.874100055138114840e-01
6.107000112533569336e-01,6.663269500732421875e+02,1.874434288474731147e-01
6.108000278472900391e-01,6.660992584228515625e+02,1.874768670240882784e-01
6.108999848365783691e-01,6.658716888427734375e+02,1.875102902413345873e-01
6.110000014305114746e-01,6.656442260742187500e+02,1.875437134003732353e-01
6.111000180244445801e-01,6.654169311523437500e+02,1.875771365303080529e-01
6.111999750137329102e-01,6.651897430419921875e+02,1.876105745031964034e-01
6.112999916076660156e-01,6.649626617431640625e+02,1.876439975167158991e-01
6.114000082015991211e-01,6.647357482910156250e+02,1.876774204720277339e-01
6.115000247955322266e-01,6.645089569091796875e+02,1.877108433982357383e-01
6.115999817848205566e-01,6.642823181152343750e+02,1.877442662371322513e-01
6.116999983787536621e-01,6.640557556152343750e+02,1.877776890469249338e-01
6.118000149726867676e-01,6.638293609619140625e+02,1.878110969264525920e-01
6.118999719619750977e-01,6.636030731201171875e+02,1.878445196198299527e-01
6.119999885559082031e-01,6.633769226074218750e+02,1.878779422841034830e-01
6.121000051498413086e-01,6.631509094238281250e+02,1.879113648901693523e-01
6.122000217437744141e-01,6.629250183105468750e+02,1.879447725368663669e-01
6.122999787330627441e-01,6.626992797851562500e+02,1.879781950265169144e-01
6.123999953269958496e-01,6.624736175537109375e+02,1.880116025859024376e-01
6.125000119209289551e-01,6.622481231689453125e+02,1.880450249882414937e-01
6.126000285148620605e-01,6.620227355957031250e+02,1.880784324312116951e-01
6.126999855041503906e-01,6.617974700927734375e+02,1.881118398159742355e-01
6.128000020980834961e-01,6.615723571777343750e+02,1.881452620727941394e-01
6.129000186920166016e-01,6.613473968505859375e+02,1.881786693411413580e-01
6.129999756813049316e-01,6.611225280761718750e+02,1.882120765803847462e-01
6.130999922752380371e-01,6.608978118896484375e+02,1.882454837905243039e-01
6.132000088691711426e-01,6.606732025146484375e+02,1.882788909133523703e-01
6.133000254631042480e-01,6.604487152099609375e+02,1.883122980070766062e-01
6.133999824523925781e-01,6.602243499755859375e+02,1.883457050425931811e-01
6.134999990463256836e-01,6.600001373291015625e+02,1.883791120199020952e-01
6.136000156402587891e-01,6.597760467529296875e+02,1.884125189681071788e-01
6.136999726295471191e-01,6.595520935058593750e+02,1.884459109569434077e-01
6.137999892234802246e-01,6.593282623291015625e+02,1.884793177887331694e-01
6.139000058174133301e-01,6.591045379638671875e+02,1.885127245623152703e-01
6.140000224113464355e-01,6.588809509277343750e+02,1.885461163765285164e-01
6.140999794006347656e-01,6.586575012207031250e+02,1.885795230627991259e-01
6.141999959945678711e-01,6.584341888427734375e+02,1.886129147897008806e-01
6.143000125885009766e-01,6.582109832763671875e+02,1.886463064583949745e-01
6.144000291824340820e-01,6.579879150390625000e+02,1.886797129991464317e-01
6.144999861717224121e-01,6.577649536132812500e+02,1.887131045805290341e-01
6.146000027656555176e-01,6.575421295166015625e+02,1.887464961037039757e-01
6.147000193595886230e-01,6.573194427490234375e+02,1.887798875686712563e-01
6.147999763488769531e-01,6.570968627929687500e+02,1.888132939056959003e-01
6.148999929428100586e-01,6.568744201660156250e+02,1.888466852833516896e-01
6.150000095367431641e-01,6.566521453857421875e+02,1.888800766027998179e-01
6.151000261306762695e-01,6.564299621582031250e+02,1.889134529628790915e-01
6.151999831199645996e-01,6.562078857421875000e+02,1.889468441950157285e-01
6.152999997138977051e-01,6.559859771728515625e+02,1.889802353689447045e-01
6.154000163078308105e-01,6.557641448974609375e+02,1.890136264846660197e-01
6.154999732971191406e-01,6.555424652099609375e+02,1.890470175421796739e-01
6.155999898910522461e-01,6.553209075927734375e+02,1.890803936694283038e-01
6.157000064849853516e-01,6.550994873046875000e+02,1.891137846396304667e-01
6.158000230789184570e-01,6.548781738281250000e+02,1.891471606504637748e-01
6.158999800682067871e-01,6.546569976806640625e+02,1.891805515333544463e-01
6.159999966621398926e-01,6.544359741210937500e+02,1.892139274568762630e-01
6.161000132560729980e-01,6.542150268554687500e+02,1.892473182233516127e-01
6.161999702453613281e-01,6.539942169189453125e+02,1.892806940304581076e-01
6.162999868392944336e-01,6.537735748291015625e+02,1.893140698084607720e-01
6.164000034332275391e-01,6.535530242919921875e+02,1.893474455282557756e-01
6.165000200271606445e-01,6.533325958251953125e+02,1.893808211898431182e-01
6.165999770164489746e-01,6.531122741699218750e+02,1.894141967932227999e-01
6.166999936103820801e-01,6.528921203613281250e+02,1.894475723674986511e-01
6.168000102043151855e-01,6.526721038818359375e+02,1.894809478835668415e-01
6.169000267982482910e-01,6.524521789550781250e+02,1.895143233705312014e-01
6.169999837875366211e-01,6.522323608398437500e+02,1.895476987701840699e-01
6.171000003814697266e-01,6.520126953125000000e+02,1.895810741407331079e-01
6.172000169754028320e-01,6.517931365966796875e+02,1.896144494530744851e-01
6.172999739646911621e-01,6.515736999511718750e+02,1.896478098351508379e-01
6.173999905586242676e-01,6.513544311523437500e+02,1.896811850601807237e-01
6.175000071525573730e-01,6.511352386474609375e+02,1.897145453258417547e-01
6.176000237464904785e-01,6.509161987304687500e+02,1.897479204344563186e-01
6.176999807357788086e-01,6.506972808837890625e+02,1.897812806128058583e-01
6.177999973297119141e-01,6.504784851074218750e+02,1.898146556341089308e-01
6.179000139236450195e-01,6.502597961425781250e+02,1.898480156960431486e-01
6.179999709129333496e-01,6.500412597656250000e+02,1.898813757288735360e-01
6.180999875068664551e-01,6.498228454589843750e+02,1.899147357034962624e-01
6.182000041007995605e-01,6.496045379638671875e+02,1.899480956199113280e-01
6.183000206947326660e-01,6.493863677978515625e+02,1.899814554781187326e-01
6.183999776840209961e-01,6.491682891845703125e+02,1.900148153072223067e-01
6.184999942779541016e-01,6.489503784179687500e+02,1.900481750781182200e-01
6.186000108718872070e-01,6.487325592041015625e+02,1.900815347908064723e-01
6.187000274658203125e-01,6.485149078369140625e+02,1.901148944743908942e-01
6.187999844551086426e-01,6.482973022460937500e+02,1.901482540997676551e-01
6.189000010490417480e-01,6.480798950195312500e+02,1.901816136669367552e-01
6.190000176429748535e-01,6.478625640869140625e+02,1.902149583038408309e-01
6.190999746322631836e-01,6.476453552246093750e+02,1.902483177836984396e-01
6.191999912261962891e-01,6.474282989501953125e+02,1.902816623041871935e-01
6.193000078201293945e-01,6.472113494873046875e+02,1.903150216967333108e-01
6.194000244140625000e-01,6.469945220947265625e+02,1.903483661299105734e-01
6.194999814033508301e-01,6.467778472900390625e+02,1.903817254060413688e-01
6.195999979972839355e-01,6.465612945556640625e+02,1.904150697228033096e-01
6.197000145912170410e-01,6.463448181152343750e+02,1.904484140104614198e-01
6.197999715805053711e-01,6.461285247802734375e+02,1.904817731410730630e-01
6.198999881744384766e-01,6.459123077392578125e+02,1.905151173414196819e-01
6.200000047683715820e-01,6.456962127685546875e+02,1.905484614835586399e-01
6.201000213623046875e-01,6.454802398681640625e+02,1.905818055674899369e-01
6.201999783515930176e-01,6.452643890380859375e+02,1.906151495932135731e-01
6.202999949455261230e-01,6.450486755371093750e+02,1.906484935898333788e-01
6.204000115394592285e-01,6.448330841064453125e+02,1.906818375282455236e-01
6.205000281333923340e-01,6.446176147460937500e+02,1.907151665363926440e-01
6.205999851226806641e-01,6.444022827148437500e+02,1.907485103583894670e-01
6.207000017166137695e-01,6.441870422363281250e+02,1.907818541512824595e-01
6.208000183105468750e-01,6.439719390869140625e+02,1.908151830139104277e-01
6.208999752998352051e-01,6.437569427490234375e+02,1.908485266903880984e-01
6.209999918937683105e-01,6.435420837402343750e+02,1.908818554657045752e-01
6.211000084877014160e-01,6.433273315429687500e+02,1.909151990548707545e-01
6.212000250816345215e-01,6.431127166748046875e+02,1.909485277137719095e-01
6.212999820709228516e-01,6.428982238769531250e+02,1.909818712156265974e-01
6.213999986648559570e-01,6.426838684082031250e+02,1.910151997581124306e-01
6.215000152587890625e-01,6.424695892333984375e+02,1.910485282714944333e-01
6.215999722480773926e-01,6.422554321289062500e+02,1.910818567266687751e-01
6.216999888420104980e-01,6.420414276123046875e+02,1.911151851527392864e-01
6.218000054359436035e-01,6.418275299072265625e+02,1.911485134914983064e-01
6.219000220298767090e-01,6.416137695312500000e+02,1.911818418011534959e-01
6.219999790191650391e-01,6.414001159667968750e+02,1.912151700817048550e-01
6.220999956130981445e-01,6.411865997314453125e+02,1.912484983040485531e-01
6.222000122070312500e-01,6.409732055664062500e+02,1.912818264681845903e-01
6.223000288009643555e-01,6.407598876953125000e+02,1.913151545741129667e-01
6.223999857902526855e-01,6.405467224121093750e+02,1.913484677497763187e-01
6.225000023841857910e-01,6.403336639404296875e+02,1.913817957683932036e-01
6.226000189781188965e-01,6.401207275390625000e+02,1.914151237579062581e-01
6.226999759674072266e-01,6.399079437255859375e+02,1.914484367880504578e-01
6.227999925613403320e-01,6.396952819824218750e+02,1.914817646611481905e-01
6.229000091552734375e-01,6.394826965332031250e+02,1.915150776039808989e-01
6.230000257492065430e-01,6.392702178955078125e+02,1.915483904886059463e-01
6.230999827384948730e-01,6.390578918457031250e+02,1.915817182161845267e-01
6.231999993324279785e-01,6.388456878662109375e+02,1.916150310134980828e-01
6.233000159263610840e-01,6.386336364746093750e+02,1.916483437526039779e-01
6.233999729156494141e-01,6.384216613769531250e+02,1.916816564335022122e-01
6.234999895095825195e-01,6.382097930908203125e+02,1.917149690852966160e-01
6.236000061035156250e-01,6.379980773925781250e+02,1.917482816788833588e-01
6.237000226974487305e-01,6.377864532470703125e+02,1.917815942433662713e-01
6.237999796867370605e-01,6.375749816894531250e+02,1.918149067496415228e-01
6.238999962806701660e-01,6.373636169433593750e+02,1.918482191977091134e-01
6.240000128746032715e-01,6.371523284912109375e+02,1.918815315875690430e-01
6.241000294685363770e-01,6.369412231445312500e+02,1.919148290471639484e-01
6.241999864578247070e-01,6.367302093505859375e+02,1.919481413788162172e-01
6.243000030517578125e-01,6.365193023681640625e+02,1.919814536522608250e-01
6.244000196456909180e-01,6.363085479736328125e+02,1.920147509663365781e-01
6.244999766349792480e-01,6.360978698730468750e+02,1.920480631233658642e-01
6.245999932289123535e-01,6.358873138427734375e+02,1.920813603501301259e-01
6.247000098228454590e-01,6.356769104003906250e+02,1.921146575186867267e-01
6.248000264167785645e-01,6.354666137695312500e+02,1.921479695593006909e-01
6.248999834060668945e-01,6.352564392089843750e+02,1.921812666405458003e-01
6.250000000000000000e-01,6.350463714599609375e+02,1.922145636635832489e-01
6.251000165939331055e-01,6.348363800048828125e+02,1.922478606575168669e-01
6.251999735832214355e-01,6.346265869140625000e+02,1.922811575932428241e-01
6.252999901771545410e-01,6.344169006347656250e+02,1.923144544707611203e-01
6.254000067710876465e-01,6.342072906494140625e+02,1.923477513191755861e-01
6.255000233650207520e-01,6.339978027343750000e+02,1.923810481384862214e-01
6.255999803543090820e-01,6.337884521484375000e+02,1.924143448704853654e-01
6.256999969482421875e-01,6.335792236328125000e+02,1.924476415733806789e-01
6.258000135421752930e-01,6.333701171875000000e+02,1.924809382471721619e-01
6.258999705314636230e-01,6.331610870361328125e+02,1.925142199324909598e-01
6.259999871253967285e-01,6.329521942138671875e+02,1.925475165189709514e-01
6.261000037193298340e-01,6.327434234619140625e+02,1.925808130181394517e-01
6.262000203132629395e-01,6.325348052978515625e+02,1.926140945870429277e-01
6.262999773025512695e-01,6.323262634277343750e+02,1.926473761268425733e-01
6.263999938964843750e-01,6.321178436279296875e+02,1.926806724804919213e-01
6.265000104904174805e-01,6.319095306396484375e+02,1.927139539329800755e-01
6.266000270843505859e-01,6.317013244628906250e+02,1.927472352981567383e-01
6.266999840736389160e-01,6.314932861328125000e+02,1.927805315353907645e-01
6.268000006675720215e-01,6.312853393554687500e+02,1.928138128423597664e-01
6.269000172615051270e-01,6.310775146484375000e+02,1.928470940620172769e-01
6.269999742507934570e-01,6.308698120117187500e+02,1.928803752816747874e-01
6.270999908447265625e-01,6.306622161865234375e+02,1.929136564140208066e-01
6.272000074386596680e-01,6.304547119140625000e+02,1.929469375172629952e-01
6.273000240325927734e-01,6.302473449707031250e+02,1.929802185914013535e-01
6.273999810218811035e-01,6.300400848388671875e+02,1.930134995782282203e-01
6.274999976158142090e-01,6.298329772949218750e+02,1.930467656638938934e-01
6.276000142097473145e-01,6.296259613037109375e+02,1.930800465634092689e-01
6.276999711990356445e-01,6.294190521240234375e+02,1.931133274338208139e-01
6.277999877929687500e-01,6.292122650146484375e+02,1.931465933739673346e-01
6.279000043869018555e-01,6.290055694580078125e+02,1.931798741279635578e-01
6.280000209808349609e-01,6.287990417480468750e+02,1.932131399807985872e-01
6.280999779701232910e-01,6.285926208496093750e+02,1.932464206474833190e-01
6.281999945640563965e-01,6.283862762451171875e+02,1.932796864130068570e-01
6.283000111579895020e-01,6.281800537109375000e+02,1.933129520912189037e-01
6.284000277519226074e-01,6.279739685058593750e+02,1.933462326414883137e-01
6.284999847412109375e-01,6.277680053710937500e+02,1.933794982323888689e-01
6.286000013351440430e-01,6.275621490478515625e+02,1.934127637941855937e-01
6.287000179290771484e-01,6.273564147949218750e+02,1.934460292977746576e-01
6.287999749183654785e-01,6.271507568359375000e+02,1.934792947722598910e-01
6.288999915122985840e-01,6.269452667236328125e+02,1.935125601885374635e-01
6.290000081062316895e-01,6.267398376464843750e+02,1.935458255466073751e-01
6.291000247001647949e-01,6.265345764160156250e+02,1.935790908755734563e-01
6.291999816894531250e-01,6.263294067382812500e+02,1.936123561754357070e-01
6.292999982833862305e-01,6.261243438720703125e+02,1.936456213879864663e-01
6.294000148773193359e-01,6.259194335937500000e+02,1.936788716993760318e-01
6.294999718666076660e-01,6.257145690917968750e+02,1.937121368246152997e-01
6.295999884605407715e-01,6.255098724365234375e+02,1.937453870195895433e-01
6.297000050544738770e-01,6.253052978515625000e+02,1.937786520866211504e-01
6.298000216484069824e-01,6.251007995605468750e+02,1.938119021942839026e-01
6.298999786376953125e-01,6.248964233398437500e+02,1.938451671449001878e-01
6.299999952316284180e-01,6.246921844482421875e+02,1.938784171652514488e-01
6.301000118255615234e-01,6.244880371093750000e+02,1.939116671273950487e-01
6.302000284194946289e-01,6.242840118408203125e+02,1.939449319615960121e-01
6.302999854087829590e-01,6.240801239013671875e+02,1.939781818364281207e-01
6.304000020027160645e-01,6.238762969970703125e+02,1.940114316530525684e-01
6.305000185966491699e-01,6.236726226806640625e+02,1.940446814405731857e-01
6.305999755859375000e-01,6.234690399169921875e+02,1.940779311989899725e-01
6.306999921798706055e-01,6.232655944824218750e+02,1.941111808991990983e-01
6.308000087738037109e-01,6.230622558593750000e+02,1.941444305412005633e-01
6.309000253677368164e-01,6.228590240478515625e+02,1.941776801395462826e-01
6.309999823570251465e-01,6.226559143066406250e+02,1.942109297087881714e-01
6.310999989509582520e-01,6.224529266357421875e+02,1.942441643186612055e-01
6.312000155448913574e-01,6.222500305175781250e+02,1.942774137860396877e-01
6.312999725341796875e-01,6.220472717285156250e+02,1.943106632097624242e-01
6.313999891281127930e-01,6.218445739746093750e+02,1.943438976886682212e-01
6.315000057220458984e-01,6.216420288085937500e+02,1.943771470250794664e-01
6.316000223159790039e-01,6.214396209716796875e+02,1.944103814166737720e-01
6.316999793052673340e-01,6.212372894287109375e+02,1.944436306657735258e-01
6.317999958992004395e-01,6.210350494384765625e+02,1.944768649555044249e-01
6.319000124931335449e-01,6.208329620361328125e+02,1.945100992161314934e-01
6.320000290870666504e-01,6.206309967041015625e+02,1.945433334185509011e-01
6.320999860763549805e-01,6.204291229248046875e+02,1.945765824930276722e-01
6.322000026702880859e-01,6.202273254394531250e+02,1.946098166081355885e-01
6.323000192642211914e-01,6.200257110595703125e+02,1.946430506795877591e-01
6.323999762535095215e-01,6.198241729736328125e+02,1.946762847219360992e-01
6.324999928474426270e-01,6.196227111816406250e+02,1.947095187060767785e-01
6.326000094413757324e-01,6.194214324951171875e+02,1.947427526465617120e-01
6.327000260353088379e-01,6.192202148437500000e+02,1.947759716422297060e-01
6.327999830245971680e-01,6.190191345214843750e+02,1.948092054954031482e-01
6.328999996185302734e-01,6.188181457519531250e+02,1.948424393049208447e-01
6.330000162124633789e-01,6.186173095703125000e+02,1.948756730562308803e-01
6.330999732017517090e-01,6.184165496826171875e+02,1.949088918772758916e-01
6.331999897956848145e-01,6.182159118652343750e+02,1.949421255558263510e-01
6.333000063896179199e-01,6.180153808593750000e+02,1.949753442750079557e-01
6.334000229835510254e-01,6.178149871826171875e+02,1.950085778662469238e-01
6.334999799728393555e-01,6.176146392822265625e+02,1.950417964981170371e-01
6.335999965667724609e-01,6.174144744873046875e+02,1.950750151008833200e-01
6.337000131607055664e-01,6.172143859863281250e+02,1.951082485466031358e-01
6.338000297546386719e-01,6.170143737792968750e+02,1.951414670620579273e-01
6.338999867439270020e-01,6.168145446777343750e+02,1.951746855193050578e-01
6.340000033378601074e-01,6.166147766113281250e+02,1.952079039328964427e-01
6.341000199317932129e-01,6.164151458740234375e+02,1.952411223173839971e-01
6.341999769210815430e-01,6.162156066894531250e+02,1.952743406436638907e-01
6.342999935150146484e-01,6.160161895751953125e+02,1.953075589262880385e-01
6.344000101089477539e-01,6.158169097900390625e+02,1.953407771652564406e-01
6.345000267028808594e-01,6.156177062988281250e+02,1.953739953605690971e-01
6.345999836921691895e-01,6.154186096191406250e+02,1.954072135122260079e-01
6.347000002861022949e-01,6.152196350097656250e+02,1.954404316347790882e-01
6.348000168800354004e-01,6.150207366943359375e+02,1.954736347979633138e-01
6.348999738693237305e-01,6.148220214843750000e+02,1.955068528186529875e-01
6.349999904632568359e-01,6.146233673095703125e+02,1.955400558945257217e-01
6.351000070571899414e-01,6.144248352050781250e+02,1.955732738279039040e-01
6.352000236511230469e-01,6.142264099121093750e+02,1.956064768164651468e-01
6.352999806404113770e-01,6.140280914306640625e+02,1.956396946625318378e-01
6.353999972343444824e-01,6.138298950195312500e+02,1.956728975637815893e-01
6.355000138282775879e-01,6.136317749023437500e+02,1.957061004213755950e-01
6.355999708175659180e-01,6.134338226318359375e+02,1.957393181364750490e-01
6.356999874114990234e-01,6.132359466552734375e+02,1.957725209067575634e-01
6.358000040054321289e-01,6.130381622314453125e+02,1.958057236333843321e-01
6.359000205993652344e-01,6.128404998779296875e+02,1.958389263163553551e-01
6.359999775886535645e-01,6.126429595947265625e+02,1.958721289556706324e-01
6.360999941825866699e-01,6.124455261230468750e+02,1.959053315513301641e-01
6.362000107765197754e-01,6.122481842041015625e+02,1.959385341033339500e-01
6.363000273704528809e-01,6.120509948730468750e+02,1.959717366116819903e-01
6.363999843597412109e-01,6.118538665771484375e+02,1.960049241752130911e-01
6.365000009536743164e-01,6.116568450927734375e+02,1.960381265962496400e-01
6.366000175476074219e-01,6.114599761962890625e+02,1.960713289736304432e-01
6.366999745368957520e-01,6.112631988525390625e+02,1.961045164061943069e-01
6.367999911308288574e-01,6.110665130615234375e+02,1.961377186962636188e-01
6.369000077247619629e-01,6.108699645996093750e+02,1.961709209426771849e-01
6.370000243186950684e-01,6.106734924316406250e+02,1.962041082588257268e-01
6.370999813079833984e-01,6.104771575927734375e+02,1.962372955167666078e-01
6.371999979019165039e-01,6.102809143066406250e+02,1.962704976322129369e-01
6.373000144958496094e-01,6.100847625732421875e+02,1.963036848028423265e-01
6.373999714851379395e-01,6.098887329101562500e+02,1.963368719443678856e-01
6.374999880790710449e-01,6.096928100585937500e+02,1.963700590276857838e-01
6.376000046730041504e-01,6.094970245361328125e+02,1.964032609685091302e-01
6.377000212669372559e-01,6.093013305664062500e+02,1.964364479790674523e-01
6.377999782562255859e-01,6.091057586669921875e+02,1.964696349314181134e-01
6.378999948501586914e-01,6.089102783203125000e+02,1.965028218546649441e-01
6.380000114440917969e-01,6.087148742675781250e+02,1.965360087197041139e-01
6.381000280380249023e-01,6.085196380615234375e+02,1.965691806544782594e-01
6.381999850273132324e-01,6.083244476318359375e+02,1.966023674467578530e-01
6.383000016212463379e-01,6.081293945312500000e+02,1.966355541808297858e-01
6.384000182151794434e-01,6.079344635009765625e+02,1.966687408857978880e-01
6.384999752044677734e-01,6.077396392822265625e+02,1.967019126459490508e-01
6.385999917984008789e-01,6.075448760986328125e+02,1.967350992636056617e-01
6.387000083923339844e-01,6.073502349853515625e+02,1.967682709364453331e-01
6.388000249862670898e-01,6.071557617187500000e+02,1.968014574667904526e-01
6.388999819755554199e-01,6.069613494873046875e+02,1.968346290523186326e-01
6.389999985694885254e-01,6.067670288085937500e+02,1.968678154953522608e-01
6.391000151634216309e-01,6.065728607177734375e+02,1.969009869935689494e-01
6.391999721527099609e-01,6.063787536621093750e+02,1.969341584626818076e-01
6.392999887466430664e-01,6.061847686767578125e+02,1.969673298735870048e-01
6.394000053405761719e-01,6.059909210205078125e+02,1.970005161565495655e-01
6.395000219345092773e-01,6.057971496582031250e+02,1.970336874801432714e-01
6.395999789237976074e-01,6.056034545898437500e+02,1.970668587746331468e-01
6.396999955177307129e-01,6.054099121093750000e+02,1.971000300254672766e-01
6.398000121116638184e-01,6.052164916992187500e+02,1.971332012180937454e-01
6.399000287055969238e-01,6.050231170654296875e+02,1.971663723816163838e-01
6.399999856948852539e-01,6.048298950195312500e+02,1.971995286003220826e-01
6.401000022888183594e-01,6.046367797851562500e+02,1.972326996910851449e-01
6.402000188827514648e-01,6.044437408447265625e+02,1.972658707236405462e-01
6.402999758720397949e-01,6.042508392333984375e+02,1.972990417125402018e-01
6.403999924659729004e-01,6.040580444335937500e+02,1.973321977566229180e-01
6.405000090599060059e-01,6.038653259277343750e+02,1.973653686727629974e-01
6.406000256538391113e-01,6.036727142333984375e+02,1.973985246440861374e-01
6.406999826431274414e-01,6.034802093505859375e+02,1.974316954583628103e-01
6.407999992370605469e-01,6.032878570556640625e+02,1.974648513423744589e-01
6.409000158309936523e-01,6.030955657958984375e+02,1.974980071827303618e-01
6.409999728202819824e-01,6.029033813476562500e+02,1.975311778805917129e-01
6.410999894142150879e-01,6.027113189697265625e+02,1.975643336336361244e-01
6.412000060081481934e-01,6.025193328857421875e+02,1.975974893430247903e-01
6.413000226020812988e-01,6.023275146484375000e+02,1.976306450233096257e-01
6.413999795913696289e-01,6.021357269287109375e+02,1.976638006453868002e-01
6.414999961853027344e-01,6.019440917968750000e+02,1.976969562383601442e-01
6.416000127792358398e-01,6.017525634765625000e+02,1.977301117876777425e-01
6.417000293731689453e-01,6.015611114501953125e+02,1.977632672933395952e-01
6.417999863624572754e-01,6.013697662353515625e+02,1.977964227553457022e-01
6.419000029563903809e-01,6.011785583496093750e+02,1.978295781736960635e-01
6.420000195503234863e-01,6.009874267578125000e+02,1.978627335483906791e-01
6.420999765396118164e-01,6.007964172363281250e+02,1.978958739928202704e-01
6.421999931335449219e-01,6.006054687500000000e+02,1.979290292802033946e-01
6.423000097274780273e-01,6.004146575927734375e+02,1.979621696373214945e-01
6.424000263214111328e-01,6.002239685058593750e+02,1.979953248519450426e-01
6.424999833106994629e-01,6.000333709716796875e+02,1.980284651217516512e-01
6.425999999046325684e-01,5.998428497314453125e+02,1.980616202490637079e-01
6.427000164985656738e-01,5.996524810791015625e+02,1.980947604315588251e-01
6.427999734878540039e-01,5.994621734619140625e+02,1.981279154861113057e-01
6.428999900817871094e-01,5.992720184326171875e+02,1.981610555812949315e-01
6.430000066757202148e-01,5.990819244384765625e+02,1.981941956473747268e-01
6.431000232696533203e-01,5.988919219970703125e+02,1.982273356697987765e-01
6.431999802589416504e-01,5.987020721435546875e+02,1.982604756485670805e-01
6.432999968528747559e-01,5.985122833251953125e+02,1.982936155836796388e-01
6.434000134468078613e-01,5.983226165771484375e+02,1.983267554896883667e-01
6.434999704360961914e-01,5.981330718994140625e+02,1.983598953374894336e-01
6.435999870300292969e-01,5.979435882568359375e+02,1.983930351561866701e-01
6.437000036239624023e-01,5.977542266845703125e+02,1.984261749312281609e-01
6.438000202178955078e-01,5.975649871826171875e+02,1.984593146626139060e-01
6.438999772071838379e-01,5.973758697509765625e+02,1.984924543503439054e-01
6.439999938011169434e-01,5.971867828369140625e+02,1.985255791078088805e-01
6.441000103950500488e-01,5.969978790283203125e+02,1.985587187082273886e-01
6.442000269889831543e-01,5.968090057373046875e+02,1.985918433783808723e-01
6.442999839782714844e-01,5.966202850341796875e+02,1.986249829060398042e-01
6.444000005722045898e-01,5.964316558837890625e+02,1.986581074888817966e-01
6.445000171661376953e-01,5.962431182861328125e+02,1.986912469292292371e-01
6.445999741554260254e-01,5.960546722412109375e+02,1.987243714393116534e-01
6.446999907493591309e-01,5.958663787841796875e+02,1.987575108068995178e-01
6.448000073432922363e-01,5.956781463623046875e+02,1.987906352296704426e-01
6.449000239372253418e-01,5.954900207519531250e+02,1.988237596087856218e-01
6.449999809265136719e-01,5.953020172119140625e+02,1.988568839442450553e-01
6.450999975204467773e-01,5.951141052246093750e+02,1.988900082506006584e-01
6.452000141143798828e-01,5.949263000488281250e+02,1.989231324987486005e-01
6.452999711036682129e-01,5.947386016845703125e+02,1.989562567177927122e-01
6.453999876976013184e-01,5.945509796142578125e+02,1.989893808931810781e-01
6.455000042915344238e-01,5.943634643554687500e+02,1.990225050394656137e-01
6.456000208854675293e-01,5.941760559082031250e+02,1.990556291275424883e-01
6.456999778747558594e-01,5.939887542724609375e+02,1.990887531865155324e-01
6.457999944686889648e-01,5.938015594482421875e+02,1.991218623006716371e-01
6.459000110626220703e-01,5.936144714355468750e+02,1.991549862723331898e-01
6.460000276565551758e-01,5.934274597167968750e+02,1.991881102003389969e-01
6.460999846458435059e-01,5.932405700683593750e+02,1.992212191980797797e-01
6.462000012397766113e-01,5.930538024902343750e+02,1.992543430533260107e-01
6.463000178337097168e-01,5.928670959472656250e+02,1.992874519637553021e-01
6.463999748229980469e-01,5.926805114746093750e+02,1.993205757316900417e-01
6.464999914169311523e-01,5.924940185546875000e+02,1.993536845693597570e-01
6.466000080108642578e-01,5.923076019287109375e+02,1.993867933633737266e-01
6.467000246047973633e-01,5.921213684082031250e+02,1.994199170148931444e-01
6.467999815940856934e-01,5.919351348876953125e+02,1.994530257215956226e-01
6.468999981880187988e-01,5.917490692138671875e+02,1.994861343846423551e-01
6.470000147819519043e-01,5.915631103515625000e+02,1.995192430185852572e-01
6.470999717712402344e-01,5.913771820068359375e+02,1.995523516088724136e-01
6.471999883651733398e-01,5.911914367675781250e+02,1.995854601555038244e-01
6.473000049591064453e-01,5.910057678222656250e+02,1.996185686584794894e-01
6.474000215530395508e-01,5.908201599121093750e+02,1.996516771323513240e-01
6.474999785423278809e-01,5.906347045898437500e+02,1.996847855625674129e-01
6.475999951362609863e-01,5.904493103027343750e+02,1.997178939491277561e-01
6.477000117301940918e-01,5.902640228271484375e+02,1.997509874054230750e-01
6.478000283241271973e-01,5.900788421630859375e+02,1.997840957046719268e-01
6.478999853134155273e-01,5.898937988281250000e+02,1.998172039748169482e-01
6.480000019073486328e-01,5.897088317871093750e+02,1.998502973001450300e-01
6.481000185012817383e-01,5.895239257812500000e+02,1.998834054975304753e-01
6.481999754905700684e-01,5.893391418457031250e+02,1.999164987355470657e-01
6.482999920845031738e-01,5.891544799804687500e+02,1.999496068456210196e-01
6.484000086784362793e-01,5.889699096679687500e+02,1.999827000254299492e-01
6.485000252723693848e-01,5.887854309082031250e+02,2.000157931470312178e-01
6.485999822616577148e-01,5.886010589599609375e+02,2.000488862395286560e-01
6.486999988555908203e-01,5.884167633056640625e+02,2.000819941895315424e-01
6.488000154495239258e-01,5.882325897216796875e+02,2.001150871947174892e-01
6.488999724388122559e-01,5.880485076904296875e+02,2.001481801707996055e-01
6.489999890327453613e-01,5.878645477294921875e+02,2.001812731032259762e-01
6.491000056266784668e-01,5.876806640625000000e+02,2.002143659919966012e-01
6.492000222206115723e-01,5.874968719482421875e+02,2.002474588371114805e-01
6.492999792098999023e-01,5.873132171630859375e+02,2.002805516531225294e-01
6.493999958038330078e-01,5.871296234130859375e+02,2.003136444254778326e-01
6.495000123977661133e-01,5.869461364746093750e+02,2.003467371687293053e-01
6.496000289916992188e-01,5.867627716064453125e+02,2.003798149526119232e-01
6.496999859809875488e-01,5.865794830322265625e+02,2.004129076085519046e-01
6.498000025749206543e-01,5.863962860107421875e+02,2.004460002208361402e-01
6.499000191688537598e-01,5.862131958007812500e+02,2.004790779028553516e-01
6.499999761581420898e-01,5.860302276611328125e+02,2.005121704423800111e-01
6.500999927520751953e-01,5.858473358154296875e+02,2.005452480370877311e-01
6.502000093460083008e-01,5.856645355224609375e+02,2.005783404893008992e-01
6.503000259399414062e-01,5.854818725585937500e+02,2.006114180112490430e-01
6.503999829292297363e-01,5.852992553710937500e+02,2.006444954895414412e-01
6.504999995231628418e-01,5.851167755126953125e+02,2.006775878253392875e-01
6.506000161170959473e-01,5.849343566894531250e+02,2.007106652308721095e-01
6.506999731063842773e-01,5.847520904541015625e+02,2.007437425927491859e-01
6.507999897003173828e-01,5.845698852539062500e+02,2.007768199109705165e-01
6.509000062942504883e-01,5.843877868652343750e+02,2.008098971855361015e-01
6.510000228881835938e-01,5.842057952880859375e+02,2.008429744309978560e-01
6.510999798774719238e-01,5.840238647460937500e+02,2.008760516473557800e-01
6.511999964714050293e-01,5.838420867919921875e+02,2.009091288055060431e-01
6.513000130653381348e-01,5.836603698730468750e+02,2.009422059345524758e-01
6.514000296592712402e-01,5.834787597656250000e+02,2.009752830199431628e-01
6.514999866485595703e-01,5.832972412109375000e+02,2.010083600762300193e-01
6.516000032424926758e-01,5.831158447265625000e+02,2.010414221731480211e-01
6.517000198364257812e-01,5.829345397949218750e+02,2.010744991566753015e-01
6.517999768257141113e-01,5.827533111572265625e+02,2.011075760819949210e-01
6.518999934196472168e-01,5.825721588134765625e+02,2.011406380770495161e-01
6.520000100135803223e-01,5.823911590576171875e+02,2.011737149296095595e-01
6.521000266075134277e-01,5.822102050781250000e+02,2.012067768519045785e-01
6.521999835968017578e-01,5.820293884277343750e+02,2.012398536317050457e-01
6.523000001907348633e-01,5.818486480712890625e+02,2.012729154666885734e-01
6.524000167846679688e-01,5.816680145263671875e+02,2.013059772580163553e-01
6.524999737739562988e-01,5.814875030517578125e+02,2.013390539214015007e-01
6.525999903678894043e-01,5.813070373535156250e+02,2.013721156545216218e-01
6.527000069618225098e-01,5.811267089843750000e+02,2.014051773294340819e-01
6.528000235557556152e-01,5.809464416503906250e+02,2.014382389752427116e-01
6.528999805450439453e-01,5.807662963867187500e+02,2.014713005919475108e-01
6.529999971389770508e-01,5.805862426757812500e+02,2.015043621504446492e-01
6.531000137329101562e-01,5.804062805175781250e+02,2.015374236798379570e-01
6.531999707221984863e-01,5.802264404296875000e+02,2.015704851801274344e-01
6.532999873161315918e-01,5.800466613769531250e+02,2.016035466367611662e-01
6.534000039100646973e-01,5.798669891357421875e+02,2.016366080497391522e-01
6.535000205039978027e-01,5.796874084472656250e+02,2.016696545179001987e-01
6.535999774932861328e-01,5.795079498291015625e+02,2.017027158581186086e-01
6.536999940872192383e-01,5.793282928466796875e+02,2.017357623408315703e-01
6.538000106811523438e-01,5.791483917236328125e+02,2.017688088963041082e-01
6.539000272750854492e-01,5.789686584472656250e+02,2.018018255912465975e-01
6.539999842643737793e-01,5.787891235351562500e+02,2.018348422134295106e-01
6.541000008583068848e-01,5.786098632812500000e+02,2.018678438471397385e-01
6.542000174522399902e-01,5.784307556152343750e+02,2.019008454226423055e-01
6.542999744415283203e-01,5.782518615722656250e+02,2.019338469253852963e-01
6.543999910354614258e-01,5.780730895996093750e+02,2.019668483844725415e-01
6.545000076293945312e-01,5.778944549560546875e+02,2.019998497999040410e-01
6.546000242233276367e-01,5.777159729003906250e+02,2.020328362559666857e-01
6.546999812126159668e-01,5.775375671386718750e+02,2.020658226683735847e-01
6.547999978065490723e-01,5.773592987060546875e+02,2.020988239528378472e-01
6.549000144004821777e-01,5.771811218261718750e+02,2.021318102779332548e-01
6.549999713897705078e-01,5.770030212402343750e+02,2.021647965884767473e-01
6.550999879837036133e-01,5.768250427246093750e+02,2.021977828408125788e-01
6.552000045776367188e-01,5.766471557617187500e+02,2.022307690640445799e-01
6.553000211715698242e-01,5.764693756103515625e+02,2.022637552436208352e-01
6.553999781608581543e-01,5.762916717529296875e+02,2.022967413795413449e-01
6.554999947547912598e-01,5.761140899658203125e+02,2.023297274863580242e-01
6.556000113487243652e-01,5.759365539550781250e+02,2.023626986629096791e-01
6.557000279426574707e-01,5.757591552734375000e+02,2.023956846969667822e-01
6.557999849319458008e-01,5.755818481445312500e+02,2.024286706873681396e-01
6.559000015258789062e-01,5.754046020507812500e+02,2.024616417475044727e-01
6.560000181198120117e-01,5.752274475097656250e+02,2.024946276651462540e-01
6.560999751091003418e-01,5.750503997802734375e+02,2.025276135536842048e-01
6.561999917030334473e-01,5.748734588623046875e+02,2.025605844974052161e-01
6.563000082969665527e-01,5.746966094970703125e+02,2.025935554120223969e-01
6.564000248908996582e-01,5.745198211669921875e+02,2.026265411841450259e-01
6.564999818801879883e-01,5.743431701660156250e+02,2.026595120114507154e-01
6.565999984741210938e-01,5.741665954589843750e+02,2.026924828096525744e-01
6.567000150680541992e-01,5.739900970458984375e+02,2.027254684799117967e-01
6.567999720573425293e-01,5.738137054443359375e+02,2.027584392053540796e-01
6.568999886512756348e-01,5.736374206542968750e+02,2.027914098871406168e-01
6.570000052452087402e-01,5.734614410400390625e+02,2.028243803797522560e-01
6.571000218391418457e-01,5.732856445312500000e+02,2.028573507996043190e-01
6.571999788284301758e-01,5.731099548339843750e+02,2.028903211758006364e-01
6.572999954223632812e-01,5.729343719482421875e+02,2.029232766071800143e-01
6.574000120162963867e-01,5.727588653564453125e+02,2.029562469106167555e-01
6.575000286102294922e-01,5.725834350585937500e+02,2.029892171703977510e-01
6.575999855995178223e-01,5.724081420898437500e+02,2.030221874010749161e-01
6.577000021934509277e-01,5.722328948974609375e+02,2.030551426869351417e-01
6.578000187873840332e-01,5.720577545166015625e+02,2.030881128448527306e-01
6.578999757766723633e-01,5.718826904296875000e+02,2.031210680579533800e-01
6.579999923706054688e-01,5.717077331542968750e+02,2.031540381431113929e-01
6.581000089645385742e-01,5.715328826904296875e+02,2.031869932834524661e-01
6.582000255584716797e-01,5.713581085205078125e+02,2.032199483946897089e-01
6.582999825477600098e-01,5.711834411621093750e+02,2.032529183779843152e-01
6.583999991416931152e-01,5.710088500976562500e+02,2.032858734019100666e-01
6.585000157356262207e-01,5.708343353271484375e+02,2.033188284112839028e-01
6.585999727249145508e-01,5.706599121093750000e+02,2.033517833770019934e-01
6.586999893188476562e-01,5.704856109619140625e+02,2.033847382990643382e-01
6.588000059127807617e-01,5.703113708496093750e+02,2.034176931920228526e-01
6.589000225067138672e-01,5.701372528076171875e+02,2.034506480413256213e-01
6.589999794960021973e-01,5.699631958007812500e+02,2.034836028615245596e-01
6.590999960899353027e-01,5.697892456054687500e+02,2.035165576526196674e-01
6.592000126838684082e-01,5.696153717041015625e+02,2.035495124000590295e-01
6.593000292778015137e-01,5.694416046142578125e+02,2.035824671038426459e-01
6.593999862670898438e-01,5.692679138183593750e+02,2.036154217785224319e-01
6.595000028610229492e-01,5.690943298339843750e+02,2.036483764240983874e-01
6.596000194549560547e-01,5.689208526611328125e+02,2.036813161248574033e-01
6.596999764442443848e-01,5.687474060058593750e+02,2.037142706976737827e-01
6.597999930381774902e-01,5.685740814208984375e+02,2.037472103256732225e-01
6.599000096321105957e-01,5.684008483886718750e+02,2.037801648257300258e-01
6.600000262260437012e-01,5.682276916503906250e+02,2.038131043809698895e-01
6.600999832153320312e-01,5.680546417236328125e+02,2.038460588082671165e-01
6.601999998092651367e-01,5.678816986083984375e+02,2.038789982907474041e-01
6.603000164031982422e-01,5.677088012695312500e+02,2.039119526452850550e-01
6.603999733924865723e-01,5.675360412597656250e+02,2.039448920695576817e-01
6.604999899864196777e-01,5.673633422851562500e+02,2.039778314501745626e-01
6.606000065803527832e-01,5.671907348632812500e+02,2.040107708016876131e-01
6.607000231742858887e-01,5.670182189941406250e+02,2.040437250107061118e-01
6.607999801635742188e-01,5.668457794189453125e+02,2.040766642894595861e-01
6.608999967575073242e-01,5.666734466552734375e+02,2.041096035245573148e-01
6.610000133514404297e-01,5.665011901855468750e+02,2.041425427305512130e-01
6.610999703407287598e-01,5.663290405273437500e+02,2.041754818928893656e-01
6.611999869346618652e-01,5.661569519042968750e+02,2.042084210261236876e-01
6.613000035285949707e-01,5.659849700927734375e+02,2.042413601302541792e-01
6.614000201225280762e-01,5.658131103515625000e+02,2.042742842895677313e-01
6.614999771118164062e-01,5.656413116455078125e+02,2.043072233209386468e-01
6.615999937057495117e-01,5.654695892333984375e+02,2.043401623086538166e-01
6.617000102996826172e-01,5.652979583740234375e+02,2.043731012672651559e-01
6.618000268936157227e-01,5.651264190673828125e+02,2.044060252810595557e-01
6.618999838829040527e-01,5.649549713134765625e+02,2.044389641669113189e-01
6.620000004768371582e-01,5.647835998535156250e+02,2.044718881224980578e-01
6.621000170707702637e-01,5.646123352050781250e+02,2.045048269355902448e-01
6.621999740600585938e-01,5.644411773681640625e+02,2.045377508184174076e-01
6.622999906539916992e-01,5.642700653076171875e+02,2.045706895587500185e-01
6.624000072479248047e-01,5.640990447998046875e+02,2.046036133688176051e-01
6.625000238418579102e-01,5.639281463623046875e+02,2.046365371497813612e-01
6.625999808311462402e-01,5.637573394775390625e+02,2.046694757882505655e-01
6.626999974250793457e-01,5.635865783691406250e+02,2.047023994819028303e-01
6.628000140190124512e-01,5.634159088134765625e+02,2.047353231610031798e-01
6.628999710083007812e-01,5.632453918457031250e+02,2.047682467964477837e-01
6.629999876022338867e-01,5.630749053955078125e+02,2.048011703882366419e-01
6.631000041961669922e-01,5.629044952392578125e+02,2.048340939509216696e-01
6.632000207901000977e-01,5.627341918945312500e+02,2.048670174845028669e-01
6.632999777793884277e-01,5.625639801025390625e+02,2.048999409744283184e-01
6.633999943733215332e-01,5.623938598632812500e+02,2.049328644352499396e-01
6.635000109672546387e-01,5.622238006591796875e+02,2.049657878669677302e-01
6.636000275611877441e-01,5.620538787841796875e+02,2.049987112550297752e-01
6.636999845504760742e-01,5.618840026855468750e+02,2.050316197128267959e-01
6.638000011444091797e-01,5.617142486572265625e+02,2.050645430281292647e-01
6.639000177383422852e-01,5.615445556640625000e+02,2.050974663143279031e-01
6.639999747276306152e-01,5.613749237060546875e+02,2.051303746702615172e-01
6.640999913215637207e-01,5.612054290771484375e+02,2.051632978837005794e-01
6.642000079154968262e-01,5.610359954833984375e+02,2.051962061668746173e-01
6.643000245094299316e-01,5.608666687011718750e+02,2.052291293075541034e-01
6.643999814987182617e-01,5.606974334716796875e+02,2.052620375179685652e-01
6.644999980926513672e-01,5.605282745361328125e+02,2.052949606004403904e-01
6.646000146865844727e-01,5.603591766357421875e+02,2.053278687380952761e-01
6.646999716758728027e-01,5.601902008056640625e+02,2.053607768466463313e-01
6.647999882698059082e-01,5.600213165283203125e+02,2.053936998272547498e-01
6.649000048637390137e-01,5.598524475097656250e+02,2.054266078630462289e-01
6.650000214576721191e-01,5.596837310791015625e+02,2.054595158697338775e-01
6.650999784469604492e-01,5.595150756835937500e+02,2.054924238473176956e-01
6.651999950408935547e-01,5.593465270996093750e+02,2.055253317812457681e-01
6.653000116348266602e-01,5.591780853271484375e+02,2.055582396860700101e-01
6.654000282287597656e-01,5.590096893310546875e+02,2.055911475472385064e-01
6.654999852180480957e-01,5.588413848876953125e+02,2.056240553793031722e-01
6.656000018119812012e-01,5.586731872558593750e+02,2.056569631822640076e-01
6.657000184059143066e-01,5.585050659179687500e+02,2.056898709415690973e-01
6.657999753952026367e-01,5.583370056152343750e+02,2.057227637706091627e-01
6.658999919891357422e-01,5.581690521240234375e+02,2.057556714717065915e-01
6.660000085830688477e-01,5.580012054443359375e+02,2.057885791291482747e-01
6.661000251770019531e-01,5.578334350585937500e+02,2.058214718563249335e-01
6.661999821662902832e-01,5.576657257080078125e+02,2.058543794555589557e-01
6.662999987602233887e-01,5.574981231689453125e+02,2.058872870111372322e-01
6.664000153541564941e-01,5.573305969238281250e+02,2.059201796364504844e-01
6.664999723434448242e-01,5.571631622314453125e+02,2.059530871338211000e-01
6.665999889373779297e-01,5.569958343505859375e+02,2.059859796863747761e-01
6.667000055313110352e-01,5.568285217285156250e+02,2.060188722098246217e-01
6.668000221252441406e-01,5.566613616943359375e+02,2.060517796053318307e-01
6.668999791145324707e-01,5.564942932128906250e+02,2.060846720560221002e-01
6.669999957084655762e-01,5.563272705078125000e+02,2.061175644776085392e-01
6.671000123023986816e-01,5.561603698730468750e+02,2.061504568555392325e-01
6.672000288963317871e-01,5.559934997558593750e+02,2.061833641200792044e-01
6.672999858856201172e-01,5.558267669677734375e+02,2.062162564398022369e-01
6.674000024795532227e-01,5.556601104736328125e+02,2.062491487158695236e-01
6.675000190734863281e-01,5.554934844970703125e+02,2.062820409773848951e-01
6.675999760627746582e-01,5.553269958496093750e+02,2.063149331952445209e-01
6.676999926567077637e-01,5.551605682373046875e+02,2.063478253694484010e-01
6.678000092506408691e-01,5.549942626953125000e+02,2.063807026279391721e-01
6.679000258445739746e-01,5.548280029296875000e+02,2.064135947439353913e-01
6.679999828338623047e-01,5.546618652343750000e+02,2.064464868162758648e-01
6.680999994277954102e-01,5.544957885742187500e+02,2.064793788740644231e-01
6.682000160217285156e-01,5.543298187255859375e+02,2.065122559870360419e-01
6.682999730110168457e-01,5.541639251708984375e+02,2.065451479720650241e-01
6.683999896049499512e-01,5.539980926513671875e+02,2.065780399134382606e-01
6.685000061988830566e-01,5.538323364257812500e+02,2.066109169390983880e-01
6.686000227928161621e-01,5.536667022705078125e+02,2.066438088077120483e-01
6.686999797821044922e-01,5.535011444091796875e+02,2.066766857606125996e-01
6.687999963760375977e-01,5.533356323242187500e+02,2.067095775710185990e-01
6.689000129699707031e-01,5.531702423095703125e+02,2.067424544511595741e-01
6.690000295639038086e-01,5.530049438476562500e+02,2.067753313021967188e-01
6.690999865531921387e-01,5.528397216796875000e+02,2.068082230107393116e-01
6.692000031471252441e-01,5.526745452880859375e+02,2.068410998035687953e-01
6.693000197410583496e-01,5.525095062255859375e+02,2.068739765381906182e-01
6.693999767303466797e-01,5.523445434570312500e+02,2.069068532582605258e-01
6.694999933242797852e-01,5.521796417236328125e+02,2.069397299346746877e-01
6.696000099182128906e-01,5.520148162841796875e+02,2.069726065819850191e-01
6.697000265121459961e-01,5.518501129150390625e+02,2.070054832001915202e-01
6.697999835014343262e-01,5.516854553222656250e+02,2.070383597747422755e-01
6.699000000953674316e-01,5.515209045410156250e+02,2.070712363201892003e-01
6.700000166893005371e-01,5.513564453125000000e+02,2.071041128365322948e-01
6.700999736785888672e-01,5.511920623779296875e+02,2.071369893237715587e-01
6.701999902725219727e-01,5.510277252197265625e+02,2.071698657673550770e-01
6.703000068664550781e-01,5.508635101318359375e+02,2.072027272806735709e-01
6.704000234603881836e-01,5.506993560791015625e+02,2.072356036660494283e-01
6.704999804496765137e-01,5.505353088378906250e+02,2.072684800077695400e-01
6.705999970436096191e-01,5.503713378906250000e+02,2.073013414337765425e-01
6.707000136375427246e-01,5.502074432373046875e+02,2.073342177172889933e-01
6.707999706268310547e-01,5.500436401367187500e+02,2.073670790559845045e-01
6.708999872207641602e-01,5.498799285888671875e+02,2.073999552812892944e-01
6.710000038146972656e-01,5.497162780761718750e+02,2.074328165617771447e-01
6.711000204086303711e-01,5.495527038574218750e+02,2.074656927143223584e-01
6.711999773979187012e-01,5.493892517089843750e+02,2.074985539220506325e-01
6.712999939918518066e-01,5.492258605957031250e+02,2.075314151152269915e-01
6.714000105857849121e-01,5.490625000000000000e+02,2.075642762647476047e-01
6.715000271797180176e-01,5.488993072509765625e+02,2.075971522863255814e-01
6.715999841690063477e-01,5.487361602783203125e+02,2.076300133630866185e-01
6.717000007629394531e-01,5.485731048583984375e+02,2.076628744252957404e-01
6.718000173568725586e-01,5.484101257324218750e+02,2.076957354438491166e-01
6.718999743461608887e-01,5.482472076416015625e+02,2.077285964332986623e-01
6.719999909400939941e-01,5.480843963623046875e+02,2.077614573790924624e-01
6.721000075340270996e-01,5.479216766357421875e+02,2.077943183103343472e-01
6.722000241279602051e-01,5.477590026855468750e+02,2.078271791979204863e-01
6.722999811172485352e-01,5.475964660644531250e+02,2.078600400564027950e-01
6.723999977111816406e-01,5.474339294433593750e+02,2.078929008857812732e-01
6.725000143051147461e-01,5.472715148925781250e+02,2.079257467703428119e-01
6.725999712944030762e-01,5.471092376708984375e+02,2.079586075415136293e-01
6.726999878883361816e-01,5.469469451904296875e+02,2.079914682835806161e-01
6.728000044822692871e-01,5.467847595214843750e+02,2.080243140953825787e-01
6.729000210762023926e-01,5.466226348876953125e+02,2.080571747792419046e-01
6.729999780654907227e-01,5.464605407714843750e+02,2.080900354485493153e-01
6.730999946594238281e-01,5.462985687255859375e+02,2.081228960887528956e-01
6.732000112533569336e-01,5.461366729736328125e+02,2.081557566853007302e-01
6.733000278472900391e-01,5.459748382568359375e+02,2.081886023515835404e-01
6.733999848365783691e-01,5.458131256103515625e+02,2.082214629044756293e-01
6.735000014305114746e-01,5.456514282226562500e+02,2.082543234137119725e-01
6.736000180244445801e-01,5.454898376464843750e+02,2.082871838938444853e-01
6.736999750137329102e-01,5.453283081054687500e+02,2.083200294291600585e-01
6.737999916076660156e-01,5.451668853759765625e+02,2.083528898510849103e-01
6.739000082015991211e-01,5.450055541992187500e+02,2.083857502293540165e-01
6.740000247955322266e-01,5.448442840576171875e+02,2.084185956919100136e-01
6.740999817848205566e-01,5.446831054687500000e+02,2.084514560119714588e-01
6.741999983787536621e-01,5.445219879150390625e+02,2.084843014017678797e-01
6.743000149726867676e-01,5.443609619140625000e+02,2.085171616490697488e-01
6.743999719619750977e-01,5.442000122070312500e+02,2.085500069806585088e-01
6.744999885559082031e-01,5.440391540527343750e+02,2.085828671843046322e-01
6.746000051498413086e-01,5.438783874511718750e+02,2.086157124431338161e-01
6.747000217437744141e-01,5.437176513671875000e+02,2.086485725740203634e-01
6.747999787330627441e-01,5.435570220947265625e+02,2.086814177746418864e-01
6.748999953269958496e-01,5.433964691162109375e+02,2.087142629461595789e-01
6.750000119209289551e-01,5.432360076904296875e+02,2.087471080885734409e-01
6.751000285148620605e-01,5.430756072998046875e+02,2.087799680884927511e-01
6.751999855041503906e-01,5.429153137207031250e+02,2.088128131581470370e-01
6.753000020980834961e-01,5.427550659179687500e+02,2.088456582132494077e-01
6.754000186920166016e-01,5.425949401855468750e+02,2.088785032246960327e-01
6.754999756813049316e-01,5.424348449707031250e+02,2.089113482070388272e-01
6.755999922752380371e-01,5.422748565673828125e+02,2.089441931602777913e-01
6.757000088691711426e-01,5.421149444580078125e+02,2.089770380698610097e-01
6.758000254631042480e-01,5.419551239013671875e+02,2.090098829648923129e-01
6.758999824523925781e-01,5.417953338623046875e+02,2.090427278162678704e-01
6.759999990463256836e-01,5.416356658935546875e+02,2.090755726530915126e-01
6.761000156402587891e-01,5.414760742187500000e+02,2.091084025450982153e-01
6.761999726295471191e-01,5.413165588378906250e+02,2.091412473091622815e-01
6.762999892234802246e-01,5.411571197509765625e+02,2.091740920441225171e-01
6.764000058174133301e-01,5.409977722167968750e+02,2.092069218342658132e-01
6.765000224113464355e-01,5.408385009765625000e+02,2.092397665110183880e-01
6.765999794006347656e-01,5.406792602539062500e+02,2.092726111441152170e-01
6.766999959945678711e-01,5.405201568603515625e+02,2.093054408614989370e-01
6.768000125885009766e-01,5.403611297607421875e+02,2.093382854363881052e-01
6.769000291824340820e-01,5.402021484375000000e+02,2.093711150810122490e-01
6.769999861717224121e-01,5.400432891845703125e+02,2.094039595976937562e-01
6.771000027656555176e-01,5.398844604492187500e+02,2.094367891841102391e-01
6.772000193595886230e-01,5.397257537841796875e+02,2.094696187414228916e-01
6.772999763488769531e-01,5.395670928955078125e+02,2.095024631707929075e-01
6.773999929428100586e-01,5.394085235595703125e+02,2.095352926553459838e-01
6.775000095367431641e-01,5.392500610351562500e+02,2.095681221107952297e-01
6.776000261306762695e-01,5.390916290283203125e+02,2.096009515516925603e-01
6.776999831199645996e-01,5.389332733154296875e+02,2.096337809489341453e-01
6.777999997138977051e-01,5.387750244140625000e+02,2.096666103170718998e-01
6.779000163078308105e-01,5.386168518066406250e+02,2.096994396561058238e-01
6.779999732971191406e-01,5.384587707519531250e+02,2.097322689660359174e-01
6.780999898910522461e-01,5.383007202148437500e+02,2.097650982468621805e-01
6.782000064849853516e-01,5.381427917480468750e+02,2.097979274840326980e-01
6.783000230789184570e-01,5.379849395751953125e+02,2.098307567066513002e-01
6.783999800682067871e-01,5.378271179199218750e+02,2.098635858856141567e-01
6.784999966621398926e-01,5.376694335937500000e+02,2.098964150500250980e-01
6.786000132560729980e-01,5.375117797851562500e+02,2.099292441707802936e-01
6.786999702453613281e-01,5.373542327880859375e+02,2.099620583612704650e-01
6.787999868392944336e-01,5.371967468261718750e+02,2.099948874238179997e-01
6.789000034332275391e-01,5.370393676757812500e+02,2.100277164572617039e-01
6.790000200271606445e-01,5.368820800781250000e+02,2.100605305604403839e-01
6.790999770164489746e-01,5.367247924804687500e+02,2.100933595356764272e-01
6.791999936103820801e-01,5.365676422119140625e+02,2.101261735660955310e-01
6.793000102043151855e-01,5.364105682373046875e+02,2.101590024831239134e-01
6.794000267982482910e-01,5.362535552978515625e+02,2.101918164553353563e-01
6.794999837875366211e-01,5.360966033935546875e+02,2.102246453141560778e-01
6.796000003814697266e-01,5.359397888183593750e+02,2.102574592281598598e-01
6.797000169754028320e-01,5.357829895019531250e+02,2.102902731130598113e-01
6.797999739646911621e-01,5.356263122558593750e+02,2.103230869834078476e-01
6.798999905586242676e-01,5.354696655273437500e+02,2.103559157112613320e-01
6.800000071525573730e-01,5.353131103515625000e+02,2.103887295088497922e-01
6.801000237464904785e-01,5.351566467285156250e+02,2.104215432627825066e-01
6.801999807357788086e-01,5.350002593994140625e+02,2.104543570021633059e-01
6.802999973297119141e-01,5.348439483642578125e+02,2.104871707124402747e-01
6.804000139236450195e-01,5.346877136230468750e+02,2.105199843936134130e-01
6.804999709129333496e-01,5.345315704345703125e+02,2.105527980311308056e-01
6.805999875068664551e-01,5.343754882812500000e+02,2.105856116540962830e-01
6.807000041007995605e-01,5.342194824218750000e+02,2.106184252334060147e-01
6.808000206947326660e-01,5.340635375976562500e+02,2.106512387981638312e-01
6.808999776840209961e-01,5.339076995849609375e+02,2.106840523192659020e-01
6.809999942779541016e-01,5.337519226074218750e+02,2.107168658112641424e-01
6.811000108718872070e-01,5.335962066650390625e+02,2.107496643875492737e-01
6.812000274658203125e-01,5.334405975341796875e+02,2.107824778213398531e-01
6.812999844551086426e-01,5.332850646972656250e+02,2.108152912260266021e-01
6.814000010490417480e-01,5.331295928955078125e+02,2.108480897004483268e-01
6.815000176429748535e-01,5.329742126464843750e+02,2.108809030469274148e-01
6.815999746322631836e-01,5.328188629150390625e+02,2.109137014631414786e-01
6.816999912261962891e-01,5.326636199951171875e+02,2.109465147368609905e-01
6.818000078201293945e-01,5.325085144042968750e+02,2.109793130948673934e-01
6.819000244140625000e-01,5.323533782958984375e+02,2.110121263249311596e-01
6.819999814033508301e-01,5.321983947753906250e+02,2.110449246247299016e-01
6.820999979972839355e-01,5.320434875488281250e+02,2.110777377820340917e-01
6.822000145912170410e-01,5.318886108398437500e+02,2.111105360236251727e-01
6.822999715805053711e-01,5.317338256835937500e+02,2.111433342215605080e-01
6.823999881744384766e-01,5.315791168212890625e+02,2.111761324049439281e-01
6.825000047683715820e-01,5.314244689941406250e+02,2.112089454458327964e-01
6.826000213623046875e-01,5.312699584960937500e+02,2.112417435710085556e-01
6.826999783515930176e-01,5.311154479980468750e+02,2.112745416525285691e-01
6.827999949455261230e-01,5.309610595703125000e+02,2.113073397049447522e-01
6.829000115394592285e-01,5.308067169189453125e+02,2.113401377428090200e-01
6.830000281333923340e-01,5.306524658203125000e+02,2.113729357370175421e-01
6.830999851226806641e-01,5.304983215332031250e+02,2.114057337021222338e-01
6.832000017166137695e-01,5.303442077636718750e+02,2.114385316381230950e-01
6.833000183105468750e-01,5.301901855468750000e+02,2.114713295450201258e-01
6.833999752998352051e-01,5.300362396240234375e+02,2.115041274373652413e-01
6.834999918937683105e-01,5.298823547363281250e+02,2.115369103848934174e-01
6.836000084877014160e-01,5.297285614013671875e+02,2.115697082044789568e-01
6.837000250816345215e-01,5.295748443603515625e+02,2.116025059949606657e-01
6.837999820709228516e-01,5.294212188720703125e+02,2.116352888551773503e-01
6.838999986648559570e-01,5.292676239013671875e+02,2.116680865874513984e-01
6.840000152587890625e-01,5.291141357421875000e+02,2.117008842906216159e-01
6.840999722480773926e-01,5.289607086181640625e+02,2.117336670635268092e-01
6.841999888420104980e-01,5.288073883056640625e+02,2.117664647084893659e-01
6.843000054359436035e-01,5.286540679931640625e+02,2.117992474086349830e-01
6.844000220298767090e-01,5.285009002685546875e+02,2.118320449953898787e-01
6.844999790191650391e-01,5.283478088378906250e+02,2.118648276518797502e-01
6.845999956130981445e-01,5.281947479248046875e+02,2.118976102792657912e-01
6.847000122070312500e-01,5.280417785644531250e+02,2.119304077787091956e-01
6.848000288009643555e-01,5.278888854980468750e+02,2.119631903478875756e-01
6.848999857902526855e-01,5.277360534667968750e+02,2.119959728734102100e-01
6.850000023841857910e-01,5.275833282470703125e+02,2.120287702855421230e-01
6.851000189781188965e-01,5.274306640625000000e+02,2.120615527674090117e-01
6.851999759674072266e-01,5.272780609130859375e+02,2.120943352201720700e-01
6.852999925613403320e-01,5.271255187988281250e+02,2.121271176438312978e-01
6.854000091552734375e-01,5.269730834960937500e+02,2.121599000238347799e-01
6.855000257492065430e-01,5.268207092285156250e+02,2.121926823892863467e-01
6.855999827384948730e-01,5.266684112548828125e+02,2.122254647256340832e-01
6.856999993324279785e-01,5.265161895751953125e+02,2.122582470328779891e-01
6.858000159263610840e-01,5.263640289306640625e+02,2.122910292964661494e-01
6.858999729156494141e-01,5.262119750976562500e+02,2.123238115455023944e-01
6.859999895095825195e-01,5.260599670410156250e+02,2.123565788642736152e-01
6.861000061035156250e-01,5.259080505371093750e+02,2.123893610551021993e-01
6.862000226974487305e-01,5.257561645507812500e+02,2.124221432022750378e-01
6.862999796867370605e-01,5.256044158935546875e+02,2.124549253348959610e-01
6.863999962806701660e-01,5.254526977539062500e+02,2.124876925372518599e-01
6.865000128746032715e-01,5.253010864257812500e+02,2.125204746116651222e-01
6.866000294685363770e-01,5.251494903564453125e+02,2.125532417558133602e-01
6.866999864578247070e-01,5.249980316162109375e+02,2.125860237720189616e-01
6.868000030517578125e-01,5.248466186523437500e+02,2.126188057445688173e-01
6.869000196456909180e-01,5.246952819824218750e+02,2.126515728014055640e-01
6.869999766349792480e-01,5.245440216064453125e+02,2.126843398291384801e-01
6.870999932289123535e-01,5.243928375244140625e+02,2.127171217289287597e-01
6.872000098228454590e-01,5.242417297363281250e+02,2.127498886984540150e-01
6.873000264167785645e-01,5.240906982421875000e+02,2.127826556388754398e-01
6.873999834060668945e-01,5.239397277832031250e+02,2.128154374513542280e-01
6.875000000000000000e-01,5.237888641357421875e+02,2.128482043335679919e-01
6.876000165939331055e-01,5.236380157470703125e+02,2.128809711866779253e-01
6.876999735832214355e-01,5.234872436523437500e+02,2.129137380106840283e-01
6.877999901771545410e-01,5.233365783691406250e+02,2.129465048055863008e-01
6.879000067710876465e-01,5.231859893798828125e+02,2.129792864725459367e-01
6.880000233650207520e-01,5.230354766845703125e+02,2.130120532092405483e-01
6.880999803543090820e-01,5.228850097656250000e+02,2.130448199168313295e-01
6.881999969482421875e-01,5.227346496582031250e+02,2.130775865953182802e-01
6.883000135421752930e-01,5.225843658447265625e+02,2.131103383580921218e-01
6.883999705314636230e-01,5.224341125488281250e+02,2.131431049783714116e-01
6.884999871253967285e-01,5.222839508056640625e+02,2.131758715695468709e-01
6.886000037193298340e-01,5.221338653564453125e+02,2.132086381316184998e-01
6.887000203132629395e-01,5.219838714599609375e+02,2.132414046791382134e-01
6.887999773025512695e-01,5.218339385986328125e+02,2.132741711830021814e-01
6.888999938964843750e-01,5.216840515136718750e+02,2.133069227566011250e-01
6.890000104904174805e-01,5.215342407226562500e+02,2.133396892168093473e-01
6.891000270843505859e-01,5.213845214843750000e+02,2.133724556333618239e-01
6.891999840736389160e-01,5.212348785400390625e+02,2.134052071342011914e-01
6.893000006675720215e-01,5.210852966308593750e+02,2.134379735070979223e-01
6.894000172615051270e-01,5.209357910156250000e+02,2.134707249351777136e-01
6.894999742507934570e-01,5.207863769531250000e+02,2.135034912498667836e-01
6.895999908447265625e-01,5.206370391845703125e+02,2.135362426342908293e-01
6.897000074386596680e-01,5.204877166748046875e+02,2.135689939750591293e-01
6.898000240325927734e-01,5.203385314941406250e+02,2.136017602024367079e-01
6.898999810218811035e-01,5.201893768310546875e+02,2.136345114995492622e-01
6.899999976158142090e-01,5.200403289794921875e+02,2.136672627675579861e-01
6.901000142097473145e-01,5.198913269042968750e+02,2.137000289076240733e-01
6.901999711990356445e-01,5.197424011230468750e+02,2.137327801174251363e-01
6.902999877929687500e-01,5.195935363769531250e+02,2.137655312981223688e-01
6.904000043869018555e-01,5.194447784423828125e+02,2.137982824497157708e-01
6.905000209808349609e-01,5.192960662841796875e+02,2.138310335722053424e-01
6.905999779701232910e-01,5.191474304199218750e+02,2.138637846801429987e-01
6.906999945640563965e-01,5.189988861083984375e+02,2.138965357444249094e-01
6.908000111579895020e-01,5.188504180908203125e+02,2.139292867796029896e-01
6.909000277519226074e-01,5.187019958496093750e+02,2.139620378002291545e-01
6.909999847412109375e-01,5.185536193847656250e+02,2.139947887771995738e-01
6.911000013351440430e-01,5.184053649902343750e+02,2.140275397396180779e-01
6.912000179290771484e-01,5.182571411132812500e+02,2.140602906729327515e-01
6.912999749183654785e-01,5.181090240478515625e+02,2.140930415625916794e-01
6.913999915122985840e-01,5.179609680175781250e+02,2.141257775365374982e-01
6.915000081062316895e-01,5.178130035400390625e+02,2.141585283825406805e-01
6.916000247001647949e-01,5.176651000976562500e+02,2.141912791994400322e-01
6.916999816894531250e-01,5.175172271728515625e+02,2.142240150860743597e-01
6.917999982833862305e-01,5.173694915771484375e+02,2.142567658447660506e-01
6.919000148773193359e-01,5.172217864990234375e+02,2.142895016731927171e-01
6.919999718666076660e-01,5.170741729736328125e+02,2.143222523882286623e-01
6.920999884605407715e-01,5.169265899658203125e+02,2.143549881584476680e-01
6.922000050544738770e-01,5.167791137695312500e+02,2.143877388007240370e-01
6.923000216484069824e-01,5.166316833496093750e+02,2.144204745272872970e-01
6.923999786376953125e-01,5.164843597412109375e+02,2.144532251113560051e-01
6.924999952316284180e-01,5.163370971679687500e+02,2.144859607797116041e-01
6.926000118255615234e-01,5.161899108886718750e+02,2.145186964189633727e-01
6.927000284194946289e-01,5.160427398681640625e+02,2.145514469157205895e-01
6.927999854087829590e-01,5.158957061767578125e+02,2.145841824967646971e-01
6.929000020027160645e-01,5.157487335205078125e+02,2.146169180487049744e-01
6.930000185966491699e-01,5.156017913818359375e+02,2.146496535715414211e-01
6.930999755859375000e-01,5.154549560546875000e+02,2.146823890798259526e-01
6.931999921798706055e-01,5.153081970214843750e+02,2.147151245444547385e-01
6.933000087738037109e-01,5.151615142822265625e+02,2.147478599799796939e-01
6.934000253677368164e-01,5.150148925781250000e+02,2.147805954009527341e-01
6.934999823570251465e-01,5.148683013916015625e+02,2.148133307782700285e-01
6.935999989509582520e-01,5.147218017578125000e+02,2.148460661410354078e-01
6.937000155448913574e-01,5.145754089355468750e+02,2.148788014746969566e-01
6.937999725341796875e-01,5.144290771484375000e+02,2.149115367647027597e-01
6.938999891281127930e-01,5.142828063964843750e+02,2.149442720401566476e-01
6.940000057220458984e-01,5.141365966796875000e+02,2.149770072865067050e-01
6.941000223159790039e-01,5.139904479980468750e+02,2.150097276025917381e-01
6.941999793052673340e-01,5.138443908691406250e+02,2.150424628052860498e-01
6.942999958992004395e-01,5.136983795166015625e+02,2.150751979643246159e-01
6.944000124931335449e-01,5.135524597167968750e+02,2.151079182076500729e-01
6.945000290870666504e-01,5.134066314697265625e+02,2.151406533084809780e-01
6.945999860763549805e-01,5.132608642578125000e+02,2.151733734935987741e-01
6.947000026702880859e-01,5.131151275634765625e+02,2.152061085362220183e-01
6.948000192642211914e-01,5.129695281982421875e+02,2.152388286631321535e-01
6.948999762535095215e-01,5.128239135742187500e+02,2.152715636620996520e-01
6.949999928474426270e-01,5.126784362792968750e+02,2.153042837308021262e-01
6.951000094413757324e-01,5.125329895019531250e+02,2.153370186861138791e-01
6.952000260353088379e-01,5.123876647949218750e+02,2.153697386966086924e-01
6.952999830245971680e-01,5.122423553466796875e+02,2.154024586779996753e-01
6.953999996185302734e-01,5.120971527099609375e+02,2.154351935459999368e-01
6.955000162124633789e-01,5.119519958496093750e+02,2.154679134837351739e-01
6.955999732017517090e-01,5.118069000244140625e+02,2.155006333923665807e-01
6.956999897956848145e-01,5.116618957519531250e+02,2.155333532573422417e-01
6.958000063896179199e-01,5.115169830322265625e+02,2.155660731077659875e-01
6.959000229835510254e-01,5.113721008300781250e+02,2.155987929436378181e-01
6.959999799728393555e-01,5.112272796630859375e+02,2.156315127358539030e-01
6.960999965667724609e-01,5.110825653076171875e+02,2.156642324989661574e-01
6.962000131607055664e-01,5.109379119873046875e+02,2.156969522475264966e-01
6.963000297546386719e-01,5.107933044433593750e+02,2.157296719669830054e-01
6.963999867439270020e-01,5.106487731933593750e+02,2.157623916427837685e-01
6.965000033378601074e-01,5.105043487548828125e+02,2.157951113040326163e-01
6.966000199317932129e-01,5.103599700927734375e+02,2.158278309361776337e-01
6.966999769210815430e-01,5.102156524658203125e+02,2.158605505537707359e-01
6.967999935150146484e-01,5.100714111328125000e+02,2.158932552265468985e-01
6.969000101089477539e-01,5.099272155761718750e+02,2.159259747713804245e-01
6.970000267028808594e-01,5.097831268310546875e+02,2.159586943016620353e-01
6.970999836921691895e-01,5.096390991210937500e+02,2.159913989016786218e-01
6.972000002861022949e-01,5.094951324462890625e+02,2.160241183737525716e-01
6.973000168800354004e-01,5.093512268066406250e+02,2.160568378167226911e-01
6.973999738693237305e-01,5.092074279785156250e+02,2.160895423294277862e-01
6.974999904632568359e-01,5.090636444091796875e+02,2.161222617141902447e-01
6.976000070571899414e-01,5.089199981689453125e+02,2.161549661832395941e-01
6.977000236511230469e-01,5.087763366699218750e+02,2.161876706086331978e-01
6.977999806404113770e-01,5.086327819824218750e+02,2.162203899206360802e-01
6.978999972343444824e-01,5.084893188476562500e+02,2.162530943023739383e-01
6.980000138282775879e-01,5.083459167480468750e+02,2.162857986550079659e-01
6.980999708175659180e-01,5.082025756835937500e+02,2.163185178796993569e-01
6.981999874114990234e-01,5.080592956542968750e+02,2.163512221741257235e-01
6.983000040054321289e-01,5.079160919189453125e+02,2.163839264540001750e-01
6.984000205993652344e-01,5.077729644775390625e+02,2.164166306902188808e-01
6.984999775886535645e-01,5.076299133300781250e+02,2.164493498130468652e-01
6.985999941825866699e-01,5.074868927001953125e+02,2.164820540056098253e-01
6.987000107765197754e-01,5.073439483642578125e+02,2.165147581690689549e-01
6.988000273704528809e-01,5.072011108398437500e+02,2.165474623034242541e-01
6.988999843597412109e-01,5.070583038330078125e+02,2.165801664232276380e-01
6.990000009536743164e-01,5.069155578613281250e+02,2.166128704993752763e-01
6.991000175476074219e-01,5.067729492187500000e+02,2.166455745609709993e-01
6.991999745368957520e-01,5.066303253173828125e+02,2.166782636923016980e-01
6.992999911308288574e-01,5.064878234863281250e+02,2.167109676956897601e-01
6.994000077247619629e-01,5.063453979492187500e+02,2.167436716699739918e-01
6.995000243186950684e-01,5.062029876708984375e+02,2.167763756297063082e-01
6.995999813079833984e-01,5.060606842041015625e+02,2.168090795457828790e-01
6.996999979019165039e-01,5.059184417724609375e+02,2.168417685461463407e-01
6.998000144958496094e-01,5.057762908935546875e+02,2.168744724185671657e-01
6.998999714851379395e-01,5.056341552734375000e+02,2.169071762618841603e-01
6.999999880790710449e-01,5.054921264648437500e+02,2.169398651749361306e-01
7.001000046730041504e-01,5.053501434326171875e+02,2.169725689600454643e-01
7.002000212669372559e-01,5.052082366943359375e+02,2.170052578294416890e-01
7.002999782562255859e-01,5.050664215087890625e+02,2.170379615708952770e-01
7.003999948501586914e-01,5.049246368408203125e+02,2.170706503820838407e-01
7.005000114440917969e-01,5.047829589843750000e+02,2.171033540653297678e-01
7.006000280380249023e-01,5.046413269042968750e+02,2.171360428183106706e-01
7.006999850273132324e-01,5.044997406005859375e+02,2.171687315421877429e-01
7.008000016212463379e-01,5.043582305908203125e+02,2.172014351526740938e-01
7.009000182151794434e-01,5.042167968750000000e+02,2.172341238328954205e-01
7.009999752044677734e-01,5.040754547119140625e+02,2.172668124840129167e-01
7.010999917984008789e-01,5.039341430664062500e+02,2.172995011060265824e-01
7.012000083923339844e-01,5.037929077148437500e+02,2.173321896989364177e-01
7.013000249862670898e-01,5.036517791748046875e+02,2.173648931784555316e-01
7.013999819755554199e-01,5.035106811523437500e+02,2.173975817131577060e-01
7.014999985694885254e-01,5.033696746826171875e+02,2.174302702333079651e-01
7.016000151634216309e-01,5.032286682128906250e+02,2.174629587243543938e-01
7.016999721527099609e-01,5.030877990722656250e+02,2.174956472008489072e-01
7.017999887466430664e-01,5.029470062255859375e+02,2.175283356336876750e-01
7.019000053405761719e-01,5.028062133789062500e+02,2.175610240519745275e-01
7.020000219345092773e-01,5.026655426025390625e+02,2.175936975399963558e-01
7.020999789237976074e-01,5.025249176025390625e+02,2.176263859000755474e-01
7.021999955177307129e-01,5.023843688964843750e+02,2.176590742310509086e-01
7.023000121116638184e-01,5.022438964843750000e+02,2.176917625329224393e-01
7.024000287055969238e-01,5.021034698486328125e+02,2.177244508202420548e-01
7.024999856948852539e-01,5.019631195068359375e+02,2.177571241772966459e-01
7.026000022888183594e-01,5.018228149414062500e+02,2.177898124064086005e-01
7.027000188827514648e-01,5.016826171875000000e+02,2.178225006064167246e-01
7.027999758720397949e-01,5.015424804687500000e+02,2.178551738907117397e-01
7.028999924659729004e-01,5.014023895263671875e+02,2.178878620325122029e-01
7.030000090599060059e-01,5.012623748779296875e+02,2.179205352585995570e-01
7.031000256538391113e-01,5.011224212646484375e+02,2.179532233567442745e-01
7.031999826431274414e-01,5.009825592041015625e+02,2.179858965391758829e-01
7.032999992370605469e-01,5.008427581787109375e+02,2.180185845791129395e-01
7.034000158309936523e-01,5.007029724121093750e+02,2.180512577033368871e-01
7.034999728202819824e-01,5.005632934570312500e+02,2.180839307984570041e-01
7.035999894142150879e-01,5.004236755371093750e+02,2.181166187656344846e-01
7.037000060081481934e-01,5.002841491699218750e+02,2.181492918025469407e-01
7.038000226020812988e-01,5.001446533203125000e+02,2.181819648103555664e-01
7.038999795913696289e-01,5.000052185058593750e+02,2.182146378036122769e-01
7.039999961853027344e-01,4.998659057617187500e+02,2.182473256689263508e-01
7.041000127792358398e-01,4.997266235351562500e+02,2.182799986039754003e-01
7.042000293731689453e-01,4.995874023437500000e+02,2.183126715244725347e-01
7.042999863624572754e-01,4.994482421875000000e+02,2.183453444013139233e-01
7.044000029563903809e-01,4.993091735839843750e+02,2.183780172636033967e-01
7.045000195503234863e-01,4.991701354980468750e+02,2.184106900967890397e-01
7.045999765396118164e-01,4.990312042236328125e+02,2.184433629008708522e-01
7.046999931335449219e-01,4.988923187255859375e+02,2.184760356904007494e-01
7.048000097274780273e-01,4.987534942626953125e+02,2.185087084508268163e-01
7.049000263214111328e-01,4.986147308349609375e+02,2.185413811821490526e-01
7.049999833106994629e-01,4.984760589599609375e+02,2.185740389832062647e-01
7.050999999046325684e-01,4.983374481201171875e+02,2.186067116563208401e-01
7.052000164985656738e-01,4.981988677978515625e+02,2.186393843148835003e-01
7.052999734878540039e-01,4.980603790283203125e+02,2.186720569443423301e-01
7.053999900817871094e-01,4.979219512939453125e+02,2.187047146435361356e-01
7.055000066757202148e-01,4.977836303710937500e+02,2.187373872147873044e-01
7.056000232696533203e-01,4.976453247070312500e+02,2.187700597714865580e-01
7.056999802589416504e-01,4.975071105957031250e+02,2.188027173833688721e-01
7.057999968528747559e-01,4.973689270019531250e+02,2.188353898818604648e-01
7.059000134468078613e-01,4.972308349609375000e+02,2.188680474646389484e-01
7.059999704360961914e-01,4.970928039550781250e+02,2.189007199049228802e-01
7.060999870300292969e-01,4.969548339843750000e+02,2.189333774294937029e-01
7.062000036239624023e-01,4.968168945312500000e+02,2.189660498406738043e-01
7.063000202178955078e-01,4.966789855957031250e+02,2.189987073215888813e-01
7.063999772071838379e-01,4.965411682128906250e+02,2.190313797036651522e-01
7.064999938011169434e-01,4.964033355712890625e+02,2.190640520566375926e-01
7.066000103950500488e-01,4.962655639648437500e+02,2.190967392962193117e-01
7.067000269889831543e-01,4.961278533935546875e+02,2.191294116055360064e-01
7.067999839782714844e-01,4.959901885986328125e+02,2.191620838857488707e-01
7.069000005722045898e-01,4.958525695800781250e+02,2.191947561514098197e-01
7.070000171661376953e-01,4.957150268554687500e+02,2.192274432891281322e-01
7.070999741554260254e-01,4.955775451660156250e+02,2.192601155111333355e-01
7.071999907493591309e-01,4.954401245117187500e+02,2.192927877040347084e-01
7.073000073432922363e-01,4.953027648925781250e+02,2.193254598678322509e-01
7.074000239372253418e-01,4.951654968261718750e+02,2.193581469036871567e-01
7.074999809265136719e-01,4.950282592773437500e+02,2.193908190238289535e-01
7.075999975204467773e-01,4.948910675048828125e+02,2.194234911148669198e-01
7.077000141143798828e-01,4.947539978027343750e+02,2.194561631768010557e-01
7.077999711036682129e-01,4.946169128417968750e+02,2.194888501107925549e-01
7.078999876976013184e-01,4.944799804687500000e+02,2.195215221290709451e-01
7.080000042915344238e-01,4.943430786132812500e+02,2.195541941182455048e-01
7.081000208854675293e-01,4.942061920166015625e+02,2.195868660783162341e-01
7.081999778747558594e-01,4.940694122314453125e+02,2.196195380092831329e-01
7.082999944686889648e-01,4.939326782226562500e+02,2.196522099256981164e-01
7.084000110626220703e-01,4.937960815429687500e+02,2.196848818130092695e-01
7.085000276565551758e-01,4.936594696044921875e+02,2.197175536712165922e-01
7.085999846458435059e-01,4.935229492187500000e+02,2.197502255148719996e-01
7.087000012397766113e-01,4.933865203857421875e+02,2.197828973294235766e-01
7.088000178337097168e-01,4.932500915527343750e+02,2.198155542137101293e-01
7.088999748229980469e-01,4.931137847900390625e+02,2.198482259700540453e-01
7.089999914169311523e-01,4.929775085449218750e+02,2.198808977118460461e-01
7.091000080108642578e-01,4.928413238525390625e+02,2.199135694099823013e-01
7.092000246047973633e-01,4.927051849365234375e+02,2.199462410935666412e-01
7.092999815940856934e-01,4.925691223144531250e+02,2.199788978614378721e-01
7.093999981880187988e-01,4.924331207275390625e+02,2.200115694868145511e-01
7.095000147819519043e-01,4.922971649169921875e+02,2.200442261964781210e-01
7.095999717712402344e-01,4.921612854003906250e+02,2.200768977781990543e-01
7.096999883651733398e-01,4.920254821777343750e+02,2.201095693453680724e-01
7.098000049591064453e-01,4.918897552490234375e+02,2.201422259822720662e-01
7.099000215530395508e-01,4.917540435791015625e+02,2.201748974912334234e-01
7.099999785423278809e-01,4.916184234619140625e+02,2.202075540699297562e-01
7.100999951362609863e-01,4.914828948974609375e+02,2.202402106195222586e-01
7.102000117301940918e-01,4.913473968505859375e+02,2.202728820557240397e-01
7.103000283241271973e-01,4.912119598388671875e+02,2.203055385616607964e-01
7.103999853134155273e-01,4.910765838623046875e+02,2.203381950530456379e-01
7.105000019073486328e-01,4.909412994384765625e+02,2.203708664019359276e-01
7.106000185012817383e-01,4.908060760498046875e+02,2.204035228351131082e-01
7.106999754905700684e-01,4.906709136962890625e+02,2.204361792537383735e-01
7.107999920845031738e-01,4.905357818603515625e+02,2.204688356287078932e-01
7.109000086784362793e-01,4.904007568359375000e+02,2.205015068902866915e-01
7.110000252723693848e-01,4.902657775878906250e+02,2.205341632216004655e-01
7.110999822616577148e-01,4.901308441162109375e+02,2.205668195238104090e-01
7.111999988555908203e-01,4.899960021972656250e+02,2.205994758114684373e-01
7.113000154495239258e-01,4.898612365722656250e+02,2.206321320700226352e-01
7.113999724388122559e-01,4.897264862060546875e+02,2.206647882994730026e-01
7.114999890327453613e-01,4.895918579101562500e+02,2.206974445143714547e-01
7.116000056266784668e-01,4.894572296142578125e+02,2.207301006856141612e-01
7.117000222206115723e-01,4.893227233886718750e+02,2.207627419556956738e-01
7.117999792098999023e-01,4.891882476806640625e+02,2.207953980832826346e-01
7.118999958038330078e-01,4.890538482666015625e+02,2.208280541963176802e-01
7.120000123977661133e-01,4.889194946289062500e+02,2.208607102802488953e-01
7.121000289916992188e-01,4.887852172851562500e+02,2.208933663350762799e-01
7.121999859809875488e-01,4.886509857177734375e+02,2.209260074596386403e-01
7.123000025749206543e-01,4.885168609619140625e+02,2.209586634708102793e-01
7.124000191688537598e-01,4.883827667236328125e+02,2.209913194674300030e-01
7.124999761581420898e-01,4.882487640380859375e+02,2.210239605192327872e-01
7.125999927520751953e-01,4.881147613525390625e+02,2.210566164576448500e-01
7.127000093460083008e-01,4.879808807373046875e+02,2.210892574657918885e-01
7.128000259399414062e-01,4.878470611572265625e+02,2.211219133459962904e-01
7.128999829292297363e-01,4.877132720947265625e+02,2.211545543104875833e-01
7.129999995231628418e-01,4.875795593261718750e+02,2.211872101470362395e-01
7.131000161170959473e-01,4.874459228515625000e+02,2.212198510533198714e-01
7.131999731063842773e-01,4.873123321533203125e+02,2.212525068462127820e-01
7.132999897003173828e-01,4.871788177490234375e+02,2.212851477088406682e-01
7.134000062942504883e-01,4.870453796386718750e+02,2.213177885423647240e-01
7.135000228881835938e-01,4.869119720458984375e+02,2.213504442624980584e-01
7.135999798774719238e-01,4.867786254882812500e+02,2.213830850523663685e-01
7.136999964714050293e-01,4.866453857421875000e+02,2.214157258131308481e-01
7.138000130653381348e-01,4.865121612548828125e+02,2.214483665447914973e-01
7.139000296592712402e-01,4.863790283203125000e+02,2.214810072619002312e-01
7.139999866485595703e-01,4.862459411621093750e+02,2.215136628510663286e-01
7.141000032424926758e-01,4.861129150390625000e+02,2.215463035245193169e-01
7.142000198364257812e-01,4.859799652099609375e+02,2.215789441688684747e-01
7.142999768257141113e-01,4.858470916748046875e+02,2.216115847841138020e-01
7.143999934196472168e-01,4.857142333984375000e+02,2.216442253702552989e-01
7.145000100135803223e-01,4.855814819335937500e+02,2.216768659418448806e-01
7.146000266075134277e-01,4.854487915039062500e+02,2.217095064843306318e-01
7.146999835968017578e-01,4.853161163330078125e+02,2.217421320965513587e-01
7.148000001907348633e-01,4.851835479736328125e+02,2.217747725953813642e-01
7.149000167846679688e-01,4.850510253906250000e+02,2.218074130651075393e-01
7.149999737739562988e-01,4.849185943603515625e+02,2.218400535057298839e-01
7.150999903678894043e-01,4.847861938476562500e+02,2.218726939318003133e-01
7.152000069618225098e-01,4.846538543701171875e+02,2.219053194276057184e-01
7.153000235557556152e-01,4.845215759277343750e+02,2.219379597954684868e-01
7.153999805450439453e-01,4.843894042968750000e+02,2.219706001487793401e-01
7.154999971389770508e-01,4.842572631835937500e+02,2.220032255718251690e-01
7.156000137329101562e-01,4.841250610351562500e+02,2.220358659396879375e-01
7.156999707221984863e-01,4.839928588867187500e+02,2.220685063512064517e-01
7.157999873161315918e-01,4.838606109619140625e+02,2.221011467772768810e-01
7.159000039100646973e-01,4.837283477783203125e+02,2.221338020899565890e-01
7.160000205039978027e-01,4.835961608886718750e+02,2.221664425014751032e-01
7.160999774932861328e-01,4.834639892578125000e+02,2.221990828693378717e-01
7.161999940872192383e-01,4.833318939208984375e+02,2.222317381092580035e-01
7.163000106811523438e-01,4.831998443603515625e+02,2.222643784334650263e-01
7.164000272750854492e-01,4.830678710937500000e+02,2.222970336006255820e-01
7.164999842643737793e-01,4.829359283447265625e+02,2.223296887532342225e-01
7.166000008583068848e-01,4.828040618896484375e+02,2.223623438621871173e-01
7.167000174522399902e-01,4.826722869873046875e+02,2.223949989420361817e-01
7.167999744415283203e-01,4.825405120849609375e+02,2.224276539927814156e-01
7.168999910354614258e-01,4.824088592529296875e+02,2.224603089998709038e-01
7.170000076293945312e-01,4.822772369384765625e+02,2.224929639924084768e-01
7.171000242233276367e-01,4.821456451416015625e+02,2.225256338570034131e-01
7.171999812126159668e-01,4.820141601562500000e+02,2.225582887767814100e-01
7.172999978065490723e-01,4.818827362060546875e+02,2.225909585831686854e-01
7.174000144004821777e-01,4.817513122558593750e+02,2.226236134592909366e-01
7.174999713897705078e-01,4.816199798583984375e+02,2.226562832074705511e-01
7.175999879837036133e-01,4.814887084960937500e+02,2.226889380399370566e-01
7.177000045776367188e-01,4.813574676513671875e+02,2.227216077299090102e-01
7.178000211715698242e-01,4.812263183593750000e+02,2.227542625041678548e-01
7.178999781608581543e-01,4.810952148437500000e+02,2.227869321504840627e-01
7.179999947547912598e-01,4.809641418457031250e+02,2.228195868810871616e-01
7.181000113487243652e-01,4.808331451416015625e+02,2.228522564837476239e-01
7.182000279426574707e-01,4.807022094726562500e+02,2.228849260573042557e-01
7.182999849319458008e-01,4.805713043212890625e+02,2.229175807151477784e-01
7.184000015258789062e-01,4.804404754638671875e+02,2.229502502450486645e-01
7.185000181198120117e-01,4.803097076416015625e+02,2.229829197458457202e-01
7.185999751091003418e-01,4.801789855957031250e+02,2.230155743309296668e-01
7.186999917030334473e-01,4.800483245849609375e+02,2.230482437880709767e-01
7.188000082969665527e-01,4.799176940917968750e+02,2.230808983294991776e-01
7.189000248908996582e-01,4.797871551513671875e+02,2.231135677429847419e-01
7.189999818801879883e-01,4.796566467285156250e+02,2.231462371273664758e-01
7.190999984741210938e-01,4.795262298583984375e+02,2.231788915960351005e-01
7.192000150680541992e-01,4.793958129882812500e+02,2.232115609367610887e-01
7.192999720573425293e-01,4.792654876708984375e+02,2.232442153617739677e-01
7.193999886512756348e-01,4.791352386474609375e+02,2.232768846733961254e-01
7.195000052452087402e-01,4.790049896240234375e+02,2.233095390402013436e-01
7.196000218391418457e-01,4.788748474121093750e+02,2.233422083081677556e-01
7.196999788284301758e-01,4.787447204589843750e+02,2.233748626313172281e-01
7.197999954223632812e-01,4.786146850585937500e+02,2.234075318410759792e-01
7.199000120162963867e-01,4.784846649169921875e+02,2.234401861351216212e-01
7.200000286102294922e-01,4.783547363281250000e+02,2.234728553012246266e-01
7.200999855995178223e-01,4.782248382568359375e+02,2.235055095516145229e-01
7.202000021934509277e-01,4.780950317382812500e+02,2.235381786740617827e-01
7.203000187873840332e-01,4.779652862548828125e+02,2.235708328662440181e-01
7.203999757766723633e-01,4.778355407714843750e+02,2.236034870438743383e-01
7.204999923706054688e-01,4.777058715820312500e+02,2.236361561081139371e-01
7.206000089645385742e-01,4.775762786865234375e+02,2.236688102420885116e-01
7.207000255584716797e-01,4.774467010498046875e+02,2.237014643469592556e-01
7.207999825477600098e-01,4.773172607421875000e+02,2.237341184372780845e-01
7.208999991416931152e-01,4.771877746582031250e+02,2.237667874142061919e-01
7.210000157356262207e-01,4.770584259033203125e+02,2.237994414608692750e-01
7.210999727249145508e-01,4.769290771484375000e+02,2.238320954784285277e-01
7.211999893188476562e-01,4.767998199462890625e+02,2.238647494814358652e-01
7.213000059127807617e-01,4.766706085205078125e+02,2.238974034553393722e-01
7.214000225067138672e-01,4.765414428710937500e+02,2.239300574146909639e-01
7.214999794960021973e-01,4.764123535156250000e+02,2.239627113449387252e-01
7.215999960899353027e-01,4.762833099365234375e+02,2.239953801617957652e-01
7.217000126838684082e-01,4.761543273925781250e+02,2.240280340629396960e-01
7.218000292778015137e-01,4.760253601074218750e+02,2.240606879204278812e-01
7.218999862670898438e-01,4.758965148925781250e+02,2.240933417779160663e-01
7.220000028610229492e-01,4.757676696777343750e+02,2.241259955917485058e-01
7.221000194549560547e-01,4.756388854980468750e+02,2.241586345044197515e-01
7.221999764442443848e-01,4.755102081298828125e+02,2.241912882745964453e-01
7.222999930381774902e-01,4.753815612792968750e+02,2.242239420447731391e-01
7.224000096321105957e-01,4.752529449462890625e+02,2.242565957712940872e-01
7.225000262260437012e-01,4.751243896484375000e+02,2.242892494978150353e-01
7.225999832153320312e-01,4.749959106445312500e+02,2.243219031806802377e-01
7.226999998092651367e-01,4.748674621582031250e+02,2.243545568635454401e-01
7.228000164031982422e-01,4.747391052246093750e+02,2.243871956015937030e-01
7.228999733924865723e-01,4.746107940673828125e+02,2.244198492262512445e-01
7.229999899864196777e-01,4.744825439453125000e+02,2.244525028363568708e-01
7.231000065803527832e-01,4.743542938232421875e+02,2.244851564173586667e-01
7.232000231742858887e-01,4.742261505126953125e+02,2.245177950826473534e-01
7.232999801635742188e-01,4.740979309082031250e+02,2.245504486199934036e-01
7.233999967575073242e-01,4.739696502685546875e+02,2.245831170730525628e-01
7.235000133514404297e-01,4.738412170410156250e+02,2.246157855406636372e-01
7.235999703407287598e-01,4.737126922607421875e+02,2.246484689094359055e-01
7.236999869346618652e-01,4.735840759277343750e+02,2.246811523073120043e-01
7.238000035285949707e-01,4.734553527832031250e+02,2.247138655220624059e-01
7.239000201225280762e-01,4.733265380859375000e+02,2.247465638356516138e-01
7.239999771118164062e-01,4.731976470947265625e+02,2.247792919806670398e-01
7.240999937057495117e-01,4.730687103271484375e+02,2.248120052245212719e-01
7.242000102996826172e-01,4.729397277832031250e+02,2.248447333695366979e-01
7.243000268936157227e-01,4.728107147216796875e+02,2.248774764157133177e-01
7.243999838829040527e-01,4.726817169189453125e+02,2.249102194618899375e-01
7.245000004768371582e-01,4.725526733398437500e+02,2.249429624935146421e-01
7.246000170707702637e-01,4.724236450195312500e+02,2.249757055251393467e-01
7.246999740600585938e-01,4.722946319580078125e+02,2.250084485567640513e-01
7.247999906539916992e-01,4.721656188964843750e+02,2.250412064604461193e-01
7.249000072479248047e-01,4.720366210937500000e+02,2.250739494484150782e-01
7.250000238418579102e-01,4.719076995849609375e+02,2.251067073375452310e-01
7.250999808311462402e-01,4.717787322998046875e+02,2.251394651975715533e-01
7.251999974250793457e-01,4.716497955322265625e+02,2.251722230430459604e-01
7.253000140190124512e-01,4.715209808349609375e+02,2.252049808739684522e-01
7.253999710083007812e-01,4.713921356201171875e+02,2.252377386903390288e-01
7.254999876022338867e-01,4.712633209228515625e+02,2.252705113787669688e-01
7.256000041961669922e-01,4.711345672607421875e+02,2.253032691660337150e-01
7.257000207901000977e-01,4.710058441162109375e+02,2.253360269096447155e-01
7.257999777793884277e-01,4.708771972656250000e+02,2.253687846532557160e-01
7.258999943733215332e-01,4.707485656738281250e+02,2.254015572689240798e-01
7.260000109672546387e-01,4.706200103759765625e+02,2.254343149688793346e-01
7.261000275611877441e-01,4.704915008544921875e+02,2.254670875408919528e-01
7.261999845504760742e-01,4.703630065917968750e+02,2.254998451971914619e-01
7.263000011444091797e-01,4.702345886230468750e+02,2.255326177401002496e-01
7.264000177383422852e-01,4.701062011718750000e+02,2.255653753527440131e-01
7.264999747276306152e-01,4.699778900146484375e+02,2.255981329508358613e-01
7.265999913215637207e-01,4.698495941162109375e+02,2.256309054209850729e-01
7.267000079154968262e-01,4.697213745117187500e+02,2.256636629754211754e-01
7.268000245094299316e-01,4.695932006835937500e+02,2.256964354019146413e-01
7.268999814987182617e-01,4.694651031494140625e+02,2.257291929126949981e-01
7.269999980926513672e-01,4.693370361328125000e+02,2.257619653100846335e-01
7.271000146865844727e-01,4.692089996337890625e+02,2.257947227772092447e-01
7.271999716758728027e-01,4.690810241699218750e+02,2.258274951163912192e-01
7.272999882698059082e-01,4.689531250000000000e+02,2.258602525398600847e-01
7.274000048637390137e-01,4.688252563476562500e+02,2.258930248499382287e-01
7.275000214576721191e-01,4.686974639892578125e+02,2.259257822297513485e-01
7.275999784469604492e-01,4.685697021484375000e+02,2.259585544961737469e-01
7.276999950408935547e-01,4.684420166015625000e+02,2.259913118323311210e-01
7.278000116348266602e-01,4.683143920898437500e+02,2.260240840550977737e-01
7.279000282287597656e-01,4.681867523193359375e+02,2.260568413475994021e-01
7.279999852180480957e-01,4.680592346191406250e+02,2.260896135267103091e-01
7.281000018119812012e-01,4.679317626953125000e+02,2.261223707755561918e-01
7.282000184059143066e-01,4.678043365478515625e+02,2.261551429110113531e-01
7.282999753952026367e-01,4.676769409179687500e+02,2.261879001162014902e-01
7.283999919891357422e-01,4.675495910644531250e+02,2.262206573068397120e-01
7.285000085830688477e-01,4.674223480224609375e+02,2.262534293840872124e-01
7.286000251770019531e-01,4.672951354980468750e+02,2.262861865310696885e-01
7.286999821662902832e-01,4.671679382324218750e+02,2.263189585501095280e-01
7.287999987602233887e-01,4.670408325195312500e+02,2.263517156534362584e-01
7.289000153541564941e-01,4.669137878417968750e+02,2.263844727422110736e-01
7.289999723434448242e-01,4.667868041992187500e+02,2.264172447030432522e-01
7.290999889373779297e-01,4.666598205566406250e+02,2.264500017336104065e-01
7.292000055313110352e-01,4.665329284667968750e+02,2.264827587641775608e-01
7.293000221252441406e-01,4.664060668945312500e+02,2.265155306522501633e-01
7.293999791145324707e-01,4.662793121337890625e+02,2.265482876246096566e-01
7.294999957084655762e-01,4.661525726318359375e+02,2.265810445824172348e-01
7.296000123023986816e-01,4.660258789062500000e+02,2.266138164122821763e-01
7.297000288963317871e-01,4.658992462158203125e+02,2.266465733264340088e-01
7.297999858856201172e-01,4.657726593017578125e+02,2.266793302114820108e-01
7.299000024795532227e-01,4.656461486816406250e+02,2.267121019831392914e-01
7.300000190734863281e-01,4.655196838378906250e+02,2.267448588390834630e-01
7.300999760627746582e-01,4.653932800292968750e+02,2.267776156513718888e-01
7.301999926567077637e-01,4.652669067382812500e+02,2.268103724636603147e-01
7.303000092506408691e-01,4.651405944824218750e+02,2.268431441480061039e-01
7.304000258445739746e-01,4.650143585205078125e+02,2.268759009020868689e-01
7.304999828338623047e-01,4.648881378173828125e+02,2.269086576416157186e-01
7.305999994277954102e-01,4.647620239257812500e+02,2.269414143374888226e-01
7.307000160217285156e-01,4.646361694335937500e+02,2.269741708878427744e-01
7.307999730110168457e-01,4.645103912353515625e+02,2.270069273945409805e-01
7.308999896049499512e-01,4.643846588134765625e+02,2.270396987878484651e-01
7.310000061988830566e-01,4.642590026855468750e+02,2.270724552508909255e-01
7.311000227928161621e-01,4.641333923339843750e+02,2.271052116993814707e-01
7.311999797821044922e-01,4.640078277587890625e+02,2.271379681187681854e-01
7.312999963760375977e-01,4.638823089599609375e+02,2.271707245236029848e-01
7.314000129699707031e-01,4.637568664550781250e+02,2.272034809138858691e-01
7.315000295639038086e-01,4.636315002441406250e+02,2.272362372605130076e-01
7.315999865531921387e-01,4.635061035156250000e+02,2.272689787059789523e-01
7.317000031471252441e-01,4.633808288574218750e+02,2.273017350235022604e-01
7.318000197410583496e-01,4.632556152343750000e+02,2.273344913264736533e-01
7.318999767303466797e-01,4.631304016113281250e+02,2.273672476003412157e-01
7.319999933242797852e-01,4.630052795410156250e+02,2.274000038451049477e-01
7.321000099182128906e-01,4.628801879882812500e+02,2.274327600753167644e-01
7.322000265121459961e-01,4.627551879882812500e+02,2.274655162909766659e-01
7.322999835014343262e-01,4.626302337646484375e+02,2.274982724775327370e-01
7.324000000953674316e-01,4.625052947998046875e+02,2.275310286495368928e-01
7.325000166893005371e-01,4.623804321289062500e+02,2.275637847924372181e-01
7.325999736785888672e-01,4.622556152343750000e+02,2.275965260196244344e-01
7.326999902725219727e-01,4.621308746337890625e+02,2.276292821334209293e-01
7.328000068664550781e-01,4.620061492919921875e+02,2.276620382181135938e-01
7.329000234603881836e-01,4.618815002441406250e+02,2.276947942737024277e-01
7.329999804496765137e-01,4.617569274902343750e+02,2.277275503147393465e-01
7.330999970436096191e-01,4.616323699951171875e+02,2.277602914400631562e-01
7.332000136375427246e-01,4.615078887939453125e+02,2.277930474374443293e-01
7.332999706268310547e-01,4.613834381103515625e+02,2.278258034202735871e-01
7.333999872207641602e-01,4.612590484619140625e+02,2.278585593739990145e-01
7.335000038146972656e-01,4.611347351074218750e+02,2.278913004120113328e-01
7.336000204086303711e-01,4.610104370117187500e+02,2.279240563220810145e-01
7.336999773979187012e-01,4.608862457275390625e+02,2.279568122175987810e-01
7.337999939918518066e-01,4.607620544433593750e+02,2.279895531828515232e-01
7.339000105857849121e-01,4.606379547119140625e+02,2.280223090347135440e-01
7.340000271797180176e-01,4.605138702392578125e+02,2.280550648720236495e-01
7.340999841690063477e-01,4.603898620605468750e+02,2.280878057790687308e-01
7.342000007629394531e-01,4.602659301757812500e+02,2.281205615581711754e-01
7.343000173568725586e-01,4.601420288085937500e+02,2.281533173372736201e-01
7.343999743461608887e-01,4.600181579589843750e+02,2.281860581715591252e-01
7.344999909400939941e-01,4.598943634033203125e+02,2.282188138924539089e-01
7.346000075340270996e-01,4.597706451416015625e+02,2.282515546976355836e-01
7.347000241279602051e-01,4.596469421386718750e+02,2.282843103894265369e-01
7.347999811172485352e-01,4.595233154296875000e+02,2.283170511364005506e-01
7.348999977111816406e-01,4.593997039794921875e+02,2.283498067845357582e-01
7.350000143051147461e-01,4.592761993408203125e+02,2.283825624035671353e-01
7.350999712944030762e-01,4.591527099609375000e+02,2.284153030923334882e-01
7.351999878883361816e-01,4.590292968750000000e+02,2.284480586822610348e-01
7.353000044822692871e-01,4.589059448242187500e+02,2.284807993273716420e-01
7.354000210762023926e-01,4.587826232910156250e+02,2.285135399579303339e-01
7.354999780654907227e-01,4.586593475341796875e+02,2.285462954750983045e-01
7.355999946594238281e-01,4.585361328125000000e+02,2.285790360620012507e-01
7.357000112533569336e-01,4.584129791259765625e+02,2.286117915355134755e-01
7.358000278472900391e-01,4.582898864746093750e+02,2.286445320933125913e-01
7.358999848365783691e-01,4.581668395996093750e+02,2.286772875231690705e-01
7.360000014305114746e-01,4.580438232421875000e+02,2.287100280227605253e-01
7.361000180244445801e-01,4.579208984375000000e+02,2.287427685078000650e-01
7.361999750137329102e-01,4.577979888916015625e+02,2.287755238794488832e-01
7.362999916076660156e-01,4.576751556396484375e+02,2.288082643208326772e-01
7.364000082015991211e-01,4.575523681640625000e+02,2.288410047476645559e-01
7.365000247955322266e-01,4.574296569824218750e+02,2.288737600465537980e-01
7.365999817848205566e-01,4.573069763183593750e+02,2.289065004297299311e-01
7.366999983787536621e-01,4.571843261718750000e+02,2.289392407838022336e-01
7.368000149726867676e-01,4.570617675781250000e+02,2.289719811233226210e-01
7.368999719619750977e-01,4.569392395019531250e+02,2.290047363494522870e-01
7.369999885559082031e-01,4.568168029785156250e+02,2.290374766453169286e-01
7.371000051498413086e-01,4.566943817138671875e+02,2.290702169120777398e-01
7.372000217437744141e-01,4.565720062255859375e+02,2.291029571788385510e-01
7.372999787330627441e-01,4.564497070312500000e+02,2.291356974019436166e-01
7.373999953269958496e-01,4.563274536132812500e+02,2.291684376250486821e-01
7.375000119209289551e-01,4.562052459716796875e+02,2.292011927202111110e-01
7.376000285148620605e-01,4.560830993652343750e+02,2.292339328851085156e-01
7.376999855041503906e-01,4.559610290527343750e+02,2.292666730354540050e-01
7.378000020980834961e-01,4.558389892578125000e+02,2.292994131712475792e-01
7.379000186920166016e-01,4.557169799804687500e+02,2.293321532779373229e-01
7.379999756813049316e-01,4.555950469970703125e+02,2.293648933555232361e-01
7.380999922752380371e-01,4.554731903076171875e+02,2.293976334331091493e-01
7.382000088691711426e-01,4.553513336181640625e+02,2.294303734670393169e-01
7.383000254631042480e-01,4.552295379638671875e+02,2.294631135009694844e-01
7.383999824523925781e-01,4.551078643798828125e+02,2.294958535057958215e-01
7.384999990463256836e-01,4.549861755371093750e+02,2.295285934815183282e-01
7.386000156402587891e-01,4.548645324707031250e+02,2.295613334426889196e-01
7.386999726295471191e-01,4.547429962158203125e+02,2.295940733893075958e-01
7.387999892234802246e-01,4.546214752197265625e+02,2.296268133068224415e-01
7.389000058174133301e-01,4.545000152587890625e+02,2.296595532097853720e-01
7.390000224113464355e-01,4.543785858154296875e+02,2.296922930836444721e-01
7.390999794006347656e-01,4.542572784423828125e+02,2.297250329429516569e-01
7.391999959945678711e-01,4.541359558105468750e+02,2.297577727877069265e-01
7.393000125885009766e-01,4.540147094726562500e+02,2.297904977021971717e-01
7.394000291824340820e-01,4.538935241699218750e+02,2.298232374887447804e-01
7.394999861717224121e-01,4.537723693847656250e+02,2.298559772607404739e-01
7.396000027656555176e-01,4.536512756347656250e+02,2.298887170181842521e-01
7.397000193595886230e-01,4.535302276611328125e+02,2.299214567465241998e-01
7.397999763488769531e-01,4.534092559814453125e+02,2.299541815591510385e-01
7.398999929428100586e-01,4.532883300781250000e+02,2.299869212583871558e-01
7.400000095367431641e-01,4.531674499511718750e+02,2.300196609285194427e-01
7.401000261306762695e-01,4.530466308593750000e+02,2.300524005695478991e-01
7.401999831199645996e-01,4.529258575439453125e+02,2.300851253094151616e-01
7.402999997138977051e-01,4.528051300048828125e+02,2.301178649067878723e-01
7.404000163078308105e-01,4.526844482421875000e+02,2.301506045041605830e-01
7.404999732971191406e-01,4.525638275146484375e+02,2.301833291712682694e-01
7.405999898910522461e-01,4.524432678222656250e+02,2.302160687104333192e-01
7.407000064849853516e-01,4.523227691650390625e+02,2.302488082350464538e-01
7.408000230789184570e-01,4.522022857666015625e+02,2.302815328439464793e-01
7.408999800682067871e-01,4.520818939208984375e+02,2.303142723249038681e-01
7.409999966621398926e-01,4.519615325927734375e+02,2.303469968901481479e-01
7.411000132560729980e-01,4.518412322998046875e+02,2.303797363274497911e-01
7.411999702453613281e-01,4.517210083007812500e+02,2.304124757501995191e-01
7.412999868392944336e-01,4.516008300781250000e+02,2.304452002426842228e-01
7.414000034332275391e-01,4.514806365966796875e+02,2.304779396363301203e-01
7.415000200271606445e-01,4.513605957031250000e+02,2.305106640851590782e-01
7.415999770164489746e-01,4.512405395507812500e+02,2.305433885194361210e-01
7.416999936103820801e-01,4.511205291748046875e+02,2.305761278403224424e-01
7.418000102043151855e-01,4.510005950927734375e+02,2.306088522454956546e-01
7.419000267982482910e-01,4.508807220458984375e+02,2.306415915227262303e-01
7.419999837875366211e-01,4.507609252929687500e+02,2.306743158696917817e-01
7.421000003814697266e-01,4.506411437988281250e+02,2.307070551032666117e-01
7.422000169754028320e-01,4.505214080810546875e+02,2.307397794211283326e-01
7.422999739646911621e-01,4.504017486572265625e+02,2.307725037098862231e-01
7.423999905586242676e-01,4.502821197509765625e+02,2.308052428852533922e-01
7.425000071525573730e-01,4.501625671386718750e+02,2.308379671449074522e-01
7.426000237464904785e-01,4.500430603027343750e+02,2.308706913754576817e-01
7.426999807357788086e-01,4.499235839843750000e+02,2.309034155914559960e-01
7.427999973297119141e-01,4.498041687011718750e+02,2.309361546795116737e-01
7.429000139236450195e-01,4.496848144531250000e+02,2.309688788518542424e-01
7.429999709129333496e-01,4.495654907226562500e+02,2.310016029950929806e-01
7.430999875068664551e-01,4.494462585449218750e+02,2.310343271237798035e-01
7.432000041007995605e-01,4.493270568847656250e+02,2.310670661390759051e-01
7.433000206947326660e-01,4.492079315185546875e+02,2.310997902241069824e-01
7.433999776840209961e-01,4.490888214111328125e+02,2.311325142945861444e-01
7.434999942779541016e-01,4.489697723388671875e+02,2.311652383359614760e-01
7.436000108718872070e-01,4.488507537841796875e+02,2.311979623627848923e-01
7.437000274658203125e-01,4.487318267822265625e+02,2.312306863605044782e-01
7.437999844551086426e-01,4.486129608154296875e+02,2.312634103582240641e-01
7.439000010490417480e-01,4.484940948486328125e+02,2.312961343122879043e-01
7.440000176429748535e-01,4.483753509521484375e+02,2.313288582663517445e-01
7.440999746322631836e-01,4.482565917968750000e+02,2.313615821913117543e-01
7.441999912261962891e-01,4.481379241943359375e+02,2.313943060871679336e-01
7.443000078201293945e-01,4.480192871093750000e+02,2.314270299684721977e-01
7.444000244140625000e-01,4.479007110595703125e+02,2.314597538352245465e-01
7.444999814033508301e-01,4.477821807861328125e+02,2.314924776728730649e-01
7.445999979972839355e-01,4.476637420654296875e+02,2.315252014959696680e-01
7.447000145912170410e-01,4.475453186035156250e+02,2.315579252899624407e-01
7.447999715805053711e-01,4.474269409179687500e+02,2.315906490839552134e-01
7.448999881744384766e-01,4.473086395263671875e+02,2.316233728342922404e-01
7.450000047683715820e-01,4.471903686523437500e+02,2.316560965700773522e-01
7.451000213623046875e-01,4.470721588134765625e+02,2.316888202913105488e-01
7.451999783515930176e-01,4.469539947509765625e+02,2.317215290968306363e-01
7.452999949455261230e-01,4.468358917236328125e+02,2.317542527744080871e-01
7.454000115394592285e-01,4.467178497314453125e+02,2.317869764228817075e-01
7.455000281333923340e-01,4.465998229980468750e+02,2.318197000713553280e-01
7.455999851226806641e-01,4.464818725585937500e+02,2.318524087895639241e-01
7.457000017166137695e-01,4.463639831542968750e+02,2.318851323798298836e-01
7.458000183105468750e-01,4.462461395263671875e+02,2.319178559555439278e-01
7.458999752998352051e-01,4.461283416748046875e+02,2.319505795167060569e-01
7.459999918937683105e-01,4.460105590820312500e+02,2.319832881476031616e-01
7.461000084877014160e-01,4.458928680419921875e+02,2.320160116651095450e-01
7.462000250816345215e-01,4.457752532958984375e+02,2.320487202523509040e-01
7.462999820709228516e-01,4.456576690673828125e+02,2.320814437262015417e-01
7.463999986648559570e-01,4.455401153564453125e+02,2.321141671855002642e-01
7.465000152587890625e-01,4.454226226806640625e+02,2.321468757145339623e-01
7.465999722480773926e-01,4.453051910400390625e+02,2.321795991301769391e-01
7.466999888420104980e-01,4.451878204345703125e+02,2.322123076301068068e-01
7.468000054359436035e-01,4.450704803466796875e+02,2.322450310020940378e-01
7.469000220298767090e-01,4.449531860351562500e+02,2.322777394583681598e-01
7.469999790191650391e-01,4.448359832763671875e+02,2.323104627866996452e-01
7.470999956130981445e-01,4.447187957763671875e+02,2.323431711993180215e-01
7.472000122070312500e-01,4.446016845703125000e+02,2.323758944985456765e-01
7.473000288009643555e-01,4.444845886230468750e+02,2.324086028675083071e-01
7.473999857902526855e-01,4.443675842285156250e+02,2.324413112073671073e-01
7.475000023841857910e-01,4.442506256103515625e+02,2.324740344483871013e-01
7.476000189781188965e-01,4.441336975097656250e+02,2.325067427591420710e-01
7.476999759674072266e-01,4.440168304443359375e+02,2.325394510407932103e-01
7.477999925613403320e-01,4.439000244140625000e+02,2.325721742236055434e-01
7.479000091552734375e-01,4.437832489013671875e+02,2.326048824761528522e-01
7.480000257492065430e-01,4.436665344238281250e+02,2.326375906995963305e-01
7.480999827384948730e-01,4.435498504638671875e+02,2.326703138096490875e-01
7.481999993324279785e-01,4.434332580566406250e+02,2.327030220039887354e-01
7.483000159263610840e-01,4.433166961669921875e+02,2.327357301692245528e-01
7.483999729156494141e-01,4.432001647949218750e+02,2.327684383199084550e-01
7.484999895095825195e-01,4.430837249755859375e+02,2.328011464414885268e-01
7.486000061035156250e-01,4.429673156738281250e+02,2.328338694642297924e-01
7.487000226974487305e-01,4.428509674072265625e+02,2.328665775421541184e-01
7.487999796867370605e-01,4.427346649169921875e+02,2.328992856200784445e-01
7.488999962806701660e-01,4.426184234619140625e+02,2.329319936688989401e-01
7.490000128746032715e-01,4.425022277832031250e+02,2.329647016886156052e-01
7.491000294685363770e-01,4.423860778808593750e+02,2.329974097083322704e-01
7.491999864578247070e-01,4.422699890136718750e+02,2.330301176989451051e-01
7.493000030517578125e-01,4.421539306640625000e+02,2.330628256604541093e-01
7.494000196456909180e-01,4.420379486083984375e+02,2.330955336074111983e-01
7.494999766349792480e-01,4.419219665527343750e+02,2.331282415398163721e-01
7.495999932289123535e-01,4.418060760498046875e+02,2.331609494431177154e-01
7.497000098228454590e-01,4.416902313232421875e+02,2.331936573318671435e-01
7.498000264167785645e-01,4.415744781494140625e+02,2.332263652060646564e-01
7.498999834060668945e-01,4.414587097167968750e+02,2.332590730511583388e-01
7.500000000000000000e-01,4.413430175781250000e+02,2.332917808817001060e-01
7.501000165939331055e-01,4.412274169921875000e+02,2.333244737674249336e-01
7.501999735832214355e-01,4.411120452880859375e+02,2.333571813942398876e-01
7.502999901771545410e-01,4.409967498779296875e+02,2.333898890065029263e-01
7.504000067710876465e-01,4.408814849853515625e+02,2.334225816885009408e-01
7.505000233650207520e-01,4.407662811279296875e+02,2.334552892425563186e-01
7.505999803543090820e-01,4.406511383056640625e+02,2.334879967820597813e-01
7.506999969482421875e-01,4.405360412597656250e+02,2.335206894058501348e-01
7.508000135421752930e-01,4.404210052490234375e+02,2.335533969162497669e-01
7.508999705314636230e-01,4.403059692382812500e+02,2.335861043975455686e-01
7.509999871253967285e-01,4.401910400390625000e+02,2.336187969631282613e-01
7.511000037193298340e-01,4.400761413574218750e+02,2.336515044007683173e-01
7.512000203132629395e-01,4.399612884521484375e+02,2.336841969226952642e-01
7.512999773025512695e-01,4.398465270996093750e+02,2.337169043312314898e-01
7.513999938964843750e-01,4.397317657470703125e+02,2.337495968095026910e-01
7.515000104904174805e-01,4.396170654296875000e+02,2.337822892732219771e-01
7.516000270843505859e-01,4.395024566650390625e+02,2.338149966235505417e-01
7.516999840736389160e-01,4.393878326416015625e+02,2.338476890436140820e-01
7.518000006675720215e-01,4.392733154296875000e+02,2.338803963502869010e-01
7.519000172615051270e-01,4.391588134765625000e+02,2.339130887266946957e-01
7.519999742507934570e-01,4.390443725585937500e+02,2.339457810885505751e-01
7.520999908447265625e-01,4.389299926757812500e+02,2.339784883370157331e-01
7.522000074386596680e-01,4.388154907226562500e+02,2.340112104720901698e-01
7.523000240325927734e-01,4.387008666992187500e+02,2.340439475228777155e-01
7.523999810218811035e-01,4.385860290527343750e+02,2.340767144341953099e-01
7.524999976158142090e-01,4.384710845947265625e+02,2.341094813746167347e-01
7.526000142097473145e-01,4.383559722900390625e+02,2.341422632598550990e-01
7.526999711990356445e-01,4.382407684326171875e+02,2.341750600608065724e-01
7.527999877929687500e-01,4.381254730224609375e+02,2.342078569054137915e-01
7.529000043869018555e-01,4.380101318359375000e+02,2.342406686511822045e-01
7.530000209808349609e-01,4.378947296142578125e+02,2.342734654957894236e-01
7.530999779701232910e-01,4.377793273925781250e+02,2.343062772415578365e-01
7.531999945640563965e-01,4.376639404296875000e+02,2.343391038884874433e-01
7.533000111579895020e-01,4.375485534667968750e+02,2.343719156342558563e-01
7.534000277519226074e-01,4.374331970214843750e+02,2.344047422520816326e-01
7.534999847412109375e-01,4.373178558349609375e+02,2.344375539687462151e-01
7.536000013351440430e-01,4.372025299072265625e+02,2.344703805720200762e-01
7.537000179290771484e-01,4.370872650146484375e+02,2.345031922450289130e-01
7.537999749183654785e-01,4.369720764160156250e+02,2.345360188191989437e-01
7.538999915122985840e-01,4.368568725585937500e+02,2.345688304631039500e-01
7.540000081062316895e-01,4.367417602539062500e+02,2.346016569936182350e-01
7.541000247001647949e-01,4.366266784667968750e+02,2.346344834950286895e-01
7.541999816894531250e-01,4.365116271972656250e+02,2.346672950807260349e-01
7.542999982833862305e-01,4.363966369628906250e+02,2.347001215530326590e-01
7.544000148773193359e-01,4.362817077636718750e+02,2.347329331096261740e-01
7.544999718666076660e-01,4.361668090820312500e+02,2.347657595382770523e-01
7.545999884605407715e-01,4.360519714355468750e+02,2.347985710366629064e-01
7.547000050544738770e-01,4.359371795654296875e+02,2.348313974362099543e-01
7.548000216484069824e-01,4.358224639892578125e+02,2.348642088909400627e-01
7.548999786376953125e-01,4.357077789306640625e+02,2.348970352468313649e-01
7.549999952316284180e-01,4.355931701660156250e+02,2.349298466724576429e-01
7.551000118255615234e-01,4.354785461425781250e+02,2.349626580835320055e-01
7.552000284194946289e-01,4.353640441894531250e+02,2.349954843666637316e-01
7.552999854087829590e-01,4.352495727539062500e+02,2.350282957340823486e-01
7.554000020027160645e-01,4.351351470947265625e+02,2.350611070869490504e-01
7.555000185966491699e-01,4.350207824707031250e+02,2.350939184107119218e-01
7.555999755859375000e-01,4.349064636230468750e+02,2.351267446210840717e-01
7.556999921798706055e-01,4.347921905517578125e+02,2.351595559157431126e-01
7.558000087738037109e-01,4.346779937744140625e+02,2.351923671812983230e-01
7.559000253677368164e-01,4.345638427734375000e+02,2.352251784323016182e-01
7.559999823570251465e-01,4.344496917724609375e+02,2.352579896542010829e-01
7.560999989509582520e-01,4.343356475830078125e+02,2.352908008615486324e-01
7.562000155448913574e-01,4.342216644287109375e+02,2.353236120543442667e-01
7.562999725341796875e-01,4.341077117919921875e+02,2.353564232180360705e-01
7.563999891281127930e-01,4.339937744140625000e+02,2.353892343671759591e-01
7.565000057220458984e-01,4.338799438476562500e+02,2.354220455017639324e-01
7.566000223159790039e-01,4.337660980224609375e+02,2.354548417060868815e-01
7.566999793052673340e-01,4.336523895263671875e+02,2.354876527970191091e-01
7.567999958992004395e-01,4.335386657714843750e+02,2.355204638588475063e-01
7.569000124931335449e-01,4.334250030517578125e+02,2.355532749206759036e-01
7.570000290870666504e-01,4.333114318847656250e+02,2.355860710376873612e-01
7.570999860763549805e-01,4.331978759765625000e+02,2.356188820558600128e-01
7.572000026702880859e-01,4.330843963623046875e+02,2.356516930449288338e-01
7.573000192642211914e-01,4.329709625244140625e+02,2.356844891182845458e-01
7.573999762535095215e-01,4.328575439453125000e+02,2.357173000636976212e-01
7.574999928474426270e-01,4.327442016601562500e+02,2.357500960933975875e-01
7.576000094413757324e-01,4.326309356689453125e+02,2.357829070097068325e-01
7.577000260353088379e-01,4.325176849365234375e+02,2.358157029957510531e-01
7.577999830245971680e-01,4.324044799804687500e+02,2.358484989817952737e-01
7.578999996185302734e-01,4.322913208007812500e+02,2.358813098253449425e-01
7.580000162124633789e-01,4.321782836914062500e+02,2.359141057677334175e-01
7.580999732017517090e-01,4.320652160644531250e+02,2.359469016810180619e-01
7.581999897956848145e-01,4.319522552490234375e+02,2.359797124663600698e-01
7.583000063896179199e-01,4.318393249511718750e+02,2.360125083505408838e-01
7.584000229835510254e-01,4.317264251708984375e+02,2.360453042056178674e-01
7.584999799728393555e-01,4.316136169433593750e+02,2.360781000315910205e-01
7.585999965667724609e-01,4.315008087158203125e+02,2.361108958430122584e-01
7.587000131607055664e-01,4.313880920410156250e+02,2.361436916398815811e-01
7.588000297546386719e-01,4.312754211425781250e+02,2.361765023233601823e-01
7.588999867439270020e-01,4.311627960205078125e+02,2.362092980765737593e-01
7.590000033378601074e-01,4.310502319335937500e+02,2.362420938152354211e-01
7.591000199317932129e-01,4.309376831054687500e+02,2.362748895393451676e-01
7.591999769210815430e-01,4.308252258300781250e+02,2.363076703331898898e-01
7.592999935150146484e-01,4.307127838134765625e+02,2.363404660136438906e-01
7.594000101089477539e-01,4.306004180908203125e+02,2.363732616795459762e-01
7.595000267028808594e-01,4.304881134033203125e+02,2.364060573163442314e-01
7.595999836921691895e-01,4.303758392333984375e+02,2.364388529385905713e-01
7.597000002861022949e-01,4.302635955810546875e+02,2.364716485317330807e-01
7.598000168800354004e-01,4.301514282226562500e+02,2.365044292237143964e-01
7.598999738693237305e-01,4.300393066406250000e+02,2.365372247732011601e-01
7.599999904632568359e-01,4.299272613525390625e+02,2.365700203226879239e-01
7.601000070571899414e-01,4.298152313232421875e+02,2.366028009419096634e-01
7.602000236511230469e-01,4.297032775878906250e+02,2.366355964477406815e-01
7.602999806404113770e-01,4.295913085937500000e+02,2.366683770378585905e-01
7.603999972343444824e-01,4.294794616699218750e+02,2.367011725000338629e-01
7.605000138282775879e-01,4.293676605224609375e+02,2.367339530464960262e-01
7.605999708175659180e-01,4.292558898925781250e+02,2.367667484795674682e-01
7.606999874114990234e-01,4.291441497802734375e+02,2.367995289823738858e-01
7.608000040054321289e-01,4.290324859619140625e+02,2.368323094706283882e-01
7.609000205993652344e-01,4.289208984375000000e+02,2.368651048309402540e-01
7.609999775886535645e-01,4.288093414306640625e+02,2.368978852900909260e-01
7.610999941825866699e-01,4.286978149414062500e+02,2.369306657201377675e-01
7.612000107765197754e-01,4.285863189697265625e+02,2.369634610222419724e-01
7.613000273704528809e-01,4.284749298095703125e+02,2.369962414231849834e-01
7.613999843597412109e-01,4.283635864257812500e+02,2.370290217950241640e-01
7.615000009536743164e-01,4.282522583007812500e+02,2.370618021377595142e-01
7.616000175476074219e-01,4.281409759521484375e+02,2.370945824804948643e-01
7.616999745368957520e-01,4.280297698974609375e+02,2.371273627941263840e-01
7.617999911308288574e-01,4.279185943603515625e+02,2.371601430786540732e-01
7.619000077247619629e-01,4.278075256347656250e+02,2.371929233631817624e-01
7.620000243186950684e-01,4.276964416503906250e+02,2.372257036186056212e-01
7.620999813079833984e-01,4.275854339599609375e+02,2.372584838449256495e-01
7.621999979019165039e-01,4.274744415283203125e+02,2.372912640712456778e-01
7.623000144958496094e-01,4.273635559082031250e+02,2.373240442684618756e-01
7.623999714851379395e-01,4.272526702880859375e+02,2.373568244511261582e-01
7.624999880790710449e-01,4.271418914794921875e+02,2.373896046046866104e-01
7.626000046730041504e-01,4.270311279296875000e+02,2.374223698425339535e-01
7.627000212669372559e-01,4.269204101562500000e+02,2.374551499669905752e-01
7.627999782562255859e-01,4.268098449707031250e+02,2.374879299895837903e-01
7.628999948501586914e-01,4.266994781494140625e+02,2.375206950091524050e-01
7.630000114440917969e-01,4.265891571044921875e+02,2.375534749153302982e-01
7.631000280380249023e-01,4.264788818359375000e+02,2.375862399057950824e-01
7.631999850273132324e-01,4.263686676025390625e+02,2.376190197683172300e-01
7.633000016212463379e-01,4.262584686279296875e+02,2.376517847151262686e-01
7.634000182151794434e-01,4.261483459472656250e+02,2.376845496473833919e-01
7.634999752044677734e-01,4.260382690429687500e+02,2.377173294516978785e-01
7.635999917984008789e-01,4.259282531738281250e+02,2.377500943402992561e-01
7.637000083923339844e-01,4.258182830810546875e+02,2.377828592143487185e-01
7.638000249862670898e-01,4.257083587646484375e+02,2.378156389750074595e-01
7.638999819755554199e-01,4.255984802246093750e+02,2.378484038054011762e-01
7.639999985694885254e-01,4.254886627197265625e+02,2.378811686212429777e-01
7.641000151634216309e-01,4.253788452148437500e+02,2.379139334079809487e-01
7.641999721527099609e-01,4.252691497802734375e+02,2.379466981801670045e-01
7.642999887466430664e-01,4.251594543457031250e+02,2.379794629378011450e-01
7.644000053405761719e-01,4.250498199462890625e+02,2.380122276808833703e-01
7.645000219345092773e-01,4.249402465820312500e+02,2.380449923948617652e-01
7.645999789237976074e-01,4.248307342529296875e+02,2.380777571088401601e-01
7.646999955177307129e-01,4.247212524414062500e+02,2.381105217791628093e-01
7.648000121116638184e-01,4.246118316650390625e+02,2.381432864494854584e-01
7.649000287055969238e-01,4.245024414062500000e+02,2.381760510907042772e-01
7.649999856948852539e-01,4.243931121826171875e+02,2.382088157173711807e-01
7.651000022888183594e-01,4.242838287353515625e+02,2.382415654283249751e-01
7.652000188827514648e-01,4.241745605468750000e+02,2.382743300113361329e-01
7.652999758720397949e-01,4.240653991699218750e+02,2.383070945797953755e-01
7.653999924659729004e-01,4.239562683105468750e+02,2.383398591337027028e-01
7.655000090599060059e-01,4.238471832275390625e+02,2.383726087573450059e-01
7.656000256538391113e-01,4.237381439208984375e+02,2.384053732821485028e-01
7.656999826431274414e-01,4.236291503906250000e+02,2.384381377632962540e-01
7.657999992370605469e-01,4.235202026367187500e+02,2.384708873432828113e-01
7.659000158309936523e-01,4.234113159179687500e+02,2.385036517953267321e-01
7.659999728202819824e-01,4.233024444580078125e+02,2.385364013316575438e-01
7.660999894142150879e-01,4.231936798095703125e+02,2.385691657545976341e-01
7.662000060081481934e-01,4.230849456787109375e+02,2.386019152618246153e-01
7.663000226020812988e-01,4.229762420654296875e+02,2.386346647399477661e-01
7.663999795913696289e-01,4.228675994873046875e+02,2.386674291046801955e-01
7.664999961853027344e-01,4.227590026855468750e+02,2.387001785391476005e-01
7.666000127792358398e-01,4.226504364013671875e+02,2.387329279736150056e-01
7.667000293731689453e-01,4.225419616699218750e+02,2.387656922801397741e-01
7.667999863624572754e-01,4.224334869384765625e+02,2.387984416709514335e-01
7.669000029563903809e-01,4.223250885009765625e+02,2.388311910326592624e-01
7.670000195503234863e-01,4.222167358398437500e+02,2.388639403798151761e-01
7.670999765396118164e-01,4.221084442138671875e+02,2.388966897124191746e-01
7.671999931335449219e-01,4.220001678466796875e+02,2.389294390304712579e-01
7.673000097274780273e-01,4.218919677734375000e+02,2.389621883339714259e-01
7.674000263214111328e-01,4.217838134765625000e+02,2.389949376083677635e-01
7.674999833106994629e-01,4.216756896972656250e+02,2.390276868682121858e-01
7.675999999046325684e-01,4.215676269531250000e+02,2.390604360989527777e-01
7.677000164985656738e-01,4.214595947265625000e+02,2.390931853151414543e-01
7.677999734878540039e-01,4.213516540527343750e+02,2.391259345167782158e-01
7.678999900817871094e-01,4.212437133789062500e+02,2.391586837038630620e-01
7.680000066757202148e-01,4.211358337402343750e+02,2.391914328763959929e-01
7.681000232696533203e-01,4.210280609130859375e+02,2.392241820198250934e-01
7.681999802589416504e-01,4.209202423095703125e+02,2.392569311487022787e-01
7.682999968528747559e-01,4.208125457763671875e+02,2.392896653618663549e-01
7.684000134468078613e-01,4.207048797607421875e+02,2.393224144470877945e-01
7.684999704360961914e-01,4.205972595214843750e+02,2.393551635032054037e-01
7.685999870300292969e-01,4.204899139404296875e+02,2.393878975126426667e-01
7.687000036239624023e-01,4.203826293945312500e+02,2.394206464086892083e-01
7.688000202178955078e-01,4.202753601074218750e+02,2.394533803744707257e-01
7.688999772071838379e-01,4.201681518554687500e+02,2.394861292268615216e-01
7.689999938011169434e-01,4.200610198974609375e+02,2.395188631635392085e-01
7.691000103950500488e-01,4.199539337158203125e+02,2.395515970856649801e-01
7.692000269889831543e-01,4.198468780517578125e+02,2.395843458798481151e-01
7.692999839782714844e-01,4.197398834228515625e+02,2.396170797583181411e-01
7.694000005722045898e-01,4.196329040527343750e+02,2.396498136222362518e-01
7.695000171661376953e-01,4.195260162353515625e+02,2.396825474570505321e-01
7.695999741554260254e-01,4.194191284179687500e+02,2.397152961784740910e-01
7.696999907493591309e-01,4.193123168945312500e+02,2.397480299841845408e-01
7.698000073432922363e-01,4.192055816650390625e+02,2.397807637753430754e-01
7.699000239372253418e-01,4.190988464355468750e+02,2.398134975519496948e-01
7.699999809265136719e-01,4.189921875000000000e+02,2.398462312994524837e-01
7.700999975204467773e-01,4.188855743408203125e+02,2.398789650324033573e-01
7.702000141143798828e-01,4.187790222167968750e+02,2.399116987508023158e-01
7.702999711036682129e-01,4.186724700927734375e+02,2.399444324400974438e-01
7.703999876976013184e-01,4.185660095214843750e+02,2.399771661148406565e-01
7.705000042915344238e-01,4.184595794677734375e+02,2.400098997750319541e-01
7.706000208854675293e-01,4.183531799316406250e+02,2.400426334206713364e-01
7.706999778747558594e-01,4.182468414306640625e+02,2.400753521505976096e-01
7.707999944686889648e-01,4.181405487060546875e+02,2.401080857525812462e-01
7.709000110626220703e-01,4.180343475341796875e+02,2.401408193400129676e-01
7.710000276565551758e-01,4.179281158447265625e+02,2.401735529128927737e-01
7.710999846458435059e-01,4.178219757080078125e+02,2.402062715555075556e-01
7.712000012397766113e-01,4.177158966064453125e+02,2.402390050992835313e-01
7.713000178337097168e-01,4.176098480224609375e+02,2.402717386139556766e-01
7.713999748229980469e-01,4.175038604736328125e+02,2.403044572129147127e-01
7.714999914169311523e-01,4.173978881835937500e+02,2.403371906839311123e-01
7.716000080108642578e-01,4.172919921875000000e+02,2.403699092392344028e-01
7.717000246047973633e-01,4.171860961914062500e+02,2.404026426956988871e-01
7.717999815940856934e-01,4.170803070068359375e+02,2.404353612073464319e-01
7.718999981880187988e-01,4.169745330810546875e+02,2.404680946201551706e-01
7.720000147819519043e-01,4.168688049316406250e+02,2.405008131172508001e-01
7.720999717712402344e-01,4.167631378173828125e+02,2.405335464864037931e-01
7.721999883651733398e-01,4.166575164794921875e+02,2.405662649398436770e-01
7.723000049591064453e-01,4.165519409179687500e+02,2.405989833641797304e-01
7.724000215530395508e-01,4.164464263916015625e+02,2.406317017885157838e-01
7.724999785423278809e-01,4.163409423828125000e+02,2.406644350849092007e-01
7.725999951362609863e-01,4.162354888916015625e+02,2.406971534655895084e-01
7.727000117301940918e-01,4.161300964355468750e+02,2.407298718317179009e-01
7.728000283241271973e-01,4.160247650146484375e+02,2.407625901687424630e-01
7.728999853134155273e-01,4.159194641113281250e+02,2.407953085057670251e-01
7.730000019073486328e-01,4.158142242431640625e+02,2.408280268136877567e-01
7.731000185012817383e-01,4.157090148925781250e+02,2.408607451070565730e-01
7.731999754905700684e-01,4.156038665771484375e+02,2.408934633713215590e-01
7.732999920845031738e-01,4.154987640380859375e+02,2.409261816355865449e-01
7.734000086784362793e-01,4.153936767578125000e+02,2.409588998707477003e-01
7.735000252723693848e-01,4.152886810302734375e+02,2.409916180913569406e-01
7.735999822616577148e-01,4.151837005615234375e+02,2.410243362828623503e-01
7.736999988555908203e-01,4.150787963867187500e+02,2.410570544743677601e-01
7.738000154495239258e-01,4.149739227294921875e+02,2.410897726367693394e-01
7.738999724388122559e-01,4.148690795898437500e+02,2.411224907846190035e-01
7.739999890327453613e-01,4.147642974853515625e+02,2.411552089179167524e-01
7.741000056266784668e-01,4.146595764160156250e+02,2.411879121355013922e-01
7.742000222206115723e-01,4.145548858642578125e+02,2.412206302251433954e-01
7.742999792098999023e-01,4.144502563476562500e+02,2.412533483002334833e-01
7.743999958038330078e-01,4.143456420898437500e+02,2.412860514596104622e-01
7.745000123977661133e-01,4.142411193847656250e+02,2.413187695055967197e-01
7.746000289916992188e-01,4.141366119384765625e+02,2.413514726213179529e-01
7.746999859809875488e-01,4.140321807861328125e+02,2.413841906236484647e-01
7.748000025749206543e-01,4.139277648925781250e+02,2.414168937248177826e-01
7.749000191688537598e-01,4.138234100341796875e+02,2.414496116834925488e-01
7.749999761581420898e-01,4.137191009521484375e+02,2.414823147410061210e-01
7.750999927520751953e-01,4.136148376464843750e+02,2.415150326705770567e-01
7.752000093460083008e-01,4.135105895996093750e+02,2.415477356989867985e-01
7.753000259399414062e-01,4.134064025878906250e+02,2.415804535994539037e-01
7.753999829292297363e-01,4.133022918701171875e+02,2.416131565696559846e-01
7.754999995231628418e-01,4.131982116699218750e+02,2.416458595398580655e-01
7.756000161170959473e-01,4.130941619873046875e+02,2.416785624809563160e-01
7.756999731063842773e-01,4.129902038574218750e+02,2.417112803086638451e-01
7.757999897003173828e-01,4.128862304687500000e+02,2.417439832206582651e-01
7.759000062942504883e-01,4.127823486328125000e+02,2.417766861181007698e-01
7.760000228881835938e-01,4.126785125732421875e+02,2.418093890009913594e-01
7.760999798774719238e-01,4.125746917724609375e+02,2.418420918547781184e-01
7.761999964714050293e-01,4.124709472656250000e+02,2.418747946940129623e-01
7.763000130653381348e-01,4.123672332763671875e+02,2.419074975186958909e-01
7.764000296592712402e-01,4.122635650634765625e+02,2.419402003142749891e-01
7.764999866485595703e-01,4.121599426269531250e+02,2.419729031098540872e-01
7.766000032424926758e-01,4.120563507080078125e+02,2.420056058763293549e-01
7.767000198364257812e-01,4.119528350830078125e+02,2.420383086282527074e-01
7.767999768257141113e-01,4.118493652343750000e+02,2.420710113656241447e-01
7.768999934196472168e-01,4.117459106445312500e+02,2.421037140884436667e-01
7.770000100135803223e-01,4.116425170898437500e+02,2.421364167821593583e-01
7.771000266075134277e-01,4.115391693115234375e+02,2.421691194613231346e-01
7.771999835968017578e-01,4.114358673095703125e+02,2.422018072247738019e-01
7.773000001907348633e-01,4.113326263427734375e+02,2.422345098748337477e-01
7.774000167846679688e-01,4.112294006347656250e+02,2.422672125103417784e-01
7.774999737739562988e-01,4.111262512207031250e+02,2.422999002155847847e-01
7.775999903678894043e-01,4.110231323242187500e+02,2.423326028219889849e-01
7.777000069618225098e-01,4.109200744628906250e+02,2.423653053992893547e-01
7.778000235557556152e-01,4.108170471191406250e+02,2.423979930463247001e-01
7.778999805450439453e-01,4.107140808105468750e+02,2.424306955945212394e-01
7.779999971389770508e-01,4.106111145019531250e+02,2.424633832270046696e-01
7.781000137329101562e-01,4.105082702636718750e+02,2.424960857315454632e-01
7.781999707221984863e-01,4.104054260253906250e+02,2.425287733203731477e-01
7.782999873161315918e-01,4.103026123046875000e+02,2.425614757958101109e-01
7.784000039100646973e-01,4.101998901367187500e+02,2.425941633409820497e-01
7.785000205039978027e-01,4.100971527099609375e+02,2.426268508861539885e-01
7.785999774932861328e-01,4.099945373535156250e+02,2.426595533033832908e-01
7.786999940872192383e-01,4.098918914794921875e+02,2.426922408048994839e-01
7.788000106811523438e-01,4.097893371582031250e+02,2.427249282918637618e-01
7.789000272750854492e-01,4.096868133544921875e+02,2.427576157642761245e-01
7.789999842643737793e-01,4.095843200683593750e+02,2.427903181087458506e-01
7.791000008583068848e-01,4.094819488525390625e+02,2.428230055229505524e-01
7.792000174522399902e-01,4.093797607421875000e+02,2.428556928061880171e-01
7.792999744415283203e-01,4.092776336669921875e+02,2.428883800603216514e-01
7.793999910354614258e-01,4.091755676269531250e+02,2.429210672999033704e-01
7.795000076293945312e-01,4.090735626220703125e+02,2.429537545249331743e-01
7.796000242233276367e-01,4.089715728759765625e+02,2.429864417208591476e-01
7.796999812126159668e-01,4.088696594238281250e+02,2.430191140010720119e-01
7.797999978065490723e-01,4.087677764892578125e+02,2.430518011678941548e-01
7.799000144004821777e-01,4.086659698486328125e+02,2.430844883201643825e-01
7.799999713897705078e-01,4.085641479492187500e+02,2.431171754578826949e-01
7.800999879837036133e-01,4.084624176025390625e+02,2.431498476798878983e-01
7.802000045776367188e-01,4.083607330322265625e+02,2.431825347739504650e-01
7.803000211715698242e-01,4.082590637207031250e+02,2.432152218534611166e-01
7.803999781608581543e-01,4.081574554443359375e+02,2.432479089184198529e-01
7.804999947547912598e-01,4.080558776855468750e+02,2.432805810676654801e-01
7.806000113487243652e-01,4.079543762207031250e+02,2.433132681035203859e-01
7.807000279426574707e-01,4.078528747558593750e+02,2.433459402091102675e-01
7.807999849319458008e-01,4.077514648437500000e+02,2.433786272158613428e-01
7.809000015258789062e-01,4.076500701904296875e+02,2.434112992923473939e-01
7.810000181198120117e-01,4.075487213134765625e+02,2.434439862554427236e-01
7.810999751091003418e-01,4.074474639892578125e+02,2.434766583028249443e-01
7.811999917030334473e-01,4.073461608886718750e+02,2.435093452222645283e-01
7.813000082969665527e-01,4.072449645996093750e+02,2.435420172405429184e-01
7.814000248908996582e-01,4.071437988281250000e+02,2.435746892297174782e-01
7.814999818801879883e-01,4.070426940917968750e+02,2.436073761055013165e-01
7.815999984741210938e-01,4.069415893554687500e+02,2.436400480655720457e-01
7.817000150680541992e-01,4.068405761718750000e+02,2.436727200110908598e-01
7.817999720573425293e-01,4.067396392822265625e+02,2.437053919420577586e-01
7.818999886512756348e-01,4.066386871337890625e+02,2.437380638439208269e-01
7.820000052452087402e-01,4.065377807617187500e+02,2.437707506469450891e-01
7.821000218391418457e-01,4.064369201660156250e+02,2.438034225197043270e-01
7.821999788284301758e-01,4.063361206054687500e+02,2.438360943779116496e-01
7.822999954223632812e-01,4.062353668212890625e+02,2.438687662215670571e-01
7.824000120162963867e-01,4.061346435546875000e+02,2.439014380506705493e-01
7.825000286102294922e-01,4.060339660644531250e+02,2.439341098506702110e-01
7.825999855995178223e-01,4.059333496093750000e+02,2.439667816506698728e-01
7.827000021934509277e-01,4.058327484130859375e+02,2.439994534215657040e-01
7.828000187873840332e-01,4.057322387695312500e+02,2.440321251779096201e-01
7.828999757766723633e-01,4.056317291259765625e+02,2.440647969197016209e-01
7.829999923706054688e-01,4.055312652587890625e+02,2.440974537457805127e-01
7.831000089645385742e-01,4.054308624267578125e+02,2.441301254439167678e-01
7.832000255584716797e-01,4.053305206298828125e+02,2.441627971420530230e-01
7.832999825477600098e-01,4.052301788330078125e+02,2.441954688110854477e-01
7.833999991416931152e-01,4.051299285888671875e+02,2.442281404655659571e-01
7.835000157356262207e-01,4.050296783447265625e+02,2.442607972043333575e-01
7.835999727249145508e-01,4.049294891357421875e+02,2.442934688297100365e-01
7.836999893188476562e-01,4.048293762207031250e+02,2.443261404259828851e-01
7.838000059127807617e-01,4.047294616699218750e+02,2.443587970192311332e-01
7.839000225067138672e-01,4.046296081542968750e+02,2.443914684990886599e-01
7.839999794960021973e-01,4.045298461914062500e+02,2.444241250486811623e-01
7.840999960899353027e-01,4.044300994873046875e+02,2.444567815837217495e-01
7.842000126838684082e-01,4.043303985595703125e+02,2.444894530053716153e-01
7.843000292778015137e-01,4.042307434082031250e+02,2.445221095113083720e-01
7.843999862670898438e-01,4.041311187744140625e+02,2.445547659881412983e-01
7.845000028610229492e-01,4.040315856933593750e+02,2.445874373661354184e-01
7.846000194549560547e-01,4.039320526123046875e+02,2.446200938138645142e-01
7.846999764442443848e-01,4.038325805664062500e+02,2.446527502470416948e-01
7.847999930381774902e-01,4.037331237792968750e+02,2.446854066656669602e-01
7.849000096321105957e-01,4.036337585449218750e+02,2.447180779709015042e-01
7.850000262260437012e-01,4.035343933105468750e+02,2.447507343604229391e-01
7.850999832153320312e-01,4.034350891113281250e+02,2.447833907208405435e-01
7.851999998092651367e-01,4.033358154296875000e+02,2.448160470812581480e-01
7.853000164031982422e-01,4.032366333007812500e+02,2.448487034125719219e-01
7.853999733924865723e-01,4.031374511718750000e+02,2.448813597293337807e-01
7.854999899864196777e-01,4.030383148193359375e+02,2.449140160315437242e-01
7.856000065803527832e-01,4.029392395019531250e+02,2.449466723192017525e-01
7.857000231742858887e-01,4.028401794433593750e+02,2.449793285923078656e-01
7.857999801635742188e-01,4.027411956787109375e+02,2.450119848508620635e-01
7.858999967575073242e-01,4.026422576904296875e+02,2.450446410803124309e-01
7.860000133514404297e-01,4.025433349609375000e+02,2.450772824086016044e-01
7.860999703407287598e-01,4.024444427490234375e+02,2.451099386089481413e-01
7.861999869346618652e-01,4.023456268310546875e+02,2.451425947947427630e-01
7.863000035285949707e-01,4.022468414306640625e+02,2.451752509659854695e-01
7.864000201225280762e-01,4.021481170654296875e+02,2.452078922215150669e-01
7.864999771118164062e-01,4.020494232177734375e+02,2.452405483636539429e-01
7.865999937057495117e-01,4.019507446289062500e+02,2.452732044766889885e-01
7.867000102996826172e-01,4.018521575927734375e+02,2.453058456885628402e-01
7.868000268936157227e-01,4.017535705566406250e+02,2.453385017724940553e-01
7.868999838829040527e-01,4.016550750732421875e+02,2.453711578418733552e-01
7.870000004768371582e-01,4.015565795898437500e+02,2.454037990100914612e-01
7.871000170707702637e-01,4.014581451416015625e+02,2.454364550503669307e-01
7.871999740600585938e-01,4.013597412109375000e+02,2.454690961603773758e-01
7.872999906539916992e-01,4.012613830566406250e+02,2.455017521715490147e-01
7.874000072479248047e-01,4.011631011962890625e+02,2.455343932670075446e-01
7.875000238418579102e-01,4.010648498535156250e+02,2.455670343333622441e-01
7.875999808311462402e-01,4.009666137695312500e+02,2.455996903008781374e-01
7.876999974250793457e-01,4.008684234619140625e+02,2.456323313381290063e-01
7.878000140190124512e-01,4.007702789306640625e+02,2.456649872619891539e-01
7.878999710083007812e-01,4.006721954345703125e+02,2.456976282701361924e-01
7.879999876022338867e-01,4.005741271972656250e+02,2.457302692637313157e-01
7.881000041961669922e-01,4.004761352539062500e+02,2.457629102427745238e-01
7.882000207901000977e-01,4.003781585693359375e+02,2.457955512072658166e-01
7.882999777793884277e-01,4.002802429199218750e+02,2.458282070438144729e-01
7.883999943733215332e-01,4.001823730468750000e+02,2.458608479792019352e-01
7.885000109672546387e-01,4.000845489501953125e+02,2.458934888854855672e-01
7.886000275611877441e-01,3.999867553710937500e+02,2.459261297772172838e-01
7.886999845504760742e-01,3.998890075683593750e+02,2.459587706689490005e-01
7.888000011444091797e-01,3.997912750244140625e+02,2.459914115315768868e-01
7.889000177383422852e-01,3.996935882568359375e+02,2.460240523796528578e-01
7.889999747276306152e-01,3.995959777832031250e+02,2.460566931986249983e-01
7.890999913215637207e-01,3.994983978271484375e+02,2.460893340175971389e-01
7.892000079154968262e-01,3.994008636474609375e+02,2.461219748220173642e-01
7.893000245094299316e-01,3.993033905029296875e+02,2.461546155973337591e-01
7.893999814987182617e-01,3.992059173583984375e+02,2.461872563580982387e-01
7.894999980926513672e-01,3.991085052490234375e+02,2.462198822177015245e-01
7.896000146865844727e-01,3.990111694335937500e+02,2.462525229493621737e-01
7.896999716758728027e-01,3.989139404296875000e+02,2.462851635937113315e-01
7.897999882698059082e-01,3.988168487548828125e+02,2.463178041653009132e-01
7.899000048637390137e-01,3.987198486328125000e+02,2.463504298211773857e-01
7.900000214576721191e-01,3.986228790283203125e+02,2.463830703491112217e-01
7.900999784469604492e-01,3.985259552001953125e+02,2.464156959758838639e-01
7.901999950408935547e-01,3.984290466308593750e+02,2.464483364747138694e-01
7.903000116348266602e-01,3.983322143554687500e+02,2.464809620723826811e-01
7.904000282287597656e-01,3.982354125976562500e+02,2.465136025421088561e-01
7.904999852180480957e-01,3.981386566162109375e+02,2.465462280961219221e-01
7.906000018119812012e-01,3.980419616699218750e+02,2.465788536355830729e-01
7.907000184059143066e-01,3.979452362060546875e+02,2.466114940616535023e-01
7.907999753952026367e-01,3.978486328125000000e+02,2.466441195720108226e-01
7.908999919891357422e-01,3.977520141601562500e+02,2.466767450678162277e-01
7.910000085830688477e-01,3.976554870605468750e+02,2.467093854502309114e-01
7.911000251770019531e-01,3.975590057373046875e+02,2.467420109023805708e-01
7.911999821662902832e-01,3.974625091552734375e+02,2.467746363545302302e-01
7.912999987602233887e-01,3.973660583496093750e+02,2.468072617775760591e-01
7.914000153541564941e-01,3.972697143554687500e+02,2.468398872006218880e-01
7.914999723434448242e-01,3.971733398437500000e+02,2.468725274957250804e-01
7.915999889373779297e-01,3.970770721435546875e+02,2.469051528751151636e-01
7.917000055313110352e-01,3.969807891845703125e+02,2.469377782399533316e-01
7.918000221252441406e-01,3.968845977783203125e+02,2.469704035902395844e-01
7.918999791145324707e-01,3.967884216308593750e+02,2.470030289259739220e-01
7.919999957084655762e-01,3.966922912597656250e+02,2.470356542471563444e-01
7.921000123023986816e-01,3.965962066650390625e+02,2.470682795537868515e-01
7.922000288963317871e-01,3.965001373291015625e+02,2.471009048313135281e-01
7.922999858856201172e-01,3.964041290283203125e+02,2.471335301088402048e-01
7.924000024795532227e-01,3.963081665039062500e+02,2.471661404561018571e-01
7.925000190734863281e-01,3.962122497558593750e+02,2.471987657045247033e-01
7.925999760627746582e-01,3.961163635253906250e+02,2.472313909238437191e-01
7.926999926567077637e-01,3.960205078125000000e+02,2.472640161286108196e-01
7.928000092506408691e-01,3.959247131347656250e+02,2.472966413188260049e-01
7.929000258445739746e-01,3.958289642333984375e+02,2.473292516078799963e-01
7.929999828338623047e-01,3.957332763671875000e+02,2.473618767689913511e-01
7.930999994277954102e-01,3.956376037597656250e+02,2.473945019009988755e-01
7.932000160217285156e-01,3.955419311523437500e+02,2.474271121318452060e-01
7.932999730110168457e-01,3.954463653564453125e+02,2.474597372493008152e-01
7.933999896049499512e-01,3.953508300781250000e+02,2.474923623522045091e-01
7.935000061988830566e-01,3.952552947998046875e+02,2.475249725248431787e-01
7.936000227928161621e-01,3.951598205566406250e+02,2.475575975986430421e-01
7.936999797821044922e-01,3.950643920898437500e+02,2.475902077421778813e-01
7.937999963760375977e-01,3.949690246582031250e+02,2.476228327868739143e-01
7.939000129699707031e-01,3.948736724853515625e+02,2.476554429013049230e-01
7.940000295639038086e-01,3.947783508300781250e+02,2.476880679023452103e-01
7.940999865531921387e-01,3.946831359863281250e+02,2.477206780022243038e-01
7.942000031471252441e-01,3.945879211425781250e+02,2.477532880729995668e-01
7.943000197410583496e-01,3.944927062988281250e+02,2.477859130303841084e-01
7.943999767303466797e-01,3.943975830078125000e+02,2.478185230720555410e-01
7.944999933242797852e-01,3.943024749755859375e+02,2.478511330991750583e-01
7.946000099182128906e-01,3.942074432373046875e+02,2.478837431117426604e-01
7.947000265121459961e-01,3.941124114990234375e+02,2.479163679963676259e-01
7.947999835014343262e-01,3.940174407958984375e+02,2.479489779798313975e-01
7.949000000953674316e-01,3.939225006103515625e+02,2.479815879487432539e-01
7.950000166893005371e-01,3.938276062011718750e+02,2.480141978885512799e-01
7.950999736785888672e-01,3.937327728271484375e+02,2.480468078283593059e-01
7.951999902725219727e-01,3.936379699707031250e+02,2.480794177390635014e-01
7.953000068664550781e-01,3.935431976318359375e+02,2.481120276497676969e-01
7.954000234603881836e-01,3.934484710693359375e+02,2.481446375313680619e-01
7.954999804496765137e-01,3.933537750244140625e+02,2.481772473984165117e-01
7.955999970436096191e-01,3.932591094970703125e+02,2.482098572509130463e-01
7.957000136375427246e-01,3.931645355224609375e+02,2.482424670888576657e-01
7.957999706268310547e-01,3.930699768066406250e+02,2.482750769268022850e-01
7.958999872207641602e-01,3.929754333496093750e+02,2.483076867356430739e-01
7.960000038146972656e-01,3.928809509277343750e+02,2.483402965153800324e-01
7.961000204086303711e-01,3.927864990234375000e+02,2.483729062951169908e-01
7.961999773979187012e-01,3.926921081542968750e+02,2.484055160603020340e-01
7.962999939918518066e-01,3.925977630615234375e+02,2.484381109097739682e-01
7.964000105857849121e-01,3.925034484863281250e+02,2.484707206458551809e-01
7.965000271797180176e-01,3.924091644287109375e+02,2.485033303528325632e-01
7.965999841690063477e-01,3.923149108886718750e+02,2.485359400598099455e-01
7.967000007629394531e-01,3.922207336425781250e+02,2.485685348365223035e-01
7.968000173568725586e-01,3.921265716552734375e+02,2.486011445143958554e-01
7.968999743461608887e-01,3.920324707031250000e+02,2.486337541631655768e-01
7.969999909400939941e-01,3.919384155273437500e+02,2.486663489107741043e-01
7.971000075340270996e-01,3.918443603515625000e+02,2.486989585304399952e-01
7.972000241279602051e-01,3.917503509521484375e+02,2.487315532343927771e-01
7.972999811172485352e-01,3.916564025878906250e+02,2.487641628249548376e-01
7.973999977111816406e-01,3.915625152587890625e+02,2.487967575143557042e-01
7.975000143051147461e-01,3.914686279296875000e+02,2.488293670758139342e-01
7.975999712944030762e-01,3.913748016357421875e+02,2.488619617215590551e-01
7.976999878883361816e-01,3.912810058593750000e+02,2.488945563527522609e-01
7.978000044822692871e-01,3.911872406005859375e+02,2.489271658705547452e-01
7.979000210762023926e-01,3.910935363769531250e+02,2.489597604726441205e-01
7.979999780654907227e-01,3.909998779296875000e+02,2.489923550456296653e-01
7.980999946594238281e-01,3.909062347412109375e+02,2.490249645197764039e-01
7.982000112533569336e-01,3.908126373291015625e+02,2.490575590782100335e-01
7.983000278472900391e-01,3.907191009521484375e+02,2.490901536220917478e-01
7.983999848365783691e-01,3.906255950927734375e+02,2.491227481368696317e-01
7.985000014305114746e-01,3.905321197509765625e+02,2.491553575528087094e-01
7.986000180244445801e-01,3.904386596679687500e+02,2.491879520530346781e-01
7.986999750137329102e-01,3.903452911376953125e+02,2.492205465241568163e-01
7.987999916076660156e-01,3.902519226074218750e+02,2.492531409952789545e-01
7.989000082015991211e-01,3.901586151123046875e+02,2.492857354372972623e-01
7.990000247955322266e-01,3.900653533935546875e+02,2.493183298647636548e-01
7.990999817848205566e-01,3.899721527099609375e+02,2.493509242922300473e-01
7.991999983787536621e-01,3.898789520263671875e+02,2.493835186905926093e-01
7.993000149726867676e-01,3.897858428955078125e+02,2.494161130744032562e-01
7.993999719619750977e-01,3.896927185058593750e+02,2.494487074582139030e-01
7.994999885559082031e-01,3.895996704101562500e+02,2.494813018129207194e-01
7.996000051498413086e-01,3.895066070556640625e+02,2.495138961530756205e-01
7.997000217437744141e-01,3.894136199951171875e+02,2.495464904786786065e-01
7.997999787330627441e-01,3.893206634521484375e+02,2.495790698885684833e-01
7.998999953269958496e-01,3.892277832031250000e+02,2.496116641850676388e-01
8.000000119209289551e-01,3.891349182128906250e+02,2.496442584670148790e-01
8.001000285148620605e-01,3.890420684814453125e+02,2.496768527344102040e-01
8.001999855041503906e-01,3.889492797851562500e+02,2.497094320860924199e-01
8.003000020980834961e-01,3.888565368652343750e+02,2.497420263243839145e-01
8.004000186920166016e-01,3.887638397216796875e+02,2.497746205481234938e-01
8.004999756813049316e-01,3.886711578369140625e+02,2.498071998561499640e-01
8.005999922752380371e-01,3.885785217285156250e+02,2.498397940362337977e-01
8.007000088691711426e-01,3.884859466552734375e+02,2.498723733151564375e-01
8.008000254631042480e-01,3.883934020996093750e+02,2.499049525795271620e-01
8.008999824523925781e-01,3.883008880615234375e+02,2.499375616316683590e-01
8.009999990463256836e-01,3.882084197998046875e+02,2.499701408523833379e-01
8.011000156402587891e-01,3.881159820556640625e+02,2.500027200730983168e-01
8.011999726295471191e-01,3.880235748291015625e+02,2.500352992647094652e-01
8.012999892234802246e-01,3.879312591552734375e+02,2.500679082586430013e-01
8.014000058174133301e-01,3.878389282226562500e+02,2.501004874357022345e-01
8.015000224113464355e-01,3.877466430664062500e+02,2.501330665836576372e-01
8.015999794006347656e-01,3.876544342041015625e+02,2.501656457316130400e-01
8.016999959945678711e-01,3.875622253417968750e+02,2.501982248504646122e-01
8.018000125885009766e-01,3.874700927734375000e+02,2.502308039547642693e-01
8.019000291824340820e-01,3.873779754638671875e+02,2.502634128613863140e-01
8.019999861717224121e-01,3.872859039306640625e+02,2.502959919365821406e-01
8.021000027656555176e-01,3.871938476562500000e+02,2.503285710117779672e-01
8.022000193595886230e-01,3.871018524169921875e+02,2.503611500578699633e-01
8.022999763488769531e-01,3.870099182128906250e+02,2.503937290894100443e-01
8.023999929428100586e-01,3.869179840087890625e+02,2.504263081209501252e-01
8.025000095367431641e-01,3.868261260986328125e+02,2.504588871233863756e-01
8.026000261306762695e-01,3.867344665527343750e+02,2.504914659948553890e-01
8.026999831199645996e-01,3.866428985595703125e+02,2.505240448517724872e-01
8.027999997138977051e-01,3.865513458251953125e+02,2.505566236941376701e-01
8.029000163078308105e-01,3.864598388671875000e+02,2.505892025073990226e-01
8.029999732971191406e-01,3.863683776855468750e+02,2.506217813206603751e-01
8.030999898910522461e-01,3.862769775390625000e+02,2.506543601193698123e-01
8.032000064849853516e-01,3.861855926513671875e+02,2.506869389035273343e-01
8.033000230789184570e-01,3.860942535400390625e+02,2.507194878562586382e-01
8.033999800682067871e-01,3.860029449462890625e+02,2.507520666113123298e-01
8.034999966621398926e-01,3.859117126464843750e+02,2.507846453518141061e-01
8.036000132560729980e-01,3.858204498291015625e+02,2.508172240632120520e-01
8.036999702453613281e-01,3.857292785644531250e+02,2.508498027746099979e-01
8.037999868392944336e-01,3.856381378173828125e+02,2.508823814714560285e-01
8.039000034332275391e-01,3.855469970703125000e+02,2.509149303368758410e-01
8.040000200271606445e-01,3.854559478759765625e+02,2.509475090046180412e-01
8.040999770164489746e-01,3.853649139404296875e+02,2.509800876432564110e-01
8.041999936103820801e-01,3.852739257812500000e+02,2.510126662818947807e-01
8.043000102043151855e-01,3.851829833984375000e+02,2.510452449059812352e-01
8.044000267982482910e-01,3.850920562744140625e+02,2.510777936986414716e-01
8.044999837875366211e-01,3.850011901855468750e+02,2.511103722936240956e-01
8.046000003814697266e-01,3.849103546142578125e+02,2.511429508595028892e-01
8.047000169754028320e-01,3.848196258544921875e+02,2.511754995794035494e-01
8.047999739646911621e-01,3.847290802001953125e+02,2.512080779997631907e-01
8.048999905586242676e-01,3.846385498046875000e+02,2.512406564055709168e-01
8.050000071525573730e-01,3.845481109619140625e+02,2.512732049945043400e-01
8.051000237464904785e-01,3.844576568603515625e+02,2.513057833712082356e-01
8.051999807357788086e-01,3.843672790527343750e+02,2.513383319164859131e-01
8.052999973297119141e-01,3.842769165039062500e+02,2.513709102640859783e-01
8.054000139236450195e-01,3.841866149902343750e+02,2.514034587948117405e-01
8.054999709129333496e-01,3.840963287353515625e+02,2.514360371133079752e-01
8.055999875068664551e-01,3.840061187744140625e+02,2.514685856003779918e-01
8.057000041007995605e-01,3.839159240722656250e+02,2.515011638897703961e-01
8.058000206947326660e-01,3.838257446289062500e+02,2.515337123622884974e-01
8.058999776840209961e-01,3.837356262207031250e+02,2.515662906225770712e-01
8.059999942779541016e-01,3.836455535888671875e+02,2.515988390659913421e-01
8.061000108718872070e-01,3.835554962158203125e+02,2.516314172826241702e-01
8.062000274658203125e-01,3.834655151367187500e+02,2.516639656969346106e-01
8.062999844551086426e-01,3.833755187988281250e+02,2.516965438990155235e-01
8.064000010490417480e-01,3.832856140136718750e+02,2.517290922842221335e-01
8.065000176429748535e-01,3.831957397460937500e+02,2.517616704571992159e-01
8.065999746322631836e-01,3.831058959960937500e+02,2.517942188133019954e-01
8.066999912261962891e-01,3.830160369873046875e+02,2.518267671548528597e-01
8.068000078201293945e-01,3.829262847900390625e+02,2.518593452841741964e-01
8.069000244140625000e-01,3.828365478515625000e+02,2.518918935966212302e-01
8.069999814033508301e-01,3.827468414306640625e+02,2.519244418945163488e-01
8.070999979972839355e-01,3.826571960449218750e+02,2.519570199801819399e-01
8.072000145912170410e-01,3.825675811767578125e+02,2.519895682489732280e-01
8.072999715805053711e-01,3.824779815673828125e+02,2.520221165032126009e-01
8.073999881744384766e-01,3.823884277343750000e+02,2.520546647429000586e-01
8.075000047683715820e-01,3.822989196777343750e+02,2.520872427703579888e-01
8.076000213623046875e-01,3.822094421386718750e+02,2.521197909809416160e-01
8.076999783515930176e-01,3.821200256347656250e+02,2.521523391769733280e-01
8.077999949455261230e-01,3.820306091308593750e+02,2.521848873584531248e-01
8.079000115394592285e-01,3.819412689208984375e+02,2.522174653277033940e-01
8.080000281333923340e-01,3.818519439697265625e+02,2.522500134800793603e-01
8.080999851226806641e-01,3.817626647949218750e+02,2.522825616179034114e-01
8.082000017166137695e-01,3.816734313964843750e+02,2.523151097557274625e-01
8.083000183105468750e-01,3.815841979980468750e+02,2.523476578644476831e-01
8.083999752998352051e-01,3.814950256347656250e+02,2.523802357609383762e-01
8.084999918937683105e-01,3.814059143066406250e+02,2.524127838405547664e-01
8.086000084877014160e-01,3.813168182373046875e+02,2.524453319201711565e-01
8.087000250816345215e-01,3.812277679443359375e+02,2.524778799706837162e-01
8.087999820709228516e-01,3.811387329101562500e+02,2.525104280066443607e-01
8.088999986648559570e-01,3.810497589111328125e+02,2.525429760426050052e-01
8.090000152587890625e-01,3.809608154296875000e+02,2.525755240494618192e-01
8.090999722480773926e-01,3.808719329833984375e+02,2.526080720563186333e-01
8.091999888420104980e-01,3.807830352783203125e+02,2.526406200340716168e-01
8.093000054359436035e-01,3.806942138671875000e+02,2.526731679972726852e-01
8.094000220298767090e-01,3.806054382324218750e+02,2.527057159604737535e-01
8.094999790191650391e-01,3.805166778564453125e+02,2.527382639091229066e-01
8.095999956130981445e-01,3.804279632568359375e+02,2.527708118286682293e-01
8.097000122070312500e-01,3.803392486572265625e+02,2.528033597482135519e-01
8.098000288009643555e-01,3.802506408691406250e+02,2.528359076386550441e-01
8.098999857902526855e-01,3.801620483398437500e+02,2.528684555290965363e-01
8.100000023841857910e-01,3.800734558105468750e+02,2.529010034049861133e-01
8.101000189781188965e-01,3.799849395751953125e+02,2.529335512663237751e-01
8.101999759674072266e-01,3.798964233398437500e+02,2.529660990985576063e-01
8.102999925613403320e-01,3.798079833984375000e+02,2.529986469307914376e-01
8.104000091552734375e-01,3.797195739746093750e+02,2.530311947484733537e-01
8.105000257492065430e-01,3.796311645507812500e+02,2.530637425516033545e-01
8.105999827384948730e-01,3.795428466796875000e+02,2.530962903401814401e-01
8.106999993324279785e-01,3.794545135498046875e+02,2.531288083118852228e-01
8.108000159263610840e-01,3.793662567138671875e+02,2.531613560713594779e-01
8.108999729156494141e-01,3.792780151367187500e+02,2.531939038162818179e-01
8.109999895095825195e-01,3.791898345947265625e+02,2.532264515466522425e-01
8.111000061035156250e-01,3.791016845703125000e+02,2.532589992624707520e-01
8.112000226974487305e-01,3.790135650634765625e+02,2.532915469637373462e-01
8.112999796867370605e-01,3.789254608154296875e+02,2.533240648481296375e-01
8.113999962806701660e-01,3.788374176025390625e+02,2.533566125348443165e-01
8.115000128746032715e-01,3.787494049072265625e+02,2.533891601924551651e-01
8.116000294685363770e-01,3.786614227294921875e+02,2.534217078355140984e-01
8.116999864578247070e-01,3.785735015869140625e+02,2.534542256762506440e-01
8.118000030517578125e-01,3.784856262207031250e+02,2.534867732902057469e-01
8.119000196456909180e-01,3.783977508544921875e+02,2.535193208896089345e-01
8.119999766349792480e-01,3.783099365234375000e+02,2.535518386866897345e-01
8.120999932289123535e-01,3.782221527099609375e+02,2.535843862569890916e-01
8.122000098228454590e-01,3.781343841552734375e+02,2.536169338272884488e-01
8.123000264167785645e-01,3.780466918945312500e+02,2.536494515807135031e-01
8.123999834060668945e-01,3.779589843750000000e+02,2.536819991073571146e-01
8.125000000000000000e-01,3.778713684082031250e+02,2.537145466194488108e-01
8.126000165939331055e-01,3.777839965820312500e+02,2.537470642128027976e-01
8.126999735832214355e-01,3.776966247558593750e+02,2.537796115939272568e-01
8.127999901771545410e-01,3.776092987060546875e+02,2.538121291581774130e-01
8.129000067710876465e-01,3.775220489501953125e+02,2.538446764956461266e-01
8.130000233650207520e-01,3.774347839355468750e+02,2.538771940307924524e-01
8.130999803543090820e-01,3.773475799560546875e+02,2.539097413537092507e-01
8.131999969482421875e-01,3.772604064941406250e+02,2.539422588597517461e-01
8.133000135421752930e-01,3.771732940673828125e+02,2.539748061535647139e-01
8.133999705314636230e-01,3.770861968994140625e+02,2.540073236305033788e-01
8.134999871253967285e-01,3.769991607666015625e+02,2.540398708952125162e-01
8.136000037193298340e-01,3.769121246337890625e+02,2.540723883430473506e-01
8.137000203132629395e-01,3.768251342773437500e+02,2.541049057763302699e-01
8.137999773025512695e-01,3.767382049560546875e+02,2.541374529973836616e-01
8.138999938964843750e-01,3.766512908935546875e+02,2.541699704015627503e-01
8.140000104904174805e-01,3.765644073486328125e+02,2.542025175935123116e-01
8.141000270843505859e-01,3.764775848388671875e+02,2.542350349831394851e-01
8.141999840736389160e-01,3.763907775878906250e+02,2.542675523436628282e-01
8.143000006675720215e-01,3.763040161132812500e+02,2.543000995065085590e-01
8.144000172615051270e-01,3.762173156738281250e+02,2.543326168379280716e-01
8.144999742507934570e-01,3.761306152343750000e+02,2.543651341693475842e-01
8.145999908447265625e-01,3.760439453125000000e+02,2.543976812885375693e-01
8.147000074386596680e-01,3.759573364257812500e+02,2.544301985763013363e-01
8.148000240325927734e-01,3.758707580566406250e+02,2.544627158640651032e-01
8.148999810218811035e-01,3.757842254638671875e+02,2.544952331372769549e-01
8.149999976158142090e-01,3.756977081298828125e+02,2.545277801982592791e-01
8.151000142097473145e-01,3.756112365722656250e+02,2.545602974423673004e-01
8.151999711990356445e-01,3.755247802734375000e+02,2.545928146719234064e-01
8.152999877929687500e-01,3.754383697509765625e+02,2.546253318869275972e-01
8.154000043869018555e-01,3.753520202636718750e+02,2.546578788897022605e-01
8.155000209808349609e-01,3.752657012939453125e+02,2.546903960901545361e-01
8.155999779701232910e-01,3.751794128417968750e+02,2.547229132615029812e-01
8.156999945640563965e-01,3.750931243896484375e+02,2.547554304182995111e-01
8.158000111579895020e-01,3.750069274902343750e+02,2.547879475750960410e-01
8.159000277519226074e-01,3.749207153320312500e+02,2.548204647027887404e-01
8.159999847412109375e-01,3.748346099853515625e+02,2.548530116328038275e-01
8.161000013351440430e-01,3.747484893798828125e+02,2.548855287459446117e-01
8.162000179290771484e-01,3.746623840332031250e+02,2.549180458299815655e-01
8.162999749183654785e-01,3.745763702392578125e+02,2.549505629140185192e-01
8.163999915122985840e-01,3.744903869628906250e+02,2.549830799835035577e-01
8.165000081062316895e-01,3.744043884277343750e+02,2.550155970384366810e-01
8.166000247001647949e-01,3.743184509277343750e+02,2.550481140788178891e-01
8.166999816894531250e-01,3.742325897216796875e+02,2.550806311046471819e-01
8.167999982833862305e-01,3.741466827392578125e+02,2.551131481159245595e-01
8.169000148773193359e-01,3.740608673095703125e+02,2.551456651272019371e-01
8.169999718666076660e-01,3.739750823974609375e+02,2.551781821093754843e-01
8.170999884605407715e-01,3.738893127441406250e+02,2.552106990915490314e-01
8.172000050544738770e-01,3.738036346435546875e+02,2.552432160446187481e-01
8.173000216484069824e-01,3.737179565429687500e+02,2.552757329976884648e-01
8.173999786376953125e-01,3.736322631835937500e+02,2.553082499216543511e-01
8.174999952316284180e-01,3.735466918945312500e+02,2.553407668456202373e-01
8.176000118255615234e-01,3.734611206054687500e+02,2.553732837550342083e-01
8.177000284194946289e-01,3.733755798339843750e+02,2.554058006498962641e-01
8.177999854087829590e-01,3.732900543212890625e+02,2.554383175302064046e-01
8.179000020027160645e-01,3.732045898437500000e+02,2.554708343959646299e-01
8.180000185966491699e-01,3.731191558837890625e+02,2.555033512471709400e-01
8.180999755859375000e-01,3.730337371826171875e+02,2.555358382815029472e-01
8.181999921798706055e-01,3.729483947753906250e+02,2.555683551181573421e-01
8.183000087738037109e-01,3.728630828857421875e+02,2.556008719257079065e-01
8.184000253677368164e-01,3.727778015136718750e+02,2.556333887187065557e-01
8.184999823570251465e-01,3.726925354003906250e+02,2.556659055117052048e-01
8.185999989509582520e-01,3.726072998046875000e+02,2.556984222901519388e-01
8.187000155448913574e-01,3.725221252441406250e+02,2.557309092371724546e-01
8.187999725341796875e-01,3.724369812011718750e+02,2.557634259865153581e-01
8.188999891281127930e-01,3.723518676757812500e+02,2.557959427213063464e-01
8.190000057220458984e-01,3.722667846679687500e+02,2.558284594415454194e-01
8.191000223159790039e-01,3.721817779541015625e+02,2.558609463449101895e-01
8.191999793052673340e-01,3.720967559814453125e+02,2.558934630360454321e-01
8.192999958992004395e-01,3.720118103027343750e+02,2.559259797271806747e-01
8.194000124931335449e-01,3.719268493652343750e+02,2.559584963892120868e-01
8.195000290870666504e-01,3.718419647216796875e+02,2.559909832343691960e-01
8.195999860763549805e-01,3.717570648193359375e+02,2.560234998818486929e-01
8.197000026702880859e-01,3.716722564697265625e+02,2.560560165002243593e-01
8.198000192642211914e-01,3.715874481201171875e+02,2.560885033162776381e-01
8.198999762535095215e-01,3.715027008056640625e+02,2.561210199201013893e-01
8.199999928474426270e-01,3.714179840087890625e+02,2.561535365093732253e-01
8.201000094413757324e-01,3.713332977294921875e+02,2.561860232817707583e-01
8.202000260353088379e-01,3.712486419677734375e+02,2.562185398419387639e-01
8.202999830245971680e-01,3.711640167236328125e+02,2.562510265852324665e-01
8.203999996185302734e-01,3.710794372558593750e+02,2.562835431162966415e-01
8.205000162124633789e-01,3.709948730468750000e+02,2.563160596473608166e-01
8.205999732017517090e-01,3.709103851318359375e+02,2.563485463469987735e-01
8.206999897956848145e-01,3.708259124755859375e+02,2.563810628489591181e-01
8.208000063896179199e-01,3.707414550781250000e+02,2.564135495194932446e-01
8.209000229835510254e-01,3.706570587158203125e+02,2.564460659923497587e-01
8.209999799728393555e-01,3.705726928710937500e+02,2.564785526483319700e-01
8.210999965667724609e-01,3.704883422851562500e+02,2.565110690920846537e-01
8.212000131607055664e-01,3.704040527343750000e+02,2.565435557189630345e-01
8.213000297546386719e-01,3.703197937011718750e+02,2.565760721336118877e-01
8.213999867439270020e-01,3.702355651855468750e+02,2.566085587313864380e-01
8.215000033378601074e-01,3.701513366699218750e+02,2.566410751169314608e-01
8.216000199317932129e-01,3.700671997070312500e+02,2.566735617001540959e-01
8.216999769210815430e-01,3.699830474853515625e+02,2.567060780565952882e-01
8.217999935150146484e-01,3.698989715576171875e+02,2.567385646107140929e-01
8.219000101089477539e-01,3.698149108886718750e+02,2.567710511357290670e-01
8.220000267028808594e-01,3.697308959960937500e+02,2.568035674630664289e-01
8.220999836921691895e-01,3.696469268798828125e+02,2.568360539735294878e-01
8.222000002861022949e-01,3.695629425048828125e+02,2.568685702717630193e-01
8.223000168800354004e-01,3.694790344238281250e+02,2.569010567531222478e-01
8.223999738693237305e-01,3.693951721191406250e+02,2.569335432344814762e-01
8.224999904632568359e-01,3.693113250732421875e+02,2.569660594890592620e-01
8.226000070571899414e-01,3.692274780273437500e+02,2.569985459267627448e-01
8.227000236511230469e-01,3.691437225341796875e+02,2.570310323644662276e-01
8.227999806404113770e-01,3.690599670410156250e+02,2.570635485753882676e-01
8.228999972343444824e-01,3.689762420654296875e+02,2.570960349839879200e-01
8.230000138282775879e-01,3.688925781250000000e+02,2.571285213780356571e-01
8.230999708175659180e-01,3.688089447021484375e+02,2.571610077575314790e-01
8.231999874114990234e-01,3.687253417968750000e+02,2.571935239247977734e-01
8.233000040054321289e-01,3.686417846679687500e+02,2.572260102751897648e-01
8.234000205993652344e-01,3.685582427978515625e+02,2.572584966255817562e-01
8.234999775886535645e-01,3.684747009277343750e+02,2.572909829468699172e-01
8.235999941825866699e-01,3.683912506103515625e+02,2.573234692536061630e-01
8.237000107765197754e-01,3.683078460693359375e+02,2.573559853626647964e-01
8.238000273704528809e-01,3.682244262695312500e+02,2.573884716548491269e-01
8.238999843597412109e-01,3.681410522460937500e+02,2.574209579324815422e-01
8.240000009536743164e-01,3.680577697753906250e+02,2.574534441955620423e-01
8.241000175476074219e-01,3.679744567871093750e+02,2.574859304440906271e-01
8.241999745368957520e-01,3.678911895751953125e+02,2.575184166780672967e-01
8.242999911308288574e-01,3.678079681396484375e+02,2.575509326998144388e-01
8.244000077247619629e-01,3.677247772216796875e+02,2.575834189046872780e-01
8.245000243186950684e-01,3.676415863037109375e+02,2.576159051095601171e-01
8.245999813079833984e-01,3.675585479736328125e+02,2.576483912707772106e-01
8.246999979019165039e-01,3.674756317138671875e+02,2.576808773301308975e-01
8.248000144958496094e-01,3.673928070068359375e+02,2.577133633603807539e-01
8.248999714851379395e-01,3.673099517822265625e+02,2.577458493906306103e-01
8.249999880790710449e-01,3.672271881103515625e+02,2.577783354063285515e-01
8.251000046730041504e-01,3.671444396972656250e+02,2.578108214074745774e-01
8.252000212669372559e-01,3.670617370605468750e+02,2.578433073940686882e-01
8.252999782562255859e-01,3.669790496826171875e+02,2.578757933806627989e-01
8.253999948501586914e-01,3.668964538574218750e+02,2.579082793381530792e-01
8.255000114440917969e-01,3.668136901855468750e+02,2.579407354060094804e-01
8.256000280380249023e-01,3.667307739257812500e+02,2.579732210579095408e-01
8.256999850273132324e-01,3.666477508544921875e+02,2.580056767037604004e-01
8.258000016212463379e-01,3.665646972656250000e+02,2.580381023581139743e-01
8.259000182151794434e-01,3.664815826416015625e+02,2.580705576692707837e-01
8.259999752044677734e-01,3.663984527587890625e+02,2.581030128349084407e-01
8.260999917984008789e-01,3.663152465820312500e+02,2.581354380672564730e-01
8.262000083923339844e-01,3.662320709228515625e+02,2.581678632122930139e-01
8.263000249862670898e-01,3.661488494873046875e+02,2.582003180577885360e-01
8.263999819755554199e-01,3.660655822753906250e+02,2.582327430282020941e-01
8.264999985694885254e-01,3.659823150634765625e+02,2.582651679258560762e-01
8.266000151634216309e-01,3.658990020751953125e+02,2.582975927653023973e-01
8.266999721527099609e-01,3.658157043457031250e+02,2.583300175465410575e-01
8.267999887466430664e-01,3.657323760986328125e+02,2.583624422841239721e-01
8.269000053405761719e-01,3.656490325927734375e+02,2.583948669926030561e-01
8.270000219345092773e-01,3.655657348632812500e+02,2.584272916428744793e-01
8.270999789237976074e-01,3.654824218750000000e+02,2.584597162785939872e-01
8.271999955177307129e-01,3.653991241455078125e+02,2.584921408706577495e-01
8.273000121116638184e-01,3.653158264160156250e+02,2.585245654481695965e-01
8.274000287055969238e-01,3.652325744628906250e+02,2.585569899820256978e-01
8.274999856948852539e-01,3.651492614746093750e+02,2.585894145158817992e-01
8.276000022888183594e-01,3.650660247802734375e+02,2.586218390206340700e-01
8.277000188827514648e-01,3.649828033447265625e+02,2.586542337085120380e-01
8.277999758720397949e-01,3.648995208740234375e+02,2.586866581841604784e-01
8.278999924659729004e-01,3.648162841796875000e+02,2.587190826598089188e-01
8.280000090599060059e-01,3.647330627441406250e+02,2.587515071063535288e-01
8.281000256538391113e-01,3.646498565673828125e+02,2.587839315528981388e-01
8.281999826431274414e-01,3.645666503906250000e+02,2.588163559994427487e-01
8.282999992370605469e-01,3.644834747314453125e+02,2.588487506145611405e-01
8.284000158309936523e-01,3.644003143310546875e+02,2.588811750320019200e-01
8.284999728202819824e-01,3.643171844482421875e+02,2.589135994494426996e-01
8.285999894142150879e-01,3.642340240478515625e+02,2.589460238523315638e-01
8.287000060081481934e-01,3.641509246826171875e+02,2.589784184383461252e-01
8.288000226020812988e-01,3.640677947998046875e+02,2.590108428266830742e-01
8.288999795913696289e-01,3.639847106933593750e+02,2.590432672150200233e-01
8.289999961853027344e-01,3.639016571044921875e+02,2.590756915888050571e-01
8.291000127792358398e-01,3.638185882568359375e+02,2.591080861457157880e-01
8.292000293731689453e-01,3.637355651855468750e+02,2.591405105049489066e-01
8.292999863624572754e-01,3.636525421142578125e+02,2.591729348641820252e-01
8.294000029563903809e-01,3.635695037841796875e+02,2.592053592088632286e-01
8.295000195503234863e-01,3.634865112304687500e+02,2.592377835535444319e-01
8.295999765396118164e-01,3.634035491943359375e+02,2.592702078836737201e-01
8.296999931335449219e-01,3.633205566406250000e+02,2.593026024114806205e-01
8.298000097274780273e-01,3.632375946044921875e+02,2.593350267416099086e-01
8.299000263214111328e-01,3.631546478271484375e+02,2.593674510571872815e-01
8.299999833106994629e-01,3.630717163085937500e+02,2.593998753727646545e-01
8.300999999046325684e-01,3.629888305664062500e+02,2.594322996883420274e-01
8.302000164985656738e-01,3.629059295654296875e+02,2.594647239893674850e-01
8.302999734878540039e-01,3.628230590820312500e+02,2.594971184880705550e-01
8.303999900817871094e-01,3.627401885986328125e+02,2.595295427745440975e-01
8.305000066757202148e-01,3.626573333740234375e+02,2.595619670610176399e-01
8.306000232696533203e-01,3.625745239257812500e+02,2.595943913474911824e-01
8.306999802589416504e-01,3.624917144775390625e+02,2.596268156194128096e-01
8.307999968528747559e-01,3.624089050292968750e+02,2.596592398913344368e-01
8.309000134468078613e-01,3.623261108398437500e+02,2.596916641487041488e-01
8.309999704360961914e-01,3.622433319091796875e+02,2.597240884206257761e-01
8.310999870300292969e-01,3.621605377197265625e+02,2.597565126779954880e-01
8.312000036239624023e-01,3.620778045654296875e+02,2.597889369208132848e-01
8.313000202178955078e-01,3.619951019287109375e+02,2.598213611636310816e-01
8.313999772071838379e-01,3.619123535156250000e+02,2.598537854064488783e-01
8.314999938011169434e-01,3.618296356201171875e+02,2.598862096347147599e-01
8.316000103950500488e-01,3.617469482421875000e+02,2.599186338775325567e-01
8.317000269889831543e-01,3.616642761230468750e+02,2.599510580912465230e-01
8.317999839782714844e-01,3.615816040039062500e+02,2.599834823195124045e-01
8.319000005722045898e-01,3.614989624023437500e+02,2.600159065332263708e-01
8.320000171661376953e-01,3.614163208007812500e+02,2.600483307469403371e-01
8.320999741554260254e-01,3.613336944580078125e+02,2.600807549461023882e-01
8.321999907493591309e-01,3.612510833740234375e+02,2.601131791452644393e-01
8.323000073432922363e-01,3.611685180664062500e+02,2.601456033444264904e-01
8.324000239372253418e-01,3.610859069824218750e+02,2.601780275290366262e-01
8.324999809265136719e-01,3.610033721923828125e+02,2.602104517136467621e-01
8.325999975204467773e-01,3.609208068847656250e+02,2.602428758982568979e-01
8.327000141143798828e-01,3.608382873535156250e+02,2.602753000683151186e-01
8.327999711036682129e-01,3.607557525634765625e+02,2.603077242529252544e-01
8.328999876976013184e-01,3.606732330322265625e+02,2.603401484084315598e-01
8.330000042915344238e-01,3.605907592773437500e+02,2.603725725784897804e-01
8.331000208854675293e-01,3.605082855224609375e+02,2.604049967339960858e-01
8.331999778747558594e-01,3.604258270263671875e+02,2.604374506918247789e-01
8.332999944686889648e-01,3.603433532714843750e+02,2.604698748327791691e-01
8.334000110626220703e-01,3.602609252929687500e+02,2.605022989737335593e-01
8.335000276565551758e-01,3.601784973144531250e+02,2.605347231146879494e-01
8.335999846458435059e-01,3.600960845947265625e+02,2.605671472556423396e-01
8.337000012397766113e-01,3.600136871337890625e+02,2.605995713820448145e-01
8.338000178337097168e-01,3.599313049316406250e+02,2.606320253107696772e-01
8.338999748229980469e-01,3.598489532470703125e+02,2.606644494226202369e-01
8.339999914169311523e-01,3.597665863037109375e+02,2.606968735490227118e-01
8.341000080108642578e-01,3.596842651367187500e+02,2.607292976608732715e-01
8.342000246047973633e-01,3.596018829345703125e+02,2.607617515604943037e-01
8.342999815940856934e-01,3.595196075439453125e+02,2.607941756723448634e-01
8.343999981880187988e-01,3.594372863769531250e+02,2.608265997696435079e-01
8.345000147819519043e-01,3.593550109863281250e+02,2.608590238523902372e-01
8.345999717712402344e-01,3.592727050781250000e+02,2.608914777520112693e-01
8.346999883651733398e-01,3.591904754638671875e+02,2.609239018347579986e-01
8.348000049591064453e-01,3.591082153320312500e+02,2.609563259175047278e-01
8.349000215530395508e-01,3.590259704589843750e+02,2.609887797880219296e-01
8.349999785423278809e-01,3.589437408447265625e+02,2.610212038707686588e-01
8.350999951362609863e-01,3.588615570068359375e+02,2.610536279244115576e-01
8.352000117301940918e-01,3.587793731689453125e+02,2.610860817949287593e-01
8.353000283241271973e-01,3.586971588134765625e+02,2.611185058485716581e-01
8.353999853134155273e-01,3.586150054931640625e+02,2.611509299022145569e-01
8.355000019073486328e-01,3.585328521728515625e+02,2.611833837581798434e-01
8.356000185012817383e-01,3.584507141113281250e+02,2.612158078118227422e-01
8.356999754905700684e-01,3.583685455322265625e+02,2.612482616677880287e-01
8.357999920845031738e-01,3.582864532470703125e+02,2.612806857068790123e-01
8.359000086784362793e-01,3.582043304443359375e+02,2.613131395482923836e-01
8.360000252723693848e-01,3.581222229003906250e+02,2.613455635873833671e-01
8.360999822616577148e-01,3.580401611328125000e+02,2.613780174142448232e-01
8.361999988555908203e-01,3.579580688476562500e+02,2.614104712411062792e-01
8.363000154495239258e-01,3.578760070800781250e+02,2.614428952656453475e-01
8.363999724388122559e-01,3.577939910888671875e+02,2.614753490925068036e-01
8.364999890327453613e-01,3.577119293212890625e+02,2.615077731024939567e-01
8.366000056266784668e-01,3.576299285888671875e+02,2.615402269148034975e-01
8.367000222206115723e-01,3.575479125976562500e+02,2.615726807271130383e-01
8.367999792098999023e-01,3.574659271240234375e+02,2.616051047225482762e-01
8.368999958038330078e-01,3.573839569091796875e+02,2.616375585203059018e-01
8.370000123977661133e-01,3.573019714355468750e+02,2.616700123180635273e-01
8.371000289916992188e-01,3.572200469970703125e+02,2.617024363134987652e-01
8.371999859809875488e-01,3.571382293701171875e+02,2.617348900239448994e-01
8.373000025749206543e-01,3.570564727783203125e+02,2.617673437052872032e-01
8.374000191688537598e-01,3.569747467041015625e+02,2.617997675843071193e-01
8.374999761581420898e-01,3.568930816650390625e+02,2.618322212510975078e-01
8.375999927520751953e-01,3.568113708496093750e+02,2.618646749178878963e-01
8.377000093460083008e-01,3.567297210693359375e+02,2.618970987678039819e-01
8.378000259399414062e-01,3.566480560302734375e+02,2.619295524345943704e-01
8.378999829292297363e-01,3.565664215087890625e+02,2.619620060868328437e-01
8.379999995231628418e-01,3.564847869873046875e+02,2.619944597245194018e-01
8.381000161170959473e-01,3.564031524658203125e+02,2.620268835744354874e-01
8.381999731063842773e-01,3.563215637207031250e+02,2.620593372121220455e-01
8.382999897003173828e-01,3.562399444580078125e+02,2.620917908498086035e-01
8.384000062942504883e-01,3.561583709716796875e+02,2.621242444874951616e-01
8.385000228881835938e-01,3.560768127441406250e+02,2.621566981251817197e-01
8.385999798774719238e-01,3.559952850341796875e+02,2.621891219459939748e-01
8.386999964714050293e-01,3.559137268066406250e+02,2.622215755691286176e-01
8.388000130653381348e-01,3.558321838378906250e+02,2.622540291777113453e-01
8.389000296592712402e-01,3.557506713867187500e+02,2.622864828008459881e-01
8.389999866485595703e-01,3.556691741943359375e+02,2.623189364094287157e-01
8.391000032424926758e-01,3.555877838134765625e+02,2.623513899743556976e-01
8.392000198364257812e-01,3.555064849853515625e+02,2.623838434665231034e-01
8.392999768257141113e-01,3.554252166748046875e+02,2.624162969586905092e-01
8.393999934196472168e-01,3.553439636230468750e+02,2.624487206485355273e-01
8.395000100135803223e-01,3.552627105712890625e+02,2.624811741261510178e-01
8.396000266075134277e-01,3.551814727783203125e+02,2.625136276183184236e-01
8.396999835968017578e-01,3.551002655029296875e+02,2.625460810959339142e-01
8.398000001907348633e-01,3.550190734863281250e+02,2.625785345589974895e-01
8.399000167846679688e-01,3.549378967285156250e+02,2.626109880366129801e-01
8.399999737739562988e-01,3.548567199707031250e+02,2.626434414996765554e-01
8.400999903678894043e-01,3.547755432128906250e+02,2.626758949627401307e-01
8.402000069618225098e-01,3.546943817138671875e+02,2.627083484258037060e-01
8.403000235557556152e-01,3.546132507324218750e+02,2.627408018743153661e-01
8.403999805450439453e-01,3.545321350097656250e+02,2.627732553373789415e-01
8.404999971389770508e-01,3.544510192871093750e+02,2.628057087858906016e-01
8.406000137329101562e-01,3.543699188232421875e+02,2.628381622344022617e-01
8.406999707221984863e-01,3.542888183593750000e+02,2.628706156683620065e-01
8.407999873161315918e-01,3.542077178955078125e+02,2.629030691168736666e-01
8.409000039100646973e-01,3.541266784667968750e+02,2.629355225508334115e-01
8.410000205039978027e-01,3.540456542968750000e+02,2.629680057871155441e-01
8.410999774932861328e-01,3.539645843505859375e+02,2.630004592065233737e-01
8.411999940872192383e-01,3.538835906982421875e+02,2.630329126404831186e-01
8.413000106811523438e-01,3.538025665283203125e+02,2.630653660598909482e-01
8.414000272750854492e-01,3.537215423583984375e+02,2.630978194792987779e-01
8.414999842643737793e-01,3.536405639648437500e+02,2.631302728987066075e-01
8.416000008583068848e-01,3.535595550537109375e+02,2.631627561058849096e-01
8.417000174522399902e-01,3.534786224365234375e+02,2.631952095252927393e-01
8.417999744415283203e-01,3.533976593017578125e+02,2.632276629301486537e-01
8.418999910354614258e-01,3.533167419433593750e+02,2.632601163350045681e-01
8.420000076293945312e-01,3.532358398437500000e+02,2.632925697253085673e-01
8.421000242233276367e-01,3.531548919677734375e+02,2.633250529324868694e-01
8.421999812126159668e-01,3.530740051269531250e+02,2.633575063227908686e-01
8.422999978065490723e-01,3.529931030273437500e+02,2.633899597130948678e-01
8.424000144004821777e-01,3.529122161865234375e+02,2.634224429057212546e-01
8.424999713897705078e-01,3.528313446044921875e+02,2.634548962814733386e-01
8.425999879837036133e-01,3.527505035400390625e+02,2.634873496717773378e-01
8.427000045776367188e-01,3.526696624755859375e+02,2.635198328644037247e-01
8.428000211715698242e-01,3.525887603759765625e+02,2.635522862692596391e-01
8.428999781608581543e-01,3.525078735351562500e+02,2.635847694909898564e-01
8.429999947547912598e-01,3.524269866943359375e+02,2.636172527272719890e-01
8.431000113487243652e-01,3.523460998535156250e+02,2.636497061466798186e-01
8.432000279426574707e-01,3.522652435302734375e+02,2.636821893829619512e-01
8.432999849319458008e-01,3.521843719482421875e+02,2.637146726046921685e-01
8.434000015258789062e-01,3.521035156250000000e+02,2.637471558409743011e-01
8.435000181198120117e-01,3.520225982666015625e+02,2.637796390627045184e-01
8.435999751091003418e-01,3.519417572021484375e+02,2.638121222844347358e-01
8.436999917030334473e-01,3.518609313964843750e+02,2.638446353084873408e-01
8.438000082969665527e-01,3.517801208496093750e+02,2.638771185302175581e-01
8.439000248908996582e-01,3.516992797851562500e+02,2.639096017373958603e-01
8.439999818801879883e-01,3.516184692382812500e+02,2.639420849445741624e-01
8.440999984741210938e-01,3.515376434326171875e+02,2.639745681517524645e-01
8.442000150680541992e-01,3.514568481445312500e+02,2.640070811612531543e-01
8.442999720573425293e-01,3.513760528564453125e+02,2.640395643684314564e-01
8.443999886512756348e-01,3.512952728271484375e+02,2.640720475756097585e-01
8.445000052452087402e-01,3.512145080566406250e+02,2.641045605705585331e-01
8.446000218391418457e-01,3.511337585449218750e+02,2.641370437631849200e-01
8.446999788284301758e-01,3.510530090332031250e+02,2.641695269558113068e-01
8.447999954223632812e-01,3.509722747802734375e+02,2.642020399362081662e-01
8.449000120162963867e-01,3.508915863037109375e+02,2.642345231288345531e-01
8.450000286102294922e-01,3.508108825683593750e+02,2.642670361092314124e-01
8.450999855995178223e-01,3.507301483154296875e+02,2.642995192873058841e-01
8.452000021934509277e-01,3.506495056152343750e+02,2.643320322677027434e-01
8.453000187873840332e-01,3.505688171386718750e+02,2.643645154457772151e-01
8.453999757766723633e-01,3.504881286621093750e+02,2.643970284261740744e-01
8.454999923706054688e-01,3.504074859619140625e+02,2.644295115896966308e-01
8.456000089645385742e-01,3.503268585205078125e+02,2.644620245555415750e-01
8.457000255584716797e-01,3.502462615966796875e+02,2.644945077190641314e-01
8.457999825477600098e-01,3.501656036376953125e+02,2.645270206849090755e-01
8.458999991416931152e-01,3.500850219726562500e+02,2.645595336507540196e-01
8.460000157356262207e-01,3.500044097900390625e+02,2.645920167997246608e-01
8.460999727249145508e-01,3.499238586425781250e+02,2.646245297364657745e-01
8.461999893188476562e-01,3.498434906005859375e+02,2.646570426004473120e-01
8.463000059127807617e-01,3.497631225585937500e+02,2.646895256475545466e-01
8.464000225067138672e-01,3.496827545166015625e+02,2.647220384969841689e-01
8.464999794960021973e-01,3.496024475097656250e+02,2.647545513464137912e-01
8.465999960899353027e-01,3.495220947265625000e+02,2.647870641812914982e-01
8.467000126838684082e-01,3.494417877197265625e+02,2.648195472283987328e-01
8.468000292778015137e-01,3.493614807128906250e+02,2.648520600632764399e-01
8.468999862670898438e-01,3.492812194824218750e+02,2.648845728981541470e-01
8.470000028610229492e-01,3.492009277343750000e+02,2.649170857330318540e-01
8.471000194549560547e-01,3.491206512451171875e+02,2.649495687510352582e-01
8.471999764442443848e-01,3.490404205322265625e+02,2.649820815859129652e-01
8.472999930381774902e-01,3.489601593017578125e+02,2.650145944062387571e-01
8.474000096321105957e-01,3.488799285888671875e+02,2.650471072265645489e-01
8.475000262260437012e-01,3.487997131347656250e+02,2.650796200468903407e-01
8.475999832153320312e-01,3.487194976806640625e+02,2.651121328672161326e-01
8.476999998092651367e-01,3.486393280029296875e+02,2.651446456729900092e-01
8.478000164031982422e-01,3.485591278076171875e+02,2.651771584787638858e-01
8.478999733924865723e-01,3.484789733886718750e+02,2.652096712990896776e-01
8.479999899864196777e-01,3.483988189697265625e+02,2.652421841048635542e-01
8.481000065803527832e-01,3.483186645507812500e+02,2.652746968960855156e-01
8.482000231742858887e-01,3.482385559082031250e+02,2.653072097018593922e-01
8.482999801635742188e-01,3.481584320068359375e+02,2.653397225076332688e-01
8.483999967575073242e-01,3.480783386230468750e+02,2.653722352988552302e-01
8.485000133514404297e-01,3.479982299804687500e+02,2.654047480900771916e-01
8.485999703407287598e-01,3.479181518554687500e+02,2.654372608812991530e-01
8.486999869346618652e-01,3.478380737304687500e+02,2.654697736725211143e-01
8.488000035285949707e-01,3.477580108642578125e+02,2.655022864491911605e-01
8.489000201225280762e-01,3.476779785156250000e+02,2.655348290427355096e-01
8.489999771118164062e-01,3.475979461669921875e+02,2.655673418194055557e-01
8.490999937057495117e-01,3.475179138183593750e+02,2.655998545960756019e-01
8.492000102996826172e-01,3.474379119873046875e+02,2.656323673727456480e-01
8.493000268936157227e-01,3.473579406738281250e+02,2.656648801348637789e-01
8.493999838829040527e-01,3.472779541015625000e+02,2.656974227138562128e-01
8.495000004768371582e-01,3.471979675292968750e+02,2.657299354759743437e-01
8.496000170707702637e-01,3.471180267333984375e+02,2.657624482380924746e-01
8.496999740600585938e-01,3.470381011962890625e+02,2.657949908025329933e-01
8.497999906539916992e-01,3.469581451416015625e+02,2.658275035646511242e-01
8.499000072479248047e-01,3.468782348632812500e+02,2.658600163122173399e-01
8.500000238418579102e-01,3.467983398437500000e+02,2.658925588621059433e-01
8.500999808311462402e-01,3.467184448242187500e+02,2.659250716242240742e-01
8.501999974250793457e-01,3.466385345458984375e+02,2.659575843572383747e-01
8.503000140190124512e-01,3.465587005615234375e+02,2.659901269071269780e-01
8.503999710083007812e-01,3.464788208007812500e+02,2.660226396546931937e-01
8.504999876022338867e-01,3.463989868164062500e+02,2.660551821900298819e-01
8.506000041961669922e-01,3.463191680908203125e+02,2.660876949230441824e-01
8.507000207901000977e-01,3.462393493652343750e+02,2.661202374583808705e-01
8.507999777793884277e-01,3.461595458984375000e+02,2.661527501913951710e-01
8.508999943733215332e-01,3.460797576904296875e+02,2.661852927267318591e-01
8.510000109672546387e-01,3.460000000000000000e+02,2.662178054451942444e-01
8.511000275611877441e-01,3.459202117919921875e+02,2.662503479659790173e-01
8.511999845504760742e-01,3.458404693603515625e+02,2.662828905013157055e-01
8.513000011444091797e-01,3.457607574462890625e+02,2.663154032052261755e-01
8.514000177383422852e-01,3.456809997558593750e+02,2.663479457260109484e-01
8.514999747276306152e-01,3.456012878417968750e+02,2.663804882322438061e-01
8.515999913215637207e-01,3.455216217041015625e+02,2.664130009507061914e-01
8.517000079154968262e-01,3.454419097900390625e+02,2.664455434569390491e-01
8.518000245094299316e-01,3.453622283935546875e+02,2.664780859631719068e-01
8.518999814987182617e-01,3.452826080322265625e+02,2.665105986525304615e-01
8.519999980926513672e-01,3.452029418945312500e+02,2.665431411587633193e-01
8.521000146865844727e-01,3.451233215332031250e+02,2.665756836504442617e-01
8.521999716758728027e-01,3.450437164306640625e+02,2.666082261421252042e-01
8.522999882698059082e-01,3.449641113281250000e+02,2.666407388314837590e-01
8.524000048637390137e-01,3.448845367431640625e+02,2.666732813231647015e-01
8.525000214576721191e-01,3.448049316406250000e+02,2.667058238002937287e-01
8.525999784469604492e-01,3.447253723144531250e+02,2.667383662774227560e-01
8.526999950408935547e-01,3.446458282470703125e+02,2.667709087691036984e-01
8.528000116348266602e-01,3.445662994384765625e+02,2.668034512316808105e-01
8.529000282287597656e-01,3.444867858886718750e+02,2.668359937088098377e-01
8.529999852180480957e-01,3.444072723388671875e+02,2.668685361859388649e-01
8.531000018119812012e-01,3.443277893066406250e+02,2.669010488461935893e-01
8.532000184059143066e-01,3.442482910156250000e+02,2.669335913087707013e-01
8.532999753952026367e-01,3.441688385009765625e+02,2.669661337713478133e-01
8.533999919891357422e-01,3.440893707275390625e+02,2.669986762193730101e-01
8.535000085830688477e-01,3.440099334716796875e+02,2.670312186819501221e-01
8.536000251770019531e-01,3.439305114746093750e+02,2.670637611299753189e-01
8.536999821662902832e-01,3.438511199951171875e+02,2.670963035780005157e-01
8.537999987602233887e-01,3.437717132568359375e+02,2.671288758283481002e-01
8.539000153541564941e-01,3.436923370361328125e+02,2.671614182763732970e-01
8.539999723434448242e-01,3.436129455566406250e+02,2.671939607098465785e-01
8.540999889373779297e-01,3.435336151123046875e+02,2.672265031433198601e-01
8.542000055313110352e-01,3.434542694091796875e+02,2.672590455767931417e-01
8.543000221252441406e-01,3.433749084472656250e+02,2.672915880102664232e-01
8.543999791145324707e-01,3.432956085205078125e+02,2.673241304291877896e-01
8.544999957084655762e-01,3.432163238525390625e+02,2.673567026649834588e-01
8.546000123023986816e-01,3.431370391845703125e+02,2.673892450839048252e-01
8.547000288963317871e-01,3.430577697753906250e+02,2.674217875028261915e-01
8.547999858856201172e-01,3.429785156250000000e+02,2.674543299071956426e-01
8.549000024795532227e-01,3.428992614746093750e+02,2.674868723261170089e-01
8.550000190734863281e-01,3.428200378417968750e+02,2.675194445328088477e-01
8.550999760627746582e-01,3.427408294677734375e+02,2.675519869371782988e-01
8.551999926567077637e-01,3.426616363525390625e+02,2.675845293415477499e-01
8.553000092506408691e-01,3.425824432373046875e+02,2.676171015336876735e-01
8.554000258445739746e-01,3.425032501220703125e+02,2.676496439380571246e-01
8.554999828338623047e-01,3.424241180419921875e+02,2.676821863278746605e-01
8.555999994277954102e-01,3.423449859619140625e+02,2.677147585200145841e-01
8.557000160217285156e-01,3.422658386230468750e+02,2.677473009098321199e-01
8.557999730110168457e-01,3.421867523193359375e+02,2.677798730874201283e-01
8.558999896049499512e-01,3.421076354980468750e+02,2.678124154626857489e-01
8.560000061988830566e-01,3.420285644531250000e+02,2.678449578379513696e-01
8.561000227928161621e-01,3.419494934082031250e+02,2.678775300155393779e-01
8.561999797821044922e-01,3.418704376220703125e+02,2.679100723908049986e-01
8.562999963760375977e-01,3.417913970947265625e+02,2.679426445538410917e-01
8.564000129699707031e-01,3.417123718261718750e+02,2.679751869145547971e-01
8.565000295639038086e-01,3.416333923339843750e+02,2.680077590775908902e-01
8.565999865531921387e-01,3.415543823242187500e+02,2.680403312406269833e-01
8.567000031471252441e-01,3.414754028320312500e+02,2.680728735867887735e-01
8.568000197410583496e-01,3.413964233398437500e+02,2.681054457352729514e-01
8.568999767303466797e-01,3.413174896240234375e+02,2.681379880814347416e-01
8.569999933242797852e-01,3.412385406494140625e+02,2.681705602299189195e-01
8.571000099182128906e-01,3.411596069335937500e+02,2.682031025615287945e-01
8.572000265121459961e-01,3.410807189941406250e+02,2.682356746954610571e-01
8.572999835014343262e-01,3.410018463134765625e+02,2.682682468293933198e-01
8.574000000953674316e-01,3.409229583740234375e+02,2.683007891610031947e-01
8.575000166893005371e-01,3.408441009521484375e+02,2.683333612949354574e-01
8.575999736785888672e-01,3.407652740478515625e+02,2.683659334143158048e-01
8.576999902725219727e-01,3.406864624023437500e+02,2.683985055336961523e-01
8.578000068664550781e-01,3.406076354980468750e+02,2.684310478507541120e-01
8.579000234603881836e-01,3.405288543701171875e+02,2.684636199555825442e-01
8.579999804496765137e-01,3.404500427246093750e+02,2.684961920604109764e-01
8.580999970436096191e-01,3.403712921142578125e+02,2.685287641652394086e-01
8.582000136375427246e-01,3.402925262451171875e+02,2.685613362700678408e-01
8.582999706268310547e-01,3.402138061523437500e+02,2.685938785725738853e-01
8.583999872207641602e-01,3.401350708007812500e+02,2.686264506628504023e-01
8.585000038146972656e-01,3.400563659667968750e+02,2.686590227531269193e-01
8.586000204086303711e-01,3.399777069091796875e+02,2.686915948434034362e-01
8.586999773979187012e-01,3.398990173339843750e+02,2.687241669336799532e-01
8.587999939918518066e-01,3.398203582763671875e+02,2.687567390094045550e-01
8.589000105857849121e-01,3.397417144775390625e+02,2.687893110851291567e-01
8.590000271797180176e-01,3.396631164550781250e+02,2.688218831608537585e-01
8.590999841690063477e-01,3.395844879150390625e+02,2.688544254197040573e-01
8.592000007629394531e-01,3.395059204101562500e+02,2.688869974954286590e-01
8.593000173568725586e-01,3.394273071289062500e+02,2.689195695566013455e-01
8.593999743461608887e-01,3.393487701416015625e+02,2.689521416032221168e-01
8.594999909400939941e-01,3.392702178955078125e+02,2.689847136643948033e-01
8.596000075340270996e-01,3.391917114257812500e+02,2.690172857110155746e-01
8.597000241279602051e-01,3.391131896972656250e+02,2.690498875599587336e-01
8.597999811172485352e-01,3.390347137451171875e+02,2.690824596065795049e-01
8.598999977111816406e-01,3.389562072753906250e+02,2.691150316386483610e-01
8.600000143051147461e-01,3.388777465820312500e+02,2.691476036852691323e-01
8.600999712944030762e-01,3.387993011474609375e+02,2.691801757027860731e-01
8.601999878883361816e-01,3.387208557128906250e+02,2.692127477348549291e-01
8.603000044822692871e-01,3.386424560546875000e+02,2.692453197669237852e-01
8.604000210762023926e-01,3.385640563964843750e+02,2.692778917844407260e-01
8.604999780654907227e-01,3.384856567382812500e+02,2.693104638019576669e-01
8.605999946594238281e-01,3.384072875976562500e+02,2.693430656072450802e-01
8.607000112533569336e-01,3.383289489746093750e+02,2.693756376247620210e-01
8.608000278472900391e-01,3.382506103515625000e+02,2.694082096277270466e-01
8.608999848365783691e-01,3.381722869873046875e+02,2.694407816161401570e-01
8.610000014305114746e-01,3.380939788818359375e+02,2.694733536191051826e-01
8.611000180244445801e-01,3.380157165527343750e+02,2.695059554098406807e-01
8.611999750137329102e-01,3.379374389648437500e+02,2.695385273982537910e-01
8.612999916076660156e-01,3.378591918945312500e+02,2.695710993866669014e-01
8.614000082015991211e-01,3.377809448242187500e+02,2.696036713605280966e-01
8.615000247955322266e-01,3.377027587890625000e+02,2.696362731367116794e-01
8.615999817848205566e-01,3.376245574951171875e+02,2.696688451105728745e-01
8.616999983787536621e-01,3.375463562011718750e+02,2.697014170844340697e-01
8.618000149726867676e-01,3.374682006835937500e+02,2.697340188460657373e-01
8.618999719619750977e-01,3.373900451660156250e+02,2.697665908053750172e-01
8.619999885559082031e-01,3.373119354248046875e+02,2.697991627646842971e-01
8.621000051498413086e-01,3.372338104248046875e+02,2.698317645117640495e-01
8.622000217437744141e-01,3.371556854248046875e+02,2.698643364710733294e-01
8.622999787330627441e-01,3.370776062011718750e+02,2.698969382181530818e-01
8.623999953269958496e-01,3.369995727539062500e+02,2.699295101483585313e-01
8.625000119209289551e-01,3.369215087890625000e+02,2.699620820785639808e-01
8.626000285148620605e-01,3.368434753417968750e+02,2.699946838256437331e-01
8.626999855041503906e-01,3.367654724121093750e+02,2.700272557412972674e-01
8.628000020980834961e-01,3.366874694824218750e+02,2.700598574738251045e-01
8.629000186920166016e-01,3.366094818115234375e+02,2.700924293894786388e-01
8.629999756813049316e-01,3.365315246582031250e+02,2.701250311074545607e-01
8.630999922752380371e-01,3.364535675048828125e+02,2.701576030085561797e-01
8.632000088691711426e-01,3.363756561279296875e+02,2.701902047265321016e-01
8.633000254631042480e-01,3.362977447509765625e+02,2.702227766276337206e-01
8.633999824523925781e-01,3.362198486328125000e+02,2.702553783165058121e-01
8.634999990463256836e-01,3.361419830322265625e+02,2.702879800199298188e-01
8.636000156402587891e-01,3.360641326904296875e+02,2.703205519064795226e-01
8.636999726295471191e-01,3.359862823486328125e+02,2.703531535953516141e-01
8.637999892234802246e-01,3.359084777832031250e+02,2.703857254673494026e-01
8.639000058174133301e-01,3.358306579589843750e+02,2.704183271416695789e-01
8.640000224113464355e-01,3.357528686523437500e+02,2.704509288159897551e-01
8.640999794006347656e-01,3.356751098632812500e+02,2.704835006879875436e-01
8.641999959945678711e-01,3.355973205566406250e+02,2.705161023477558047e-01
8.643000125885009766e-01,3.355196075439453125e+02,2.705487040075240657e-01
8.644000291824340820e-01,3.354418792724609375e+02,2.705812758649699390e-01
8.644999861717224121e-01,3.353641815185546875e+02,2.706138775101862848e-01
8.646000027656555176e-01,3.352865295410156250e+02,2.706464791554026306e-01
8.647000193595886230e-01,3.352088470458984375e+02,2.706790509982965887e-01
8.647999763488769531e-01,3.351312103271484375e+02,2.707116526435129344e-01
8.648999929428100586e-01,3.350535583496093750e+02,2.707442542741773650e-01
8.650000095367431641e-01,3.349759826660156250e+02,2.707768559048417956e-01
8.651000261306762695e-01,3.348983764648437500e+02,2.708094277186319232e-01
8.651999831199645996e-01,3.348207855224609375e+02,2.708420293347444385e-01
8.652999997138977051e-01,3.347432556152343750e+02,2.708746309508569539e-01
8.654000163078308105e-01,3.346656951904296875e+02,2.709072325669694692e-01
8.654999732971191406e-01,3.345881805419921875e+02,2.709398341685300693e-01
8.655999898910522461e-01,3.345106964111328125e+02,2.709724357700906694e-01
8.657000064849853516e-01,3.344331970214843750e+02,2.710050075693288818e-01
8.658000230789184570e-01,3.343557434082031250e+02,2.710376091563375667e-01
8.658999800682067871e-01,3.342782897949218750e+02,2.710702107433462515e-01
8.659999966621398926e-01,3.342008514404296875e+02,2.711028123303549364e-01
8.661000132560729980e-01,3.341234588623046875e+02,2.711354139028117061e-01
8.661999702453613281e-01,3.340460510253906250e+02,2.711680154752684757e-01
8.662999868392944336e-01,3.339686737060546875e+02,2.712006170477252454e-01
8.664000034332275391e-01,3.338913421630859375e+02,2.712332186056300998e-01
8.665000200271606445e-01,3.338140106201171875e+02,2.712658201635349542e-01
8.665999770164489746e-01,3.337366943359375000e+02,2.712984217214398086e-01
8.666999936103820801e-01,3.336593780517578125e+02,2.713310232647927478e-01
8.668000102043151855e-01,3.335821075439453125e+02,2.713636248226976022e-01
8.669000267982482910e-01,3.335048370361328125e+02,2.713962263514986262e-01
8.669999837875366211e-01,3.334276123046875000e+02,2.714287980925291777e-01
8.671000003814697266e-01,3.333503723144531250e+02,2.714614294236525893e-01
8.672000169754028320e-01,3.332731781005859375e+02,2.714940309524536133e-01
8.672999739646911621e-01,3.331959838867187500e+02,2.715266324667027220e-01
8.673999905586242676e-01,3.331188049316406250e+02,2.715592339809518307e-01
8.675000071525573730e-01,3.330416717529296875e+02,2.715918354952009395e-01
8.676000237464904785e-01,3.329645233154296875e+02,2.716244369948981330e-01
8.676999807357788086e-01,3.328874206542968750e+02,2.716570384945953265e-01
8.677999973297119141e-01,3.328103332519531250e+02,2.716896399942925200e-01
8.679000139236450195e-01,3.327332458496093750e+02,2.717222414794377983e-01
8.679999709129333496e-01,3.326562042236328125e+02,2.717548429645830765e-01
8.680999875068664551e-01,3.325791625976562500e+02,2.717874444497283548e-01
8.682000041007995605e-01,3.325021667480468750e+02,2.718200459348736331e-01
8.683000206947326660e-01,3.324251403808593750e+02,2.718526474054669961e-01
8.683999776840209961e-01,3.323481597900390625e+02,2.718852786638308316e-01
8.684999942779541016e-01,3.322711944580078125e+02,2.719178801344241947e-01
8.686000108718872070e-01,3.321942749023437500e+02,2.719504815904656425e-01
8.687000274658203125e-01,3.321173400878906250e+02,2.719830830319551751e-01
8.687999844551086426e-01,3.320404357910156250e+02,2.720156844734447077e-01
8.689000010490417480e-01,3.319635772705078125e+02,2.720483157172566280e-01
8.690000176429748535e-01,3.318866882324218750e+02,2.720809171587461606e-01
8.690999746322631836e-01,3.318098602294921875e+02,2.721135185856837779e-01
8.691999912261962891e-01,3.317330322265625000e+02,2.721461200126213953e-01
8.693000078201293945e-01,3.316562194824218750e+02,2.721787214395590127e-01
8.694000244140625000e-01,3.315794525146484375e+02,2.722113526542671025e-01
8.694999814033508301e-01,3.315026855468750000e+02,2.722439540666528046e-01
8.695999979972839355e-01,3.314259338378906250e+02,2.722765554644865915e-01
8.697000145912170410e-01,3.313491973876953125e+02,2.723091866646427661e-01
8.697999715805053711e-01,3.312725067138671875e+02,2.723417880624765530e-01
8.698999881744384766e-01,3.311958160400390625e+02,2.723743894457584247e-01
8.700000047683715820e-01,3.311191406250000000e+02,2.724069908290402964e-01
8.701000213623046875e-01,3.310424652099609375e+02,2.724396220146445557e-01
8.701999783515930176e-01,3.309658508300781250e+02,2.724722233833745122e-01
8.702999949455261230e-01,3.308892364501953125e+02,2.725048247521044686e-01
8.704000115394592285e-01,3.308126373291015625e+02,2.725374559231568128e-01
8.705000281333923340e-01,3.307360839843750000e+02,2.725700572773348540e-01
8.705999851226806641e-01,3.306595306396484375e+02,2.726026586315128952e-01
8.707000017166137695e-01,3.305829925537109375e+02,2.726352897734614089e-01
8.708000183105468750e-01,3.305064697265625000e+02,2.726678911130875349e-01
8.708999752998352051e-01,3.304299926757812500e+02,2.727005222550360486e-01
8.709999918937683105e-01,3.303535308837890625e+02,2.727331235801102594e-01
8.711000084877014160e-01,3.302770690917968750e+02,2.727657249051844701e-01
8.712000250816345215e-01,3.302006378173828125e+02,2.727983560325810686e-01
8.712999820709228516e-01,3.301242370605468750e+02,2.728309573431033641e-01
8.713999986648559570e-01,3.300478515625000000e+02,2.728635884559480473e-01
8.715000152587890625e-01,3.299714508056640625e+02,2.728961897664703429e-01
8.715999722480773926e-01,3.298951263427734375e+02,2.729288208647631109e-01
8.716999888420104980e-01,3.298187866210937500e+02,2.729614221461815760e-01
8.718000054359436035e-01,3.297424774169921875e+02,2.729940532444743440e-01
8.719000220298767090e-01,3.296661834716796875e+02,2.730266545258928090e-01
8.719999790191650391e-01,3.295898895263671875e+02,2.730592855950817466e-01
8.720999956130981445e-01,3.295136566162109375e+02,2.730918868765002117e-01
8.722000122070312500e-01,3.294374237060546875e+02,2.731245179311372340e-01
8.723000288009643555e-01,3.293612060546875000e+02,2.731571191980037838e-01
8.723999857902526855e-01,3.292850189208984375e+02,2.731897502526408061e-01
8.725000023841857910e-01,3.292088470458984375e+02,2.732223515049554408e-01
8.726000189781188965e-01,3.291327056884765625e+02,2.732549825450405478e-01
8.726999759674072266e-01,3.290565643310546875e+02,2.732875837828032672e-01
8.727999925613403320e-01,3.289804534912109375e+02,2.733202148083364591e-01
8.729000091552734375e-01,3.289043731689453125e+02,2.733528160460991785e-01
8.730000257492065430e-01,3.288283081054687500e+02,2.733854470570804551e-01
8.730999827384948730e-01,3.287522583007812500e+02,2.734180482802912593e-01
8.731999993324279785e-01,3.286762390136718750e+02,2.734506792912725359e-01
8.733000159263610840e-01,3.286002349853515625e+02,2.734833102877018973e-01
8.733999729156494141e-01,3.285242462158203125e+02,2.735159114818088710e-01
8.734999895095825195e-01,3.284482879638671875e+02,2.735485424782382324e-01
8.736000061035156250e-01,3.283723144531250000e+02,2.735811436723452061e-01
8.737000226974487305e-01,3.282963562011718750e+02,2.736138045002007857e-01
8.737999796867370605e-01,3.282203216552734375e+02,2.736464355984935537e-01
8.738999962806701660e-01,3.281441802978515625e+02,2.736790965718682855e-01
8.740000128746032715e-01,3.280679016113281250e+02,2.737117874057730660e-01
8.741000294685363770e-01,3.279915313720703125e+02,2.737444782833335921e-01
8.741999864578247070e-01,3.279150848388671875e+02,2.737771692191017792e-01
8.743000030517578125e-01,3.278385925292968750e+02,2.738098601694218814e-01
8.744000196456909180e-01,3.277619934082031250e+02,2.738425511488458142e-01
8.744999766349792480e-01,3.276853942871093750e+02,2.738752719596959651e-01
8.745999932289123535e-01,3.276087646484375000e+02,2.739079629682237282e-01
8.747000098228454590e-01,3.275321502685546875e+02,2.739406539913034067e-01
8.748000264167785645e-01,3.274555206298828125e+02,2.739733748167054728e-01
8.748999834060668945e-01,3.273788757324218750e+02,2.740060956275556237e-01
8.750000000000000000e-01,3.273022460937500000e+02,2.740387866506353021e-01
8.751000165939331055e-01,3.272256469726562500e+02,2.740715074760373682e-01
8.751999735832214355e-01,3.271490631103515625e+02,2.741041984991170466e-01
8.752999901771545410e-01,3.270724792480468750e+02,2.741369193099671975e-01
8.754000067710876465e-01,3.269959564208984375e+02,2.741696103184949607e-01
8.755000233650207520e-01,3.269193878173828125e+02,2.742023311147931963e-01
8.755999803543090820e-01,3.268428955078125000e+02,2.742350519110914320e-01
8.756999969482421875e-01,3.267663879394531250e+02,2.742677429050672799e-01
8.758000135421752930e-01,3.266899261474609375e+02,2.743004636868136004e-01
8.758999705314636230e-01,3.266134490966796875e+02,2.743331546662375331e-01
8.759999871253967285e-01,3.265370483398437500e+02,2.743658754479838535e-01
8.761000037193298340e-01,3.264606170654296875e+02,2.743985962151782587e-01
8.762000203132629395e-01,3.263842315673828125e+02,2.744312871654983610e-01
8.762999773025512695e-01,3.263079071044921875e+02,2.744640079181408510e-01
8.763999938964843750e-01,3.262315521240234375e+02,2.744967286707833409e-01
8.765000104904174805e-01,3.261552276611328125e+02,2.745294196065515280e-01
8.766000270843505859e-01,3.260789489746093750e+02,2.745621403446421027e-01
8.766999840736389160e-01,3.260026702880859375e+02,2.745948610681807622e-01
8.768000006675720215e-01,3.259264526367187500e+02,2.746275519893970340e-01
8.769000172615051270e-01,3.258501892089843750e+02,2.746602726983837783e-01
8.769999742507934570e-01,3.257740325927734375e+02,2.746929636050481349e-01
8.770999908447265625e-01,3.256978454589843750e+02,2.747256842994829640e-01
8.772000074386596680e-01,3.256216735839843750e+02,2.747584049939177930e-01
8.773000240325927734e-01,3.255455627441406250e+02,2.747910958860302344e-01
8.773999810218811035e-01,3.254695129394531250e+02,2.748238165077054873e-01
8.774999976158142090e-01,3.253936462402343750e+02,2.748565371002769098e-01
8.776000142097473145e-01,3.253177185058593750e+02,2.748892278614221141e-01
8.776999711990356445e-01,3.252418823242187500e+02,2.749219484394416213e-01
8.777999877929687500e-01,3.251660156250000000e+02,2.749546689883572981e-01
8.779000043869018555e-01,3.250902404785156250e+02,2.749873597495025024e-01
8.780000209808349609e-01,3.250144195556640625e+02,2.750200802838662639e-01
8.780999779701232910e-01,3.249386596679687500e+02,2.750527710159076378e-01
8.781999945640563965e-01,3.248629302978515625e+02,2.750854915502713993e-01
8.783000111579895020e-01,3.247872161865234375e+02,2.751182120846351609e-01
8.784000277519226074e-01,3.247115020751953125e+02,2.751509027875727043e-01
8.784999847412109375e-01,3.246358337402343750e+02,2.751836233073845506e-01
8.786000013351440430e-01,3.245601959228515625e+02,2.752163438126444817e-01
8.787000179290771484e-01,3.244845886230468750e+02,2.752490345010301098e-01
8.787999749183654785e-01,3.244089508056640625e+02,2.752817549917381257e-01
8.788999915122985840e-01,3.243333740234375000e+02,2.753144456655718386e-01
8.790000081062316895e-01,3.242578277587890625e+02,2.753471661417279392e-01
8.791000247001647949e-01,3.241822967529296875e+02,2.753798866178840399e-01
8.791999816894531250e-01,3.241067810058593750e+02,2.754125772771658376e-01
8.792999982833862305e-01,3.240313262939453125e+02,2.754452977242181078e-01
8.794000148773193359e-01,3.239558410644531250e+02,2.754780181712703779e-01
8.794999718666076660e-01,3.238804016113281250e+02,2.755107088160002604e-01
8.795999884605407715e-01,3.238049621582031250e+02,2.755434292485006154e-01
8.797000050544738770e-01,3.237295989990234375e+02,2.755761496664490551e-01
8.798000216484069824e-01,3.236542358398437500e+02,2.756088402820751071e-01
8.798999786376953125e-01,3.235788574218750000e+02,2.756415607000235468e-01
8.799999952316284180e-01,3.235035552978515625e+02,2.756742811034200713e-01
8.801000118255615234e-01,3.234282379150390625e+02,2.757069717044942081e-01
8.802000284194946289e-01,3.233529815673828125e+02,2.757396920933388174e-01
8.802999854087829590e-01,3.232776947021484375e+02,2.757724124821834266e-01
8.804000020027160645e-01,3.232024688720703125e+02,2.758051030541537330e-01
8.805000185966491699e-01,3.231272735595703125e+02,2.758378234138945118e-01
8.805999755859375000e-01,3.230520782470703125e+02,2.758705139858648181e-01
8.806999921798706055e-01,3.229769439697265625e+02,2.759032343310536817e-01
8.808000087738037109e-01,3.229018096923828125e+02,2.759359546907944605e-01
8.809000253677368164e-01,3.228267059326171875e+02,2.759686452191090211e-01
8.809999823570251465e-01,3.227516021728515625e+02,2.760013655642978847e-01
8.810999989509582520e-01,3.226765289306640625e+02,2.760340858803829178e-01
8.812000155448913574e-01,3.226015167236328125e+02,2.760667763941455632e-01
8.812999725341796875e-01,3.225264739990234375e+02,2.760994967102305964e-01
8.813999891281127930e-01,3.224514770507812500e+02,2.761322170263156295e-01
8.815000057220458984e-01,3.223765258789062500e+02,2.761649075109744444e-01
8.816000223159790039e-01,3.223015899658203125e+02,2.761976278125075623e-01
8.816999793052673340e-01,3.222266693115234375e+02,2.762303480849368498e-01
8.817999958992004395e-01,3.221517486572265625e+02,2.762630385695956647e-01
8.819000124931335449e-01,3.220768737792968750e+02,2.762957588274730369e-01
8.820000290870666504e-01,3.220020446777343750e+02,2.763284790999023244e-01
8.820999860763549805e-01,3.219272003173828125e+02,2.763611993432277814e-01
8.822000026702880859e-01,3.218524169921875000e+02,2.763938897987827659e-01
8.823000192642211914e-01,3.217776184082031250e+02,2.764266100275563076e-01
8.823999762535095215e-01,3.217028961181640625e+02,2.764593302708817646e-01
8.824999928474426270e-01,3.216281127929687500e+02,2.764920206827810034e-01
8.826000094413757324e-01,3.215534362792968750e+02,2.765247409115545452e-01
8.827000260353088379e-01,3.214787445068359375e+02,2.765574611257761717e-01
8.827999830245971680e-01,3.214040832519531250e+02,2.765901515231234953e-01
8.828999996185302734e-01,3.213294677734375000e+02,2.766228717227932066e-01
8.830000162124633789e-01,3.212548217773437500e+02,2.766555919079110026e-01
8.830999732017517090e-01,3.211802520751953125e+02,2.766882822907064110e-01
8.831999897956848145e-01,3.211056518554687500e+02,2.767210024612722918e-01
8.833000063896179199e-01,3.210311279296875000e+02,2.767537226318381727e-01
8.834000229835510254e-01,3.209566192626953125e+02,2.767864129855297506e-01
8.834999799728393555e-01,3.208821258544921875e+02,2.768191331269918010e-01
8.835999965667724609e-01,3.208076629638671875e+02,2.768518532830057666e-01
8.837000131607055664e-01,3.207331848144531250e+02,2.768845436075935140e-01
8.838000297546386719e-01,3.206587829589843750e+02,2.769172637490555644e-01
8.838999867439270020e-01,3.205843963623046875e+02,2.769499838614137843e-01
8.840000033378601074e-01,3.205100097656250000e+02,2.769826741714496166e-01
8.841000199317932129e-01,3.204356536865234375e+02,2.770153942838078365e-01
8.841999769210815430e-01,3.203613281250000000e+02,2.770481143816141412e-01
8.842999935150146484e-01,3.202870483398437500e+02,2.770808046770980582e-01
8.844000101089477539e-01,3.202127685546875000e+02,2.771135247603524476e-01
8.845000267028808594e-01,3.201385192871093750e+02,2.771462448436068371e-01
8.845999836921691895e-01,3.200643157958984375e+02,2.771789351099869236e-01
8.847000002861022949e-01,3.199900665283203125e+02,2.772116551641374826e-01
8.848000168800354004e-01,3.199158935546875000e+02,2.772443752182880417e-01
8.848999738693237305e-01,3.198417205810546875e+02,2.772770654701162130e-01
8.849999904632568359e-01,3.197676239013671875e+02,2.773097855097148567e-01
8.851000070571899414e-01,3.196935119628906250e+02,2.773425055493135005e-01
8.852000236511230469e-01,3.196194305419921875e+02,2.773751957720378414e-01
8.852999806404113770e-01,3.195453643798828125e+02,2.774079157825326547e-01
8.853999972343444824e-01,3.194713287353515625e+02,2.774406357930274680e-01
8.855000138282775879e-01,3.193972930908203125e+02,2.774733259866479784e-01
8.855999708175659180e-01,3.193233032226562500e+02,2.775060459825908765e-01
8.856999874114990234e-01,3.192493591308593750e+02,2.775387659785337746e-01
8.858000040054321289e-01,3.191754150390625000e+02,2.775714561576023698e-01
8.859000205993652344e-01,3.191015014648437500e+02,2.776041761244414374e-01
8.859999775886535645e-01,3.190276184082031250e+02,2.776368960912805051e-01
8.860999941825866699e-01,3.189537506103515625e+02,2.776695862412452698e-01
8.862000107765197754e-01,3.188798980712890625e+02,2.777023061935324222e-01
8.863000273704528809e-01,3.188061065673828125e+02,2.777350261312676594e-01
8.863999843597412109e-01,3.187322692871093750e+02,2.777677162666805089e-01
8.865000009536743164e-01,3.186585388183593750e+02,2.778004361898638308e-01
8.866000175476074219e-01,3.185847930908203125e+02,2.778331561130471528e-01
8.866999745368957520e-01,3.185110473632812500e+02,2.778658462193561718e-01
8.867999911308288574e-01,3.184373626708984375e+02,2.778985661279875785e-01
8.869000077247619629e-01,3.183636627197265625e+02,2.779312860220670700e-01
8.870000243186950684e-01,3.182900390625000000e+02,2.779639761138241738e-01
8.870999813079833984e-01,3.182164001464843750e+02,2.779966959933517501e-01
8.871999979019165039e-01,3.181428222656250000e+02,2.780293860560050234e-01
8.873000144958496094e-01,3.180692138671875000e+02,2.780621059209806845e-01
8.873999714851379395e-01,3.179956817626953125e+02,2.780948257859563455e-01
8.874999880790710449e-01,3.179222106933593750e+02,2.781275158049538732e-01
8.876000046730041504e-01,3.178488464355468750e+02,2.781602355826180428e-01
8.877000212669372559e-01,3.177755889892578125e+02,2.781929553457302973e-01
8.877999782562255859e-01,3.177023162841796875e+02,2.782256452919682488e-01
8.878999948501586914e-01,3.176290435791015625e+02,2.782583650405285880e-01
8.880000114440917969e-01,3.175558624267578125e+02,2.782910549722146243e-01
8.881000280380249023e-01,3.174826507568359375e+02,2.783237747062230483e-01
8.881999850273132324e-01,3.174094543457031250e+02,2.783564646233571693e-01
8.883000016212463379e-01,3.173363189697265625e+02,2.783891843428136781e-01
8.884000182151794434e-01,3.172632141113281250e+02,2.784219040477182716e-01
8.884999752044677734e-01,3.171900939941406250e+02,2.784545939503004774e-01
8.885999917984008789e-01,3.171170349121093750e+02,2.784873136406531557e-01
8.887000083923339844e-01,3.170439605712890625e+02,2.785200035141315311e-01
8.888000249862670898e-01,3.169709472656250000e+02,2.785527231899322942e-01
8.888999819755554199e-01,3.168979492187500000e+02,2.785854130634106696e-01
8.889999985694885254e-01,3.168249664306640625e+02,2.786181327246595174e-01
8.891000151634216309e-01,3.167520141601562500e+02,2.786508523713564500e-01
8.891999721527099609e-01,3.166790924072265625e+02,2.786835422157309949e-01
8.892999887466430664e-01,3.166062011718750000e+02,2.787162618478760123e-01
8.894000053405761719e-01,3.165333099365234375e+02,2.787489516776986420e-01
8.895000219345092773e-01,3.164604797363281250e+02,2.787816713098436594e-01
8.895999789237976074e-01,3.163876495361328125e+02,2.788143611105624586e-01
8.896999955177307129e-01,3.163148498535156250e+02,2.788470807136036456e-01
8.898000121116638184e-01,3.162420654296875000e+02,2.788797705143224448e-01
8.899000287055969238e-01,3.161693115234375000e+02,2.789124901028117165e-01
8.899999856948852539e-01,3.160965576171875000e+02,2.789452096913009882e-01
8.901000022888183594e-01,3.160238647460937500e+02,2.789778994629159570e-01
8.902000188827514648e-01,3.159511871337890625e+02,2.790106190223013982e-01
8.902999758720397949e-01,3.158785247802734375e+02,2.790433087793644518e-01
8.903999924659729004e-01,3.158058776855468750e+02,2.790760283387498930e-01
8.905000090599060059e-01,3.157332916259765625e+02,2.791087180812610313e-01
8.906000256538391113e-01,3.156606750488281250e+02,2.791414376115426421e-01
8.906999826431274414e-01,3.155881195068359375e+02,2.791741273395018652e-01
8.907999992370605469e-01,3.155156097412109375e+02,2.792068468552315608e-01
8.909000158309936523e-01,3.154430694580078125e+02,2.792395365686388686e-01
8.909999728202819824e-01,3.153706207275390625e+02,2.792722560698166490e-01
8.910999894142150879e-01,3.152981567382812500e+02,2.793049457686720416e-01
8.912000060081481934e-01,3.152257080078125000e+02,2.793376652552979067e-01
8.913000226020812988e-01,3.151532745361328125e+02,2.793703549396013841e-01
8.913999795913696289e-01,3.150809173583984375e+02,2.794030744116753340e-01
8.914999961853027344e-01,3.150085296630859375e+02,2.794357640668749809e-01
8.916000127792358398e-01,3.149362030029296875e+02,2.794684835243970156e-01
8.917000293731689453e-01,3.148638610839843750e+02,2.795011731795966625e-01
8.917999863624572754e-01,3.147915802001953125e+02,2.795338926225667819e-01
8.919000029563903809e-01,3.147193298339843750e+02,2.795665822486625984e-01
8.920000195503234863e-01,3.146470489501953125e+02,2.795993016770808026e-01
8.920999765396118164e-01,3.145748443603515625e+02,2.796319912886247039e-01
8.921999931335449219e-01,3.145026550292968750e+02,2.796647107024909928e-01
8.923000097274780273e-01,3.144304809570312500e+02,2.796974002994829789e-01
8.924000263214111328e-01,3.143583679199218750e+02,2.797301196842454374e-01
8.924999833106994629e-01,3.142862243652343750e+02,2.797628092812374234e-01
8.925999999046325684e-01,3.142141418457031250e+02,2.797955286514479667e-01
8.927000164985656738e-01,3.141420745849609375e+02,2.798282182193361223e-01
8.927999734878540039e-01,3.140700225830078125e+02,2.798609375749947503e-01
8.928999900817871094e-01,3.139980010986328125e+02,2.798936271283309907e-01
8.930000066757202148e-01,3.139259948730468750e+02,2.799263464839896187e-01
8.931000232696533203e-01,3.138540344238281250e+02,2.799590360227739438e-01
8.931999802589416504e-01,3.137820739746093750e+02,2.799917255470063537e-01
8.932999968528747559e-01,3.137101593017578125e+02,2.800244448590092361e-01
8.934000134468078613e-01,3.136382598876953125e+02,2.800571343832416460e-01
8.934999704360961914e-01,3.135663909912109375e+02,2.800898536806926131e-01
8.935999870300292969e-01,3.134945373535156250e+02,2.801225431758211926e-01
8.937000036239624023e-01,3.134227294921875000e+02,2.801552624732721597e-01
8.938000202178955078e-01,3.133508911132812500e+02,2.801879519538488239e-01
8.938999772071838379e-01,3.132791442871093750e+02,2.802206712221959606e-01
8.939999938011169434e-01,3.132073974609375000e+02,2.802533606882207096e-01
8.941000103950500488e-01,3.131356658935546875e+02,2.802860501396935433e-01
8.942000269889831543e-01,3.130639495849609375e+02,2.803187693934887648e-01
8.942999839782714844e-01,3.129922790527343750e+02,2.803514588304096833e-01
8.944000005722045898e-01,3.129206085205078125e+02,2.803841780696529895e-01
8.945000171661376953e-01,3.128489837646484375e+02,2.804168674920219928e-01
8.945999741554260254e-01,3.127773895263671875e+02,2.804495569143909961e-01
8.946999907493591309e-01,3.127058258056640625e+02,2.804822761245304719e-01
8.948000073432922363e-01,3.126342468261718750e+02,2.805149655177956447e-01
8.949000239372253418e-01,3.125627288818359375e+02,2.805476847133832052e-01
8.949999809265136719e-01,3.124912261962890625e+02,2.805803740920964628e-01
8.950999975204467773e-01,3.124197540283203125e+02,2.806130634708097205e-01
8.952000141143798828e-01,3.123482818603515625e+02,2.806457826372934505e-01
8.952999711036682129e-01,3.122768554687500000e+02,2.806784720014547929e-01
8.953999876976013184e-01,3.122054595947265625e+02,2.807111911533866078e-01
8.955000042915344238e-01,3.121340637207031250e+02,2.807438805029960349e-01
8.956000208854675293e-01,3.120627441406250000e+02,2.807765698380535468e-01
8.956999778747558594e-01,3.119913787841796875e+02,2.808092889608815312e-01
8.957999944686889648e-01,3.119200592041015625e+02,2.808419782813871279e-01
8.959000110626220703e-01,3.118487854003906250e+02,2.808746974042151123e-01
8.960000276565551758e-01,3.117775268554687500e+02,2.809073867101687938e-01
8.960999846458435059e-01,3.117062835693359375e+02,2.809400760015705600e-01
8.962000012397766113e-01,3.116351013183593750e+02,2.809727950952947140e-01
8.963000178337097168e-01,3.115638885498046875e+02,2.810054843721445650e-01
8.963999748229980469e-01,3.114927368164062500e+02,2.810381736344425008e-01
8.964999914169311523e-01,3.114215850830078125e+02,2.810708926990628242e-01
8.966000080108642578e-01,3.113504791259765625e+02,2.811035819613607600e-01
8.967000246047973633e-01,3.112794189453125000e+02,2.811362712091067806e-01
8.967999815940856934e-01,3.112083435058593750e+02,2.811689902446232736e-01
8.968999981880187988e-01,3.111373291015625000e+02,2.812016794778173789e-01
8.970000147819519043e-01,3.110662994384765625e+02,2.812343686964595690e-01
8.970999717712402344e-01,3.109953155517578125e+02,2.812670877174241468e-01
8.971999883651733398e-01,3.109243316650390625e+02,2.812997769215144217e-01
8.973000049591064453e-01,3.108534088134765625e+02,2.813324661110527813e-01
8.974000215530395508e-01,3.107825164794921875e+02,2.813651851174654439e-01
8.974999785423278809e-01,3.107115783691406250e+02,2.813978742924518883e-01
8.975999951362609863e-01,3.106407470703125000e+02,2.814305634674383327e-01
8.977000117301940918e-01,3.105698852539062500e+02,2.814632526278728619e-01
8.978000283241271973e-01,3.104991149902343750e+02,2.814959715906297788e-01
8.978999853134155273e-01,3.104282684326171875e+02,2.815286607365123928e-01
8.980000019073486328e-01,3.103575286865234375e+02,2.815613498823950067e-01
8.981000185012817383e-01,3.102867736816406250e+02,2.815940688160480931e-01
8.981999754905700684e-01,3.102160949707031250e+02,2.816267579473787919e-01
8.982999920845031738e-01,3.101454010009765625e+02,2.816594470496056601e-01
8.984000086784362793e-01,3.100747375488281250e+02,2.816921361663844436e-01
8.985000252723693848e-01,3.100040740966796875e+02,2.817248550709336996e-01
8.985999822616577148e-01,3.099334564208984375e+02,2.817575441586086527e-01
8.986999988555908203e-01,3.098628540039062500e+02,2.817902332462836057e-01
8.988000154495239258e-01,3.097922973632812500e+02,2.818229223194066435e-01
8.988999724388122559e-01,3.097217407226562500e+02,2.818556411948520690e-01
8.989999890327453613e-01,3.096512451171875000e+02,2.818883302534231916e-01
8.991000056266784668e-01,3.095807342529296875e+02,2.819210192974423990e-01
8.992000222206115723e-01,3.095102844238281250e+02,2.819537083414616063e-01
8.992999792098999023e-01,3.094398040771484375e+02,2.819864271732512861e-01
8.993999958038330078e-01,3.093693847656250000e+02,2.820191162027185783e-01
8.995000123977661133e-01,3.092990264892578125e+02,2.820518052176339552e-01
8.996000289916992188e-01,3.092286224365234375e+02,2.820844942325493321e-01
8.996999859809875488e-01,3.091583404541015625e+02,2.821171832183608785e-01
8.998000025749206543e-01,3.090881805419921875e+02,2.821499019337352365e-01
8.999000191688537598e-01,3.090180511474609375e+02,2.821825908467872068e-01
8.999999761581420898e-01,3.089479522705078125e+02,2.822152797307353467e-01
9.000999927520751953e-01,3.088778839111328125e+02,2.822479686146834865e-01
9.002000093460083008e-01,3.088078613281250000e+02,2.822806574986316264e-01
9.003000259399414062e-01,3.087378387451171875e+02,2.823133463680278510e-01
9.003999829292297363e-01,3.086678466796875000e+02,2.823460352228721604e-01
9.004999995231628418e-01,3.085978851318359375e+02,2.823787538800388575e-01
9.006000161170959473e-01,3.085279693603515625e+02,2.824114427203312516e-01
9.006999731063842773e-01,3.084580383300781250e+02,2.824441315606236458e-01
9.007999897003173828e-01,3.083881683349609375e+02,2.824768203863641247e-01
9.009000062942504883e-01,3.083182983398437500e+02,2.825095091975526884e-01
9.010000228881835938e-01,3.082484741210937500e+02,2.825421980087412521e-01
9.010999798774719238e-01,3.081786346435546875e+02,2.825748868199298158e-01
9.011999964714050293e-01,3.081088562011718750e+02,2.826075756165664643e-01
9.013000130653381348e-01,3.080391082763671875e+02,2.826402643986511976e-01
9.014000296592712402e-01,3.079693298339843750e+02,2.826729531807359308e-01
9.014999866485595703e-01,3.078996276855468750e+02,2.827056419482687488e-01
9.016000032424926758e-01,3.078299255371093750e+02,2.827383605035720393e-01
9.017000198364257812e-01,3.077602539062500000e+02,2.827710492565529421e-01
9.017999768257141113e-01,3.076906280517578125e+02,2.828037380095338449e-01
9.018999934196472168e-01,3.076210021972656250e+02,2.828364267479628325e-01
9.020000100135803223e-01,3.075514221191406250e+02,2.828691154718399048e-01
9.021000266075134277e-01,3.074818267822265625e+02,2.829018041957169771e-01
9.021999835968017578e-01,3.074122924804687500e+02,2.829344929050421342e-01
9.023000001907348633e-01,3.073427734375000000e+02,2.829671816143672913e-01
9.024000167846679688e-01,3.072733001708984375e+02,2.829998703091405332e-01
9.024999737739562988e-01,3.072037811279296875e+02,2.830325589893618599e-01
9.025999903678894043e-01,3.071343536376953125e+02,2.830652476695831865e-01
9.027000069618225098e-01,3.070649414062500000e+02,2.830979363498045132e-01
9.028000235557556152e-01,3.069955139160156250e+02,2.831306250154739246e-01
9.028999805450439453e-01,3.069261779785156250e+02,2.831633136665914208e-01
9.029999971389770508e-01,3.068568115234375000e+02,2.831960023177089170e-01
9.031000137329101562e-01,3.067874755859375000e+02,2.832286909542744979e-01
9.031999707221984863e-01,3.067182159423828125e+02,2.832613795762881637e-01
9.032999873161315918e-01,3.066489105224609375e+02,2.832940681983018294e-01
9.034000039100646973e-01,3.065796813964843750e+02,2.833267568203154951e-01
9.035000205039978027e-01,3.065104370117187500e+02,2.833594454277772456e-01
9.035999774932861328e-01,3.064412231445312500e+02,2.833921340206870809e-01
9.036999940872192383e-01,3.063720703125000000e+02,2.834248226135969162e-01
9.038000106811523438e-01,3.063029174804687500e+02,2.834575111919548362e-01
9.039000272750854492e-01,3.062337646484375000e+02,2.834901997557608411e-01
9.039999842643737793e-01,3.061646728515625000e+02,2.835228883341187611e-01
9.041000008583068848e-01,3.060955963134765625e+02,2.835555768833728507e-01
9.042000174522399902e-01,3.060265350341796875e+02,2.835882654326269403e-01
9.042999744415283203e-01,3.059575195312500000e+02,2.836209539673291147e-01
9.043999910354614258e-01,3.058884887695312500e+02,2.836536425020312890e-01
9.045000076293945312e-01,3.058195343017578125e+02,2.836863012198591605e-01
9.046000242233276367e-01,3.057505493164062500e+02,2.837189897400094196e-01
9.046999812126159668e-01,3.056816253662109375e+02,2.837516782456077635e-01
9.047999978065490723e-01,3.056127166748046875e+02,2.837843667512061074e-01
9.049000144004821777e-01,3.055438537597656250e+02,2.838170552422525361e-01
9.049999713897705078e-01,3.054749755859375000e+02,2.838497437187470496e-01
9.050999879837036133e-01,3.054061279296875000e+02,2.838824321952415630e-01
9.052000045776367188e-01,3.053373107910156250e+02,2.839151206571841612e-01
9.053000211715698242e-01,3.052685546875000000e+02,2.839478091191267595e-01
9.053999781608581543e-01,3.051997985839843750e+02,2.839804975665174425e-01
9.054999947547912598e-01,3.051310424804687500e+02,2.840131562115857378e-01
9.056000113487243652e-01,3.050623321533203125e+02,2.840458446444245055e-01
9.057000279426574707e-01,3.049936370849609375e+02,2.840785330627113581e-01
9.057999849319458008e-01,3.049249877929687500e+02,2.841112214809982106e-01
9.059000015258789062e-01,3.048563385009765625e+02,2.841439098847331479e-01
9.060000181198120117e-01,3.047877044677734375e+02,2.841765982884680852e-01
9.060999751091003418e-01,3.047191314697265625e+02,2.842092866776511073e-01
9.061999917030334473e-01,3.046505584716796875e+02,2.842419452645117417e-01
9.063000082969665527e-01,3.045819854736328125e+02,2.842746336391428486e-01
9.064000248908996582e-01,3.045135040283203125e+02,2.843073219992220402e-01
9.064999818801879883e-01,3.044449920654296875e+02,2.843400103593012318e-01
9.065999984741210938e-01,3.043765258789062500e+02,2.843726987193804234e-01
9.067000150680541992e-01,3.043080749511718750e+02,2.844053572480333969e-01
9.067999720573425293e-01,3.042396545410156250e+02,2.844380455935606733e-01
9.068999886512756348e-01,3.041712646484375000e+02,2.844707339099841192e-01
9.070000052452087402e-01,3.041029052734375000e+02,2.845034222264075652e-01
9.071000218391418457e-01,3.040345764160156250e+02,2.845361105428310111e-01
9.071999788284301758e-01,3.039662322998046875e+02,2.845687690423801541e-01
9.072999954223632812e-01,3.038979339599609375e+02,2.846014573296997696e-01
9.074000120162963867e-01,3.038296508789062500e+02,2.846341456170193851e-01
9.075000286102294922e-01,3.037613983154296875e+02,2.846668338897870854e-01
9.075999855995178223e-01,3.036931915283203125e+02,2.846994923602323979e-01
9.077000021934509277e-01,3.036249847412109375e+02,2.847321806184481829e-01
9.078000187873840332e-01,3.035567932128906250e+02,2.847648688621120527e-01
9.078999757766723633e-01,3.034886474609375000e+02,2.847975571057759225e-01
9.079999923706054688e-01,3.034205017089843750e+02,2.848302155471174046e-01
9.081000089645385742e-01,3.033523864746093750e+02,2.848629037762293592e-01
9.082000255584716797e-01,3.032843322753906250e+02,2.848955919907893986e-01
9.082999825477600098e-01,3.032162780761718750e+02,2.849282802053494379e-01
9.083999991416931152e-01,3.031482543945312500e+02,2.849609386030351743e-01
9.085000157356262207e-01,3.030802154541015625e+02,2.849936267884913832e-01
9.085999727249145508e-01,3.030122680664062500e+02,2.850263149739475921e-01
9.086999893188476562e-01,3.029443054199218750e+02,2.850589733570814133e-01
9.088000059127807617e-01,3.028763580322265625e+02,2.850916615134337917e-01
9.089000225067138672e-01,3.028084411621093750e+02,2.851243496843380854e-01
9.089999794960021973e-01,3.027405548095703125e+02,2.851570080238161609e-01
9.090999960899353027e-01,3.026726837158203125e+02,2.851896961801685393e-01
9.092000126838684082e-01,3.026048736572265625e+02,2.852223843074170873e-01
9.093000292778015137e-01,3.025370483398437500e+02,2.852550724346656352e-01
9.093999862670898438e-01,3.024692535400390625e+02,2.852877307523158379e-01
9.095000028610229492e-01,3.024015045166015625e+02,2.853204188650124706e-01
9.096000194549560547e-01,3.023337554931640625e+02,2.853530771681107581e-01
9.096999764442443848e-01,3.022660369873046875e+02,2.853857652589795180e-01
9.097999930381774902e-01,3.021983642578125000e+02,2.854184533425723203e-01
9.099000096321105957e-01,3.021306915283203125e+02,2.854511116238427348e-01
9.100000262260437012e-01,3.020630340576171875e+02,2.854837996928836219e-01
9.100999832153320312e-01,3.019954376220703125e+02,2.855164877546485513e-01
9.101999998092651367e-01,3.019278106689453125e+02,2.855491459995391779e-01
9.103000164031982422e-01,3.018602600097656250e+02,2.855818340467521921e-01
9.103999733924865723e-01,3.017927398681640625e+02,2.856144922843668610e-01
9.104999899864196777e-01,3.017251892089843750e+02,2.856471803097520024e-01
9.106000065803527832e-01,3.016576995849609375e+02,2.856798683278611861e-01
9.107000231742858887e-01,3.015902252197265625e+02,2.857125265363720246e-01
9.107999801635742188e-01,3.015227813720703125e+02,2.857452145399292931e-01
9.108999967575073242e-01,3.014553375244140625e+02,2.857778727338882163e-01
9.110000133514404297e-01,3.013879394531250000e+02,2.858105607228935696e-01
9.110999703407287598e-01,3.013205718994140625e+02,2.858432188950246200e-01
9.111999869346618652e-01,3.012532043457031250e+02,2.858759068694780581e-01
9.113000035285949707e-01,3.011858673095703125e+02,2.859085948293795809e-01
9.114000201225280762e-01,3.011185760498046875e+02,2.859412529796827585e-01
9.114999771118164062e-01,3.010512695312500000e+02,2.859739409250323661e-01
9.115999937057495117e-01,3.009840393066406250e+02,2.860065990607836284e-01
9.117000102996826172e-01,3.009168090820312500e+02,2.860392869915813208e-01
9.118000268936157227e-01,3.008496093750000000e+02,2.860719451055047102e-01
9.118999838829040527e-01,3.007824249267578125e+02,2.861046330217504874e-01
9.120000004768371582e-01,3.007152862548828125e+02,2.861372911211219616e-01
9.121000170707702637e-01,3.006481323242187500e+02,2.861699790155398659e-01
9.121999740600585938e-01,3.005810394287109375e+02,2.862026371003594249e-01
9.122999906539916992e-01,3.005139160156250000e+02,2.862353249802254140e-01
9.124000072479248047e-01,3.004468536376953125e+02,2.862679830504930578e-01
9.125000238418579102e-01,3.003798217773437500e+02,2.863006709085311741e-01
9.125999808311462402e-01,3.003128204345703125e+02,2.863333289642469026e-01
9.126999974250793457e-01,3.002458190917968750e+02,2.863660168077331036e-01
9.128000140190124512e-01,3.001788635253906250e+02,2.863986748488969170e-01
9.128999710083007812e-01,3.001119232177734375e+02,2.864313328755088151e-01
9.129999876022338867e-01,3.000450744628906250e+02,2.864640206680633128e-01
9.131000041961669922e-01,2.999783477783203125e+02,2.864966786219156347e-01
9.132000207901000977e-01,2.999116516113281250e+02,2.865293663635384291e-01
9.132999777793884277e-01,2.998449707031250000e+02,2.865620243028388359e-01
9.133999943733215332e-01,2.997783050537109375e+02,2.865946822275873274e-01
9.135000109672546387e-01,2.997116851806640625e+02,2.866273699473822489e-01
9.136000275611877441e-01,2.996450958251953125e+02,2.866600278575788252e-01
9.136999845504760742e-01,2.995785064697265625e+02,2.866927155555458739e-01
9.138000011444091797e-01,2.995119781494140625e+02,2.867253734511905350e-01
9.139000177383422852e-01,2.994454498291015625e+02,2.867580313322832808e-01
9.139999747276306152e-01,2.993789367675781250e+02,2.867907190084224567e-01
9.140999913215637207e-01,2.993124389648437500e+02,2.868233768749632873e-01
9.142000079154968262e-01,2.992459716796875000e+02,2.868560347342281602e-01
9.143000245094299316e-01,2.991795654296875000e+02,2.868886925862170756e-01
9.143999814987182617e-01,2.991131439208984375e+02,2.869213802259764634e-01
9.144999980926513672e-01,2.990467681884765625e+02,2.869540380634134635e-01
9.146000146865844727e-01,2.989804077148437500e+02,2.869866958862985484e-01
9.146999716758728027e-01,2.989140472412109375e+02,2.870193835115060210e-01
9.147999882698059082e-01,2.988477478027343750e+02,2.870520413198391907e-01
9.149000048637390137e-01,2.987814483642578125e+02,2.870846991208964027e-01
9.150000214576721191e-01,2.987152099609375000e+02,2.871173867170000449e-01
9.150999784469604492e-01,2.986489715576171875e+02,2.871500444962293841e-01
9.151999950408935547e-01,2.985827484130859375e+02,2.871827022754587233e-01
9.153000116348266602e-01,2.985165710449218750e+02,2.872153600401361473e-01
9.154000282287597656e-01,2.984504089355468750e+02,2.872480476071359590e-01
9.154999852180480957e-01,2.983842315673828125e+02,2.872807053572614677e-01
9.156000018119812012e-01,2.983181304931640625e+02,2.873133631001110189e-01
9.157000184059143066e-01,2.982520294189453125e+02,2.873460208356846124e-01
9.157999753952026367e-01,2.981859741210937500e+02,2.873786785639822483e-01
9.158999919891357422e-01,2.981198883056640625e+02,2.874113660800503567e-01
9.160000085830688477e-01,2.980538787841796875e+02,2.874440237937960774e-01
9.161000251770019531e-01,2.979878845214843750e+02,2.874766814929898828e-01
9.161999821662902832e-01,2.979219055175781250e+02,2.875093391921836883e-01
9.162999987602233887e-01,2.978559570312500000e+02,2.875419968768255785e-01
9.164000153541564941e-01,2.977900085449218750e+02,2.875746843565138988e-01
9.164999723434448242e-01,2.977241058349609375e+02,2.876073420266038738e-01
9.165999889373779297e-01,2.976582336425781250e+02,2.876399996894178912e-01
9.167000055313110352e-01,2.975923614501953125e+02,2.876726573376799934e-01
9.168000221252441406e-01,2.975265045166015625e+02,2.877053149859420955e-01
9.168999791145324707e-01,2.974607086181640625e+02,2.877379726196522824e-01
9.169999957084655762e-01,2.973949127197265625e+02,2.877706600484088995e-01
9.171000123023986816e-01,2.973291625976562500e+02,2.878033176748431288e-01
9.172000288963317871e-01,2.972634124755859375e+02,2.878359752867254429e-01
9.172999858856201172e-01,2.971977081298828125e+02,2.878686328840558417e-01
9.174000024795532227e-01,2.971319885253906250e+02,2.879012904813862406e-01
9.175000190734863281e-01,2.970663299560546875e+02,2.879339480714406818e-01
9.175999760627746582e-01,2.970006866455078125e+02,2.879666056469432078e-01
9.176999926567077637e-01,2.969350585937500000e+02,2.879992632224457338e-01
9.178000092506408691e-01,2.968694763183593750e+02,2.880319505857187323e-01
9.179000258445739746e-01,2.968039093017578125e+02,2.880646081393933855e-01
9.179999828338623047e-01,2.967383117675781250e+02,2.880972656857920811e-01
9.180999994277954102e-01,2.966727905273437500e+02,2.881299232249148190e-01
9.182000160217285156e-01,2.966073150634765625e+02,2.881625807494856417e-01
9.182999730110168457e-01,2.965418853759765625e+02,2.881952382376766764e-01
9.183999896049499512e-01,2.964766235351562500e+02,2.882278956676600501e-01
9.185000061988830566e-01,2.964113922119140625e+02,2.882605530976434238e-01
9.186000227928161621e-01,2.963461456298828125e+02,2.882932105130748823e-01
9.186999797821044922e-01,2.962809600830078125e+02,2.883258679212303832e-01
9.187999963760375977e-01,2.962157897949218750e+02,2.883585253221099265e-01
9.189000129699707031e-01,2.961506195068359375e+02,2.883911827157135122e-01
9.190000295639038086e-01,2.960854797363281250e+02,2.884238400947651826e-01
9.190999865531921387e-01,2.960203857421875000e+02,2.884564974738168530e-01
9.192000031471252441e-01,2.959553070068359375e+02,2.884891548383166082e-01
9.193000197410583496e-01,2.958902435302734375e+02,2.885218121955404058e-01
9.193999767303466797e-01,2.958252105712890625e+02,2.885544695527642034e-01
9.194999933242797852e-01,2.957602081298828125e+02,2.885871268954360858e-01
9.196000099182128906e-01,2.956952209472656250e+02,2.886197544212336652e-01
9.197000265121459961e-01,2.956302642822265625e+02,2.886524117493536323e-01
9.197999835014343262e-01,2.955652923583984375e+02,2.886850690701976418e-01
9.199000000953674316e-01,2.955003814697265625e+02,2.887177263764897361e-01
9.200000166893005371e-01,2.954354858398437500e+02,2.887503836827818304e-01
9.200999736785888672e-01,2.953706054687500000e+02,2.887830409745220095e-01
9.201999902725219727e-01,2.953057556152343750e+02,2.888156982589862309e-01
9.203000068664550781e-01,2.952409515380859375e+02,2.888483555361744948e-01
9.204000234603881836e-01,2.951761474609375000e+02,2.888810128060868010e-01
9.204999804496765137e-01,2.951113891601562500e+02,2.889136402664007619e-01
9.205999970436096191e-01,2.950466156005859375e+02,2.889462975217611529e-01
9.207000136375427246e-01,2.949818878173828125e+02,2.889789547625696287e-01
9.207999706268310547e-01,2.949171600341796875e+02,2.890116120033781044e-01
9.208999872207641602e-01,2.948524780273437500e+02,2.890442692296346650e-01
9.210000038146972656e-01,2.947878265380859375e+02,2.890769264486152679e-01
9.211000204086303711e-01,2.947232055664062500e+02,2.891095836603199132e-01
9.211999773979187012e-01,2.946585998535156250e+02,2.891422110624262132e-01
9.212999939918518066e-01,2.945939941406250000e+02,2.891748682595789433e-01
9.214000105857849121e-01,2.945294036865234375e+02,2.892075254494557157e-01
9.215000271797180176e-01,2.944648742675781250e+02,2.892401826247805730e-01
9.215999841690063477e-01,2.944003601074218750e+02,2.892728398001054302e-01
9.217000007629394531e-01,2.943358459472656250e+02,2.893054671585559845e-01
9.218000173568725586e-01,2.942713623046875000e+02,2.893381243193289265e-01
9.218999743461608887e-01,2.942069091796875000e+02,2.893707814655499533e-01
9.219999909400939941e-01,2.941425018310546875e+02,2.894034386044950224e-01
9.221000075340270996e-01,2.940781250000000000e+02,2.894360659338417463e-01
9.222000241279602051e-01,2.940136871337890625e+02,2.894687230509589426e-01
9.222999811172485352e-01,2.939493713378906250e+02,2.895013801680761389e-01
9.223999977111816406e-01,2.938850402832031250e+02,2.895340372779173777e-01
9.225000143051147461e-01,2.938206939697265625e+02,2.895666645708843134e-01
9.225999712944030762e-01,2.937564239501953125e+02,2.895993216661736369e-01
9.226999878883361816e-01,2.936921844482421875e+02,2.896319787469110452e-01
9.228000044822692871e-01,2.936278839111328125e+02,2.896646358203724958e-01
9.229000210762023926e-01,2.935637054443359375e+02,2.896972630842356011e-01
9.229999780654907227e-01,2.934995117187500000e+02,2.897299201431451365e-01
9.230999946594238281e-01,2.934353332519531250e+02,2.897625771947787143e-01
9.232000112533569336e-01,2.933711700439453125e+02,2.897952044295379892e-01
9.233000278472900391e-01,2.933070373535156250e+02,2.898278614666196518e-01
9.233999848365783691e-01,2.932429351806640625e+02,2.898605184891493991e-01
9.235000014305114746e-01,2.931788940429687500e+02,2.898931457093567587e-01
9.236000180244445801e-01,2.931147918701171875e+02,2.899258027173345909e-01
9.236999750137329102e-01,2.930507812500000000e+02,2.899584597180364653e-01
9.237999916076660156e-01,2.929867858886718750e+02,2.899910869091399945e-01
9.239000082015991211e-01,2.929227752685546875e+02,2.900237438952899538e-01
9.240000247955322266e-01,2.928588104248046875e+02,2.900564008668879978e-01
9.240999817848205566e-01,2.927948913574218750e+02,2.900890280361636542e-01
9.241999983787536621e-01,2.927309570312500000e+02,2.901216850004857406e-01
9.243000149726867676e-01,2.926670379638671875e+02,2.901543121479335241e-01
9.243999719619750977e-01,2.926031951904296875e+02,2.901869690904277377e-01
9.244999885559082031e-01,2.925393524169921875e+02,2.902196260329219513e-01
9.246000051498413086e-01,2.924755096435546875e+02,2.902522531585418619e-01
9.247000217437744141e-01,2.924117126464843750e+02,2.902849100792082027e-01
9.247999787330627441e-01,2.923479156494140625e+02,2.903175371830002405e-01
9.248999953269958496e-01,2.922841796875000000e+02,2.903501940891146660e-01
9.250000119209289551e-01,2.922204589843750000e+02,2.903828509879531339e-01
9.251000285148620605e-01,2.921567382812500000e+02,2.904154780699172989e-01
9.251999855041503906e-01,2.920930480957031250e+02,2.904481349542038515e-01
9.253000020980834961e-01,2.920293731689453125e+02,2.904807620216161013e-01
9.254000186920166016e-01,2.919657592773437500e+02,2.905134188840747811e-01
9.254999756813049316e-01,2.919021148681640625e+02,2.905460459369351156e-01
9.255999922752380371e-01,2.918385467529296875e+02,2.905787027848418802e-01
9.257000088691711426e-01,2.917749633789062500e+02,2.906113298231502995e-01
9.258000254631042480e-01,2.917113952636718750e+02,2.906439866565051489e-01
9.258999824523925781e-01,2.916478881835937500e+02,2.906766136802616529e-01
9.259999990463256836e-01,2.915843811035156250e+02,2.907092704917886294e-01
9.261000156402587891e-01,2.915209045410156250e+02,2.907418975009932183e-01
9.261999726295471191e-01,2.914574279785156250e+02,2.907745542979682796e-01
9.262999892234802246e-01,2.913939971923828125e+02,2.908071812853449956e-01
9.264000058174133301e-01,2.913305816650390625e+02,2.908398380677681416e-01
9.265000224113464355e-01,2.912671966552734375e+02,2.908724650405929424e-01
9.265999794006347656e-01,2.912038421630859375e+02,2.909051218084641732e-01
9.266999959945678711e-01,2.911404876708984375e+02,2.909377487667370588e-01
9.268000125885009766e-01,2.910771789550781250e+02,2.909704055200563744e-01
9.269000291824340820e-01,2.910138854980468750e+02,2.910030324565013871e-01
9.269999861717224121e-01,2.909506072998046875e+02,2.910356593929463997e-01
9.271000027656555176e-01,2.908873748779296875e+02,2.910683161171618849e-01
9.272000193595886230e-01,2.908241271972656250e+02,2.911009430317790247e-01
9.272999763488769531e-01,2.907609405517578125e+02,2.911335997414425947e-01
9.273999929428100586e-01,2.906977386474609375e+02,2.911662266415078193e-01
9.275000095367431641e-01,2.906345825195312500e+02,2.911988535342970863e-01
9.276000261306762695e-01,2.905714111328125000e+02,2.912315102221327834e-01
9.276999831199645996e-01,2.905083465576171875e+02,2.912641371003701352e-01
9.277999997138977051e-01,2.904452667236328125e+02,2.912967937736539170e-01
9.279000163078308105e-01,2.903821563720703125e+02,2.913294206300633959e-01
9.279999732971191406e-01,2.903191223144531250e+02,2.913620474791969173e-01
9.280999898910522461e-01,2.902561035156250000e+02,2.913947041306528263e-01
9.282000064849853516e-01,2.901930999755859375e+02,2.914273309652344324e-01
9.283000230789184570e-01,2.901301116943359375e+02,2.914599577925400808e-01
9.283999800682067871e-01,2.900671844482421875e+02,2.914926144148921594e-01
9.284999966621398926e-01,2.900042419433593750e+02,2.915252412276458926e-01
9.286000132560729980e-01,2.899413146972656250e+02,2.915578680331236683e-01
9.286999702453613281e-01,2.898784484863281250e+02,2.915905246263719164e-01
9.287999868392944336e-01,2.898155822753906250e+02,2.916231514172977768e-01
9.289000034332275391e-01,2.897527465820312500e+02,2.916557782009476796e-01
9.290000200271606445e-01,2.896899261474609375e+02,2.916884347723680548e-01
9.290999770164489746e-01,2.896271057128906250e+02,2.917210615341900848e-01
9.291999936103820801e-01,2.895643310546875000e+02,2.917536882887361571e-01
9.293000102043151855e-01,2.895016021728515625e+02,2.917863150360062718e-01
9.294000267982482910e-01,2.894388885498046875e+02,2.918189715783228166e-01
9.294999837875366211e-01,2.893761444091796875e+02,2.918515983110410161e-01
9.296000003814697266e-01,2.893134765625000000e+02,2.918842250364832580e-01
9.297000169754028320e-01,2.892508239746093750e+02,2.919168517546495423e-01
9.297999739646911621e-01,2.891882171630859375e+02,2.919495082605862990e-01
9.298999905586242676e-01,2.891255798339843750e+02,2.919821349642006680e-01
9.300000071525573730e-01,2.890629730224609375e+02,2.920147616532631218e-01
9.301000237464904785e-01,2.890004272460937500e+02,2.920473883350496180e-01
9.301999807357788086e-01,2.889378814697265625e+02,2.920800150168361142e-01
9.302999973297119141e-01,2.888753814697265625e+02,2.921126714863930829e-01
9.304000139236450195e-01,2.888128814697265625e+02,2.921452981463517062e-01
9.304999709129333496e-01,2.887503662109375000e+02,2.921779247917584144e-01
9.305999875068664551e-01,2.886879272460937500e+02,2.922105514371651225e-01
9.307000041007995605e-01,2.886254882812500000e+02,2.922431780752958730e-01
9.308000206947326660e-01,2.885630950927734375e+02,2.922758345011970960e-01
9.308999776840209961e-01,2.885006713867187500e+02,2.923084611247759312e-01
9.309999942779541016e-01,2.884383239746093750e+02,2.923410877338028513e-01
9.311000108718872070e-01,2.883759918212890625e+02,2.923737143428297713e-01
9.312000274658203125e-01,2.883136596679687500e+02,2.924063409373047762e-01
9.312999844551086426e-01,2.882513427734375000e+02,2.924389675245038234e-01
9.314000010490417480e-01,2.881891021728515625e+02,2.924715941044269130e-01
9.315000176429748535e-01,2.881268615722656250e+02,2.925042206770740449e-01
9.315999746322631836e-01,2.880646209716796875e+02,2.925368770447676070e-01
9.316999912261962891e-01,2.880024108886718750e+02,2.925695035955868661e-01
9.318000078201293945e-01,2.879402465820312500e+02,2.926021301464061253e-01
9.319000244140625000e-01,2.878780822753906250e+02,2.926347566826734692e-01
9.319999814033508301e-01,2.878159484863281250e+02,2.926673832189408131e-01
9.320999979972839355e-01,2.877538146972656250e+02,2.927000097406562418e-01
9.322000145912170410e-01,2.876916961669921875e+02,2.927326362550957128e-01
9.322999715805053711e-01,2.876296691894531250e+02,2.927652627695351839e-01
9.323999881744384766e-01,2.875675964355468750e+02,2.927978892694227397e-01
9.325000047683715820e-01,2.875055694580078125e+02,2.928305157620343380e-01
9.326000213623046875e-01,2.874435729980468750e+02,2.928631422400940210e-01
9.326999783515930176e-01,2.873815765380859375e+02,2.928957687181537040e-01
9.327999949455261230e-01,2.873196258544921875e+02,2.929283951889374293e-01
9.329000115394592285e-01,2.872576904296875000e+02,2.929610216524451971e-01
9.330000281333923340e-01,2.871957855224609375e+02,2.929936481014010496e-01
9.330999851226806641e-01,2.871338806152343750e+02,2.930262745430809446e-01
9.332000017166137695e-01,2.870720214843750000e+02,2.930589009847608395e-01
9.333000183105468750e-01,2.870101470947265625e+02,2.930915274118888192e-01
9.333999752998352051e-01,2.869483642578125000e+02,2.931241538317408413e-01
9.334999918937683105e-01,2.868865509033203125e+02,2.931567802443169057e-01
9.336000084877014160e-01,2.868247528076171875e+02,2.931894066496170126e-01
9.337000250816345215e-01,2.867629852294921875e+02,2.932220330476411618e-01
9.337999820709228516e-01,2.867012634277343750e+02,2.932546594383893535e-01
9.338999986648559570e-01,2.866395416259765625e+02,2.932872858145856299e-01
9.340000152587890625e-01,2.865778656005859375e+02,2.933199121907819062e-01
9.340999722480773926e-01,2.865161895751953125e+02,2.933525385524262674e-01
9.341999888420104980e-01,2.864545440673828125e+02,2.933851649140706286e-01
9.343000054359436035e-01,2.863929138183593750e+02,2.934177912611630745e-01
9.344000220298767090e-01,2.863313140869140625e+02,2.934504176009795628e-01
9.344999790191650391e-01,2.862697601318359375e+02,2.934830439407960512e-01
9.345999956130981445e-01,2.862081756591796875e+02,2.935156702660606243e-01
9.347000122070312500e-01,2.861466522216796875e+02,2.935482667817268521e-01
9.348000288009643555e-01,2.860851440429687500e+02,2.935808930851635523e-01
9.348999857902526855e-01,2.860236663818359375e+02,2.936135193886002526e-01
9.350000023841857910e-01,2.859621734619140625e+02,2.936461456847609952e-01
9.351000189781188965e-01,2.859007415771484375e+02,2.936787719736457802e-01
9.351999759674072266e-01,2.858393096923828125e+02,2.937113982479786500e-01
9.352999925613403320e-01,2.857779235839843750e+02,2.937440245223115198e-01
9.354000091552734375e-01,2.857165374755859375e+02,2.937766209797700867e-01
9.355000257492065430e-01,2.856551666259765625e+02,2.938092472322750837e-01
9.355999827384948730e-01,2.855938415527343750e+02,2.938418734775041230e-01
9.356999993324279785e-01,2.855325469970703125e+02,2.938744997227331623e-01
9.358000159263610840e-01,2.854712371826171875e+02,2.939071259534102865e-01
9.358999729156494141e-01,2.854099731445312500e+02,2.939397521768114530e-01
9.359999895095825195e-01,2.853487396240234375e+02,2.939723485833383165e-01
9.361000061035156250e-01,2.852874755859375000e+02,2.940049747921875678e-01
9.362000226974487305e-01,2.852262878417968750e+02,2.940376009937608615e-01
9.362999796867370605e-01,2.851651000976562500e+02,2.940702271807822399e-01
9.363999962806701660e-01,2.851039581298828125e+02,2.941028235654812306e-01
9.365000128746032715e-01,2.850428314208984375e+02,2.941354497379506938e-01
9.366000294685363770e-01,2.849816894531250000e+02,2.941680759104201570e-01
9.366999864578247070e-01,2.849206390380859375e+02,2.942007020683377050e-01
9.368000030517578125e-01,2.848595733642578125e+02,2.942332984166569076e-01
9.369000196456909180e-01,2.847985076904296875e+02,2.942659245600225404e-01
9.369999766349792480e-01,2.847374725341796875e+02,2.942985506961122155e-01
9.370999932289123535e-01,2.846764984130859375e+02,2.943311768249259330e-01
9.372000098228454590e-01,2.846155090332031250e+02,2.943637731441413052e-01
9.373000264167785645e-01,2.845545501708984375e+02,2.943963992584031075e-01
9.373999834060668945e-01,2.844935913085937500e+02,2.944290253653889522e-01
9.375000000000000000e-01,2.844326934814453125e+02,2.944616216555004939e-01
9.376000165939331055e-01,2.843718109130859375e+02,2.944942477479344234e-01
9.376999735832214355e-01,2.843109283447265625e+02,2.945268738330923952e-01
9.377999901771545410e-01,2.842500762939453125e+02,2.945594701013760641e-01
9.379000067710876465e-01,2.841892547607421875e+02,2.945920961647061631e-01
9.380000233650207520e-01,2.841284790039062500e+02,2.946247222280362621e-01
9.380999803543090820e-01,2.840676879882812500e+02,2.946573184744920582e-01
9.381999969482421875e-01,2.840069122314453125e+02,2.946899445159942843e-01
9.383000135421752930e-01,2.839461822509765625e+02,2.947225705502205528e-01
9.383999705314636230e-01,2.838854370117187500e+02,2.947551667748484761e-01
9.384999871253967285e-01,2.838247680664062500e+02,2.947877927945228294e-01
9.386000037193298340e-01,2.837640838623046875e+02,2.948204187996452674e-01
9.387000203132629395e-01,2.837034149169921875e+02,2.948530150024453178e-01
9.387999773025512695e-01,2.836428070068359375e+02,2.948856410002917983e-01
9.388999938964843750e-01,2.835822143554687500e+02,2.949182371812639758e-01
9.390000104904174805e-01,2.835216064453125000e+02,2.949508631645585410e-01
9.391000270843505859e-01,2.834610748291015625e+02,2.949834593309788033e-01
9.391999840736389160e-01,2.834005126953125000e+02,2.950160852997214533e-01
9.393000006675720215e-01,2.833399810791015625e+02,2.950487112539121881e-01
9.394000172615051270e-01,2.832794799804687500e+02,2.950813073985045776e-01
9.394999742507934570e-01,2.832190093994140625e+02,2.951139333381433971e-01
9.395999908447265625e-01,2.831585845947265625e+02,2.951465294681838714e-01
9.397000074386596680e-01,2.830981140136718750e+02,2.951791553932707757e-01
9.398000240325927734e-01,2.830377197265625000e+02,2.952117515087593347e-01
9.398999810218811035e-01,2.829773254394531250e+02,2.952443774192943238e-01
9.399999976158142090e-01,2.829169616699218750e+02,2.952769735202309676e-01
9.401000142097473145e-01,2.828566589355468750e+02,2.953095994089380838e-01
9.401999711990356445e-01,2.827963256835937500e+02,2.953421954953228123e-01
9.402999877929687500e-01,2.827360076904296875e+02,2.953748213767539710e-01
9.404000043869018555e-01,2.826757354736328125e+02,2.954074174413108267e-01
9.405000209808349609e-01,2.826154785156250000e+02,2.954400433009141125e-01
9.405999779701232910e-01,2.825552520751953125e+02,2.954726393581950106e-01
9.406999945640563965e-01,2.824950408935546875e+02,2.955052652032463811e-01
9.408000111579895020e-01,2.824348449707031250e+02,2.955378612386994064e-01
9.409000277519226074e-01,2.823746490478515625e+02,2.955704870691988617e-01
9.409999847412109375e-01,2.823145141601562500e+02,2.956030830973759294e-01
9.411000013351440430e-01,2.822543792724609375e+02,2.956356791110010818e-01
9.412000179290771484e-01,2.821942749023437500e+02,2.956683049123967066e-01
9.412999749183654785e-01,2.821342163085937500e+02,2.957009009114699438e-01
9.413999915122985840e-01,2.820741424560546875e+02,2.957335267055896111e-01
9.415000081062316895e-01,2.820140991210937500e+02,2.957661226901109330e-01
9.416000247001647949e-01,2.819541015625000000e+02,2.957987484624027275e-01
9.416999816894531250e-01,2.818940887451171875e+02,2.958313444323721342e-01
9.417999982833862305e-01,2.818341522216796875e+02,2.958639403950655833e-01
9.419000148773193359e-01,2.817741699218750000e+02,2.958965661455295049e-01
9.419999718666076660e-01,2.817142333984375000e+02,2.959291620863950811e-01
9.420999884605407715e-01,2.816543121337890625e+02,2.959617580272606574e-01
9.422000050544738770e-01,2.815944366455078125e+02,2.959943837558967061e-01
9.423000216484069824e-01,2.815345916748046875e+02,2.960269796749344096e-01
9.423999786376953125e-01,2.814747467041015625e+02,2.960595755866961554e-01
9.424999952316284180e-01,2.814148864746093750e+02,2.960922013007802889e-01
9.426000118255615234e-01,2.813551025390625000e+02,2.961247971979901195e-01
9.427000284194946289e-01,2.812953491210937500e+02,2.961573930806480348e-01
9.427999854087829590e-01,2.812355499267578125e+02,2.961900187656283379e-01
9.429000020027160645e-01,2.811758575439453125e+02,2.962226146410102956e-01
9.430000185966491699e-01,2.811161346435546875e+02,2.962552105091162957e-01
9.430999755859375000e-01,2.810564117431640625e+02,2.962878361722687259e-01
9.431999921798706055e-01,2.809967651367187500e+02,2.963204320185468532e-01
9.433000087738037109e-01,2.809371032714843750e+02,2.963530278648249805e-01
9.434000253677368164e-01,2.808775024414062500e+02,2.963856236965511926e-01
9.434999823570251465e-01,2.808178558349609375e+02,2.964182493305997923e-01
9.435999989509582520e-01,2.807582855224609375e+02,2.964508451477740891e-01
9.437000155448913574e-01,2.806987304687500000e+02,2.964834409649483860e-01
9.437999725341796875e-01,2.806391906738281250e+02,2.965160367675707676e-01
9.438999891281127930e-01,2.805796661376953125e+02,2.965486623652395792e-01
9.440000057220458984e-01,2.805201568603515625e+02,2.965812581533100456e-01
9.441000223159790039e-01,2.804606933593750000e+02,2.966138539341045544e-01
9.441999793052673340e-01,2.804012298583984375e+02,2.966464497076231055e-01
9.442999958992004395e-01,2.803417816162109375e+02,2.966790752761880867e-01
9.444000124931335449e-01,2.802823791503906250e+02,2.967116710351547226e-01
9.445000290870666504e-01,2.802231140136718750e+02,2.967442667286377400e-01
9.445999860763549805e-01,2.801639099121093750e+02,2.967768624075688422e-01
9.447000026702880859e-01,2.801047210693359375e+02,2.968094580646720715e-01
9.448000192642211914e-01,2.800455474853515625e+02,2.968420537217753008e-01
9.448999762535095215e-01,2.799863891601562500e+02,2.968746493716025725e-01
9.449999928474426270e-01,2.799272766113281250e+02,2.969072450141538866e-01
9.451000094413757324e-01,2.798681793212890625e+02,2.969398704444756731e-01
9.452000260353088379e-01,2.798090820312500000e+02,2.969724660651991144e-01
9.452999830245971680e-01,2.797500610351562500e+02,2.970050616859225556e-01
9.453999996185302734e-01,2.796909942626953125e+02,2.970376572920940816e-01
9.455000162124633789e-01,2.796319885253906250e+02,2.970702528982656077e-01
9.455999732017517090e-01,2.795730133056640625e+02,2.971028484898852184e-01
9.456999897956848145e-01,2.795140075683593750e+02,2.971354440742288716e-01
9.458000063896179199e-01,2.794550476074218750e+02,2.971680396512965672e-01
9.459000229835510254e-01,2.793961639404296875e+02,2.972006352210883051e-01
9.459999799728393555e-01,2.793372039794921875e+02,2.972332307836040854e-01
9.460999965667724609e-01,2.792783508300781250e+02,2.972658263388439082e-01
9.462000131607055664e-01,2.792194824218750000e+02,2.972984218868077733e-01
9.463000297546386719e-01,2.791606445312500000e+02,2.973310174274956807e-01
9.463999867439270020e-01,2.791018066406250000e+02,2.973636129609076306e-01
9.465000033378601074e-01,2.790430145263671875e+02,2.973962084870436229e-01
9.466000199317932129e-01,2.789842071533203125e+02,2.974288040059036575e-01
9.466999769210815430e-01,2.789254760742187500e+02,2.974613995174877346e-01
9.467999935150146484e-01,2.788667144775390625e+02,2.974939950145198964e-01
9.469000101089477539e-01,2.788079833984375000e+02,2.975265905115520582e-01
9.470000267028808594e-01,2.787492828369140625e+02,2.975591860013082623e-01
9.470999836921691895e-01,2.786906127929687500e+02,2.975917814765125513e-01
9.472000002861022949e-01,2.786319580078125000e+02,2.976243769517168403e-01
9.473000168800354004e-01,2.785733184814453125e+02,2.976569724123692140e-01
9.473999738693237305e-01,2.785147247314453125e+02,2.976895678730215877e-01
9.474999904632568359e-01,2.784561309814453125e+02,2.977221633191220462e-01
9.476000070571899414e-01,2.783975372314453125e+02,2.977547587652225047e-01
9.477000236511230469e-01,2.783390197753906250e+02,2.977873541967710480e-01
9.477999806404113770e-01,2.782804718017578125e+02,2.978199198187212460e-01
9.478999972343444824e-01,2.782220001220703125e+02,2.978525152429938316e-01
9.480000138282775879e-01,2.781634674072265625e+02,2.978851106527145021e-01
9.480999708175659180e-01,2.781050415039062500e+02,2.979177060551592149e-01
9.481999874114990234e-01,2.780465850830078125e+02,2.979503014503279701e-01
9.483000040054321289e-01,2.779881744384765625e+02,2.979828968382207677e-01
9.484000205993652344e-01,2.779297332763671875e+02,2.980154922188376077e-01
9.484999775886535645e-01,2.778713836669921875e+02,2.980480875994544476e-01
9.485999941825866699e-01,2.778129882812500000e+02,2.980806531631969847e-01
9.487000107765197754e-01,2.777546691894531250e+02,2.981132485219859518e-01
9.488000273704528809e-01,2.776963348388671875e+02,2.981458438734989613e-01
9.488999843597412109e-01,2.776380615234375000e+02,2.981784392104600556e-01
9.490000009536743164e-01,2.775797424316406250e+02,2.982110345474211499e-01
9.491000175476074219e-01,2.775215148925781250e+02,2.982436298771062866e-01
9.491999745368957520e-01,2.774632873535156250e+02,2.982761953971930780e-01
9.492999911308288574e-01,2.774050598144531250e+02,2.983087907123262994e-01
9.494000077247619629e-01,2.773468627929687500e+02,2.983413860201835632e-01
9.495000243186950684e-01,2.772887115478515625e+02,2.983739813134889118e-01
9.495999813079833984e-01,2.772305603027343750e+02,2.984065766067942604e-01
9.496999979019165039e-01,2.771724395751953125e+02,2.984391420905012637e-01
9.498000144958496094e-01,2.771143035888671875e+02,2.984717373619787395e-01
9.498999714851379395e-01,2.770562133789062500e+02,2.985043326334562153e-01
9.499999880790710449e-01,2.769981231689453125e+02,2.985369278903817758e-01
9.501000046730041504e-01,2.769401092529296875e+02,2.985694933449849486e-01
9.502000212669372559e-01,2.768820800781250000e+02,2.986020885873585939e-01
9.502999782562255859e-01,2.768240509033203125e+02,2.986346838297322392e-01
9.503999948501586914e-01,2.767660827636718750e+02,2.986672492552315816e-01
9.505000114440917969e-01,2.767081146240234375e+02,2.986998444830533117e-01
9.506000280380249023e-01,2.766502075195312500e+02,2.987324396744952537e-01
9.506999850273132324e-01,2.765924682617187500e+02,2.987650348150054924e-01
9.508000016212463379e-01,2.765347137451171875e+02,2.987976001459173858e-01
9.509000182151794434e-01,2.764769744873046875e+02,2.988301952718757093e-01
9.509999752044677734e-01,2.764192810058593750e+02,2.988627605882356875e-01
9.510999917984008789e-01,2.763616180419921875e+02,2.988953556923661381e-01
9.512000083923339844e-01,2.763039550781250000e+02,2.989279507964965887e-01
9.513000249862670898e-01,2.762463073730468750e+02,2.989605160837527364e-01
9.513999819755554199e-01,2.761886901855468750e+02,2.989931111733312719e-01
9.514999985694885254e-01,2.761311035156250000e+02,2.990256764460355043e-01
9.516000151634216309e-01,2.760735321044921875e+02,2.990582715210621245e-01
9.516999721527099609e-01,2.760159606933593750e+02,2.990908665815368295e-01
9.517999887466430664e-01,2.759584503173828125e+02,2.991234318396891467e-01
9.519000053405761719e-01,2.759009246826171875e+02,2.991560268856119365e-01
9.520000219345092773e-01,2.758434295654296875e+02,2.991885921219363809e-01
9.520999789237976074e-01,2.757859649658203125e+02,2.992211871605832130e-01
9.521999955177307129e-01,2.757285156250000000e+02,2.992537523823557422e-01
9.523000121116638184e-01,2.756710662841796875e+02,2.992863473991747014e-01
9.524000287055969238e-01,2.756136474609375000e+02,2.993189126136712730e-01
9.524999856948852539e-01,2.755562744140625000e+02,2.993515076159383170e-01
9.526000022888183594e-01,2.754988861083984375e+02,2.993840728086070158e-01
9.527000188827514648e-01,2.754415435791015625e+02,2.994166677963221446e-01
9.527999758720397949e-01,2.753842163085937500e+02,2.994492329817148857e-01
9.528999924659729004e-01,2.753269195556640625e+02,2.994818279548780993e-01
9.530000090599060059e-01,2.752696380615234375e+02,2.995143931184429675e-01
9.531000256538391113e-01,2.752123565673828125e+02,2.995469880770542659e-01
9.531999826431274414e-01,2.751551208496093750e+02,2.995795532333431765e-01
9.532999992370605469e-01,2.750979156494140625e+02,2.996121481774025597e-01
9.534000158309936523e-01,2.750406799316406250e+02,2.996447133118635975e-01
9.534999728202819824e-01,2.749834899902343750e+02,2.996773082413710654e-01
9.535999894142150879e-01,2.749263305664062500e+02,2.997098733612801880e-01
9.537000060081481934e-01,2.748691864013671875e+02,2.997424682762357406e-01
9.538000226020812988e-01,2.748120727539062500e+02,2.997750333815929480e-01
9.538999795913696289e-01,2.747549591064453125e+02,2.998075984869501553e-01
9.539999961853027344e-01,2.746978912353515625e+02,2.998401933800778352e-01
9.541000127792358398e-01,2.746408233642578125e+02,2.998727584636071697e-01
9.542000293731689453e-01,2.745837707519531250e+02,2.999053533421829343e-01
9.542999863624572754e-01,2.745267486572265625e+02,2.999379184111603536e-01
9.544000029563903809e-01,2.744697418212890625e+02,2.999704834728618152e-01
9.545000195503234863e-01,2.744127655029296875e+02,3.000030783296097070e-01
9.545999765396118164e-01,2.743558197021484375e+02,3.000356433767592534e-01
9.546999931335449219e-01,2.742988586425781250e+02,3.000682382189552300e-01
9.548000097274780273e-01,2.742419586181640625e+02,3.001008032515528612e-01
9.549000263214111328e-01,2.741850433349609375e+02,3.001333682768745348e-01
9.549999833106994629e-01,2.741281585693359375e+02,3.001659630972426385e-01
9.550999999046325684e-01,2.740712890625000000e+02,3.001985281080123968e-01
9.552000164985656738e-01,2.740144805908203125e+02,3.002310931115061976e-01
9.552999734878540039e-01,2.739576263427734375e+02,3.002636879100464284e-01
9.553999900817871094e-01,2.739008636474609375e+02,3.002962528989883140e-01
9.555000066757202148e-01,2.738440856933593750e+02,3.003288178806542419e-01
9.556000232696533203e-01,2.737873077392578125e+02,3.003614126573665999e-01
9.556999802589416504e-01,2.737305603027343750e+02,3.003939776244806126e-01
9.557999968528747559e-01,2.736738586425781250e+02,3.004265425843186677e-01
9.559000134468078613e-01,2.736171722412109375e+02,3.004591075368807651e-01
9.559999704360961914e-01,2.735605010986328125e+02,3.004917022844892927e-01
9.560999870300292969e-01,2.735038299560546875e+02,3.005242672224994749e-01
9.562000036239624023e-01,2.734471893310546875e+02,3.005568321532336995e-01
9.563000202178955078e-01,2.733905792236328125e+02,3.005893970766919665e-01
9.563999772071838379e-01,2.733339843750000000e+02,3.006219917951966636e-01
9.564999938011169434e-01,2.732774047851562500e+02,3.006545567041030154e-01
9.566000103950500488e-01,2.732208404541015625e+02,3.006871216057334095e-01
9.567000269889831543e-01,2.731643066406250000e+02,3.007196865000878461e-01
9.567999839782714844e-01,2.731077728271484375e+02,3.007522811894887127e-01
9.569000005722045898e-01,2.730513000488281250e+02,3.007848460692912340e-01
9.570000171661376953e-01,2.729948120117187500e+02,3.008174109345418401e-01
9.570999741554260254e-01,2.729381408691406250e+02,3.008499759453115985e-01
9.571999907493591309e-01,2.728815765380859375e+02,3.008825111610349268e-01
9.573000073432922363e-01,2.728251495361328125e+02,3.009150165235041641e-01
9.574000239372253418e-01,2.727688598632812500e+02,3.009475516446400434e-01
9.574999809265136719e-01,2.727127838134765625e+02,3.009800569125218317e-01
9.575999975204467773e-01,2.726567535400390625e+02,3.010125621512997895e-01
9.577000141143798828e-01,2.726008148193359375e+02,3.010450375513755716e-01
9.577999711036682129e-01,2.725449676513671875e+02,3.010775427392218262e-01
9.578999876976013184e-01,2.724891815185546875e+02,3.011100479052402079e-01
9.580000042915344238e-01,2.724333801269531250e+02,3.011425232543842867e-01
9.581000208854675293e-01,2.723776855468750000e+02,3.011750283912988380e-01
9.581999778747558594e-01,2.723220062255859375e+02,3.012075037186150439e-01
9.582999944686889648e-01,2.722663574218750000e+02,3.012400088337017223e-01
9.584000110626220703e-01,2.722107086181640625e+02,3.012725139415124431e-01
9.585000276565551758e-01,2.721551208496093750e+02,3.013049892397248186e-01
9.585999846458435059e-01,2.720995330810546875e+02,3.013374645306612365e-01
9.587000012397766113e-01,2.720439910888671875e+02,3.013699696093681268e-01
9.588000178337097168e-01,2.719884338378906250e+02,3.014024448857526295e-01
9.588999748229980469e-01,2.719329376220703125e+02,3.014349499571835622e-01
9.589999914169311523e-01,2.718774261474609375e+02,3.014674252117401920e-01
9.591000080108642578e-01,2.718219451904296875e+02,3.014999302686192095e-01
9.592000246047973633e-01,2.717664947509765625e+02,3.015324055158998817e-01
9.592999815940856934e-01,2.717110290527343750e+02,3.015648807486286387e-01
9.593999981880187988e-01,2.716556549072265625e+02,3.015973857836797833e-01
9.595000147819519043e-01,2.716002502441406250e+02,3.016298610091325827e-01
9.595999717712402344e-01,2.715448608398437500e+02,3.016623362200334668e-01
9.596999883651733398e-01,2.714895324707031250e+02,3.016948412332567386e-01
9.598000049591064453e-01,2.714341583251953125e+02,3.017273164368816651e-01
9.599000215530395508e-01,2.713788757324218750e+02,3.017598214355530217e-01
9.599999785423278809e-01,2.713235778808593750e+02,3.017922966246260330e-01
9.600999951362609863e-01,2.712683258056640625e+02,3.018247717991471291e-01
9.602000117301940918e-01,2.712130279541015625e+02,3.018572469736682251e-01
9.603000283241271973e-01,2.711578063964843750e+02,3.018897519432357512e-01
9.603999853134155273e-01,2.711025848388671875e+02,3.019222271032049321e-01
9.605000019073486328e-01,2.710474090576171875e+02,3.019547022558981553e-01
9.606000185012817383e-01,2.709922180175781250e+02,3.019872072036378086e-01
9.606999754905700684e-01,2.709371032714843750e+02,3.020196823490550742e-01
9.607999920845031738e-01,2.708819427490234375e+02,3.020521574799204245e-01
9.609000086784362793e-01,2.708268585205078125e+02,3.020846326035098173e-01
9.610000252723693848e-01,2.707717437744140625e+02,3.021171375221456401e-01
9.610999822616577148e-01,2.707166748046875000e+02,3.021496126311831176e-01
9.611999988555908203e-01,2.706616210937500000e+02,3.021820877402205952e-01
9.613000154495239258e-01,2.706065673828125000e+02,3.022145628347061574e-01
9.613999724388122559e-01,2.705515594482421875e+02,3.022470379219157621e-01
9.614999890327453613e-01,2.704965515136718750e+02,3.022795428114477545e-01
9.616000056266784668e-01,2.704416046142578125e+02,3.023120178841054440e-01
9.617000222206115723e-01,2.703866577148437500e+02,3.023444929567631334e-01
9.617999792098999023e-01,2.703317108154296875e+02,3.023769680148689076e-01
9.618999958038330078e-01,2.702767944335937500e+02,3.024094430729746819e-01
9.620000123977661133e-01,2.702218780517578125e+02,3.024419181238044985e-01
9.621000289916992188e-01,2.701670074462890625e+02,3.024743931600823998e-01
9.621999859809875488e-01,2.701121673583984375e+02,3.025068681963603012e-01
9.623000025749206543e-01,2.700573120117187500e+02,3.025393730276846327e-01
9.624000191688537598e-01,2.700025024414062500e+02,3.025718480494106188e-01
9.624999761581420898e-01,2.699477233886718750e+02,3.026043230565846898e-01
9.625999927520751953e-01,2.698929443359375000e+02,3.026367980637587607e-01
9.627000093460083008e-01,2.698381958007812500e+02,3.026692730636568740e-01
9.628000259399414062e-01,2.697834320068359375e+02,3.027017480562790297e-01
9.628999829292297363e-01,2.697287139892578125e+02,3.027342230416252278e-01
9.629999995231628418e-01,2.696740264892578125e+02,3.027666980196954682e-01
9.631000161170959473e-01,2.696193542480468750e+02,3.027991729904897511e-01
9.631999731063842773e-01,2.695647125244140625e+02,3.028316479612840340e-01
9.632999897003173828e-01,2.695100555419921875e+02,3.028641229175264016e-01
9.634000062942504883e-01,2.694554443359375000e+02,3.028965978664928116e-01
9.635000228881835938e-01,2.694008331298828125e+02,3.029290728081832640e-01
9.635999798774719238e-01,2.693462524414062500e+02,3.029615477498737164e-01
9.636999964714050293e-01,2.692916717529296875e+02,3.029940226770122536e-01
9.638000130653381348e-01,2.692371520996093750e+02,3.030264976041507907e-01
9.639000296592712402e-01,2.691826477050781250e+02,3.030589725167374127e-01
9.639999866485595703e-01,2.691281280517578125e+02,3.030914474293240346e-01
9.641000032424926758e-01,2.690736389160156250e+02,3.031239223273587413e-01
9.642000198364257812e-01,2.690191650390625000e+02,3.031563972253934480e-01
9.642999768257141113e-01,2.689647369384765625e+02,3.031888721161521971e-01
9.643999934196472168e-01,2.689102935791015625e+02,3.032213469996349886e-01
9.645000100135803223e-01,2.688559112548828125e+02,3.032537920735194348e-01
9.646000266075134277e-01,2.688015136718750000e+02,3.032862669351743534e-01
9.646999835968017578e-01,2.687471618652343750e+02,3.033187417968292721e-01
9.648000001907348633e-01,2.686928100585937500e+02,3.033512166512082331e-01
9.649000167846679688e-01,2.686385192871093750e+02,3.033836914983112365e-01
9.649999737739562988e-01,2.685841674804687500e+02,3.034161663454142399e-01
9.650999903678894043e-01,2.685299072265625000e+02,3.034486411779653281e-01
9.652000069618225098e-01,2.684756469726562500e+02,3.034810862009180710e-01
9.653000235557556152e-01,2.684213867187500000e+02,3.035135610189172439e-01
9.653999805450439453e-01,2.683671417236328125e+02,3.035460358369164169e-01
9.654999971389770508e-01,2.683129730224609375e+02,3.035785106403636746e-01
9.656000137329101562e-01,2.682587432861328125e+02,3.036109854365349747e-01
9.656999707221984863e-01,2.682045745849609375e+02,3.036434602327062748e-01
9.657999873161315918e-01,2.681504516601562500e+02,3.036759052192792296e-01
9.659000039100646973e-01,2.680963134765625000e+02,3.037083799936226569e-01
9.660000205039978027e-01,2.680422210693359375e+02,3.037408547679660842e-01
9.660999774932861328e-01,2.679881134033203125e+02,3.037733295350335538e-01
9.661999940872192383e-01,2.679340515136718750e+02,3.038057744852267206e-01
9.663000106811523438e-01,2.678799743652343750e+02,3.038382492377422750e-01
9.664000272750854492e-01,2.678259429931640625e+02,3.038707239829818718e-01
9.664999842643737793e-01,2.677719268798828125e+02,3.039031689186231233e-01
9.666000008583068848e-01,2.677179260253906250e+02,3.039356436493108049e-01
9.667000174522399902e-01,2.676639556884765625e+02,3.039681183727225289e-01
9.667999744415283203e-01,2.676099700927734375e+02,3.040005930961342528e-01
9.668999910354614258e-01,2.675560607910156250e+02,3.040330380026716739e-01
9.670000076293945312e-01,2.675021514892578125e+02,3.040655127042555250e-01
9.671000242233276367e-01,2.674482269287109375e+02,3.040979874058393762e-01
9.671999812126159668e-01,2.673943786621093750e+02,3.041304322905489244e-01
9.672999978065490723e-01,2.673405303955078125e+02,3.041629069775808603e-01
9.674000144004821777e-01,2.672866821289062500e+02,3.041953518477384932e-01
9.674999713897705078e-01,2.672328491210937500e+02,3.042278265202185139e-01
9.675999879837036133e-01,2.671790618896484375e+02,3.042603011781466193e-01
9.677000045776367188e-01,2.671252441406250000e+02,3.042927460337523371e-01
9.678000211715698242e-01,2.670714874267578125e+02,3.043252206844044849e-01
9.678999781608581543e-01,2.670178070068359375e+02,3.043576655036304146e-01
9.679999947547912598e-01,2.669642028808593750e+02,3.043901400742470287e-01
9.681000113487243652e-01,2.669106750488281250e+02,3.044226146303117275e-01
9.682000279426574707e-01,2.668571166992187500e+02,3.044550593840540387e-01
9.682999849319458008e-01,2.668036041259765625e+02,3.044875339328427799e-01
9.684000015258789062e-01,2.667501068115234375e+02,3.045199786720331758e-01
9.685000181198120117e-01,2.666966094970703125e+02,3.045524531989940442e-01
9.685999751091003418e-01,2.666431732177734375e+02,3.045848979236325249e-01
9.686999917030334473e-01,2.665897369384765625e+02,3.046173724433174357e-01
9.688000082969665527e-01,2.665363006591796875e+02,3.046498171534040011e-01
9.689000248908996582e-01,2.664829254150390625e+02,3.046822618562146090e-01
9.689999818801879883e-01,2.664295501708984375e+02,3.047147363540716469e-01
9.690999984741210938e-01,2.663761749267578125e+02,3.047471810496062972e-01
9.692000150680541992e-01,2.663228302001953125e+02,3.047796555329114199e-01
9.692999720573425293e-01,2.662695159912109375e+02,3.048121002066181973e-01
9.693999886512756348e-01,2.662162017822265625e+02,3.048445746826473624e-01
9.695000052452087402e-01,2.661629180908203125e+02,3.048770193418022245e-01
9.696000218391418457e-01,2.661096343994140625e+02,3.049094640009570867e-01
9.696999788284301758e-01,2.660564117431640625e+02,3.049419384551583789e-01
9.697999954223632812e-01,2.660031890869140625e+02,3.049743830924853683e-01
9.699000120162963867e-01,2.659499969482421875e+02,3.050068277298123576e-01
9.700000286102294922e-01,2.658967895507812500e+02,3.050393021621857770e-01
9.700999855995178223e-01,2.658436279296875000e+02,3.050717467849608511e-01
9.702000021934509277e-01,2.657904663085937500e+02,3.051041914004599676e-01
9.703000187873840332e-01,2.657373199462890625e+02,3.051366658182814717e-01
9.703999757766723633e-01,2.656841888427734375e+02,3.051691104192286730e-01
9.704999923706054688e-01,2.656311187744140625e+02,3.052015550128999166e-01
9.706000089645385742e-01,2.655780639648437500e+02,3.052340294088935480e-01
9.707000255584716797e-01,2.655249786376953125e+02,3.052664739880128764e-01
9.707999825477600098e-01,2.654719390869140625e+02,3.052989185671322048e-01
9.708999991416931152e-01,2.654189147949218750e+02,3.053313631389755756e-01
9.710000157356262207e-01,2.653659210205078125e+02,3.053638375058653764e-01
9.710999727249145508e-01,2.653130493164062500e+02,3.053962820049491711e-01
9.711999893188476562e-01,2.652602386474609375e+02,3.054287264894810505e-01
9.713000059127807617e-01,2.652074279785156250e+02,3.054611709740129299e-01
9.714000225067138672e-01,2.651546630859375000e+02,3.054936452463152818e-01
9.714999794960021973e-01,2.651019134521484375e+02,3.055260897090192884e-01
9.715999960899353027e-01,2.650491333007812500e+02,3.055585341717232950e-01
9.717000126838684082e-01,2.649964294433593750e+02,3.055909786198753864e-01
9.718000292778015137e-01,2.649437408447265625e+02,3.056234230680274777e-01
9.718999862670898438e-01,2.648910217285156250e+02,3.056558675016276538e-01
9.720000028610229492e-01,2.648383789062500000e+02,3.056883119352278300e-01
9.721000194549560547e-01,2.647857208251953125e+02,3.057207861638744362e-01
9.721999764442443848e-01,2.647331237792968750e+02,3.057532305829226971e-01
9.722999930381774902e-01,2.646805267333984375e+02,3.057856749946950004e-01
9.724000096321105957e-01,2.646279296875000000e+02,3.058181193991913460e-01
9.725000262260437012e-01,2.645753631591796875e+02,3.058505637964117341e-01
9.725999832153320312e-01,2.645227966308593750e+02,3.058830081936321221e-01
9.726999998092651367e-01,2.644702606201171875e+02,3.059154525763005950e-01
9.728000164031982422e-01,2.644177398681640625e+02,3.059478969589690678e-01
9.728999733924865723e-01,2.643652343750000000e+02,3.059803413343615830e-01
9.729999899864196777e-01,2.643127441406250000e+02,3.060127856952021830e-01
9.731000065803527832e-01,2.642602996826171875e+02,3.060452300560427830e-01
9.732000231742858887e-01,2.642078399658203125e+02,3.060776744096074253e-01
9.732999801635742188e-01,2.641554412841796875e+02,3.061101187558961101e-01
9.733999967575073242e-01,2.641030426025390625e+02,3.061425630949088372e-01
9.735000133514404297e-01,2.640506439208984375e+02,3.061750074339215644e-01
9.735999703407287598e-01,2.639982757568359375e+02,3.062074517583823763e-01
9.736999869346618652e-01,2.639459381103515625e+02,3.062398960755672306e-01
9.738000035285949707e-01,2.638936004638671875e+02,3.062723403927520849e-01
9.739000201225280762e-01,2.638412780761718750e+02,3.063047847026609816e-01
9.739999771118164062e-01,2.637890014648437500e+02,3.063372290052939206e-01
9.740999937057495117e-01,2.637367401123046875e+02,3.063696732933749445e-01
9.742000102996826172e-01,2.636844787597656250e+02,3.064021175814559683e-01
9.743000268936157227e-01,2.636322174072265625e+02,3.064345618695369922e-01
9.743999838829040527e-01,2.635800170898437500e+02,3.064670061430661008e-01
9.745000004768371582e-01,2.635278167724609375e+02,3.064994504093192518e-01
9.746000170707702637e-01,2.634756164550781250e+02,3.065318946755724028e-01
9.746999740600585938e-01,2.634234466552734375e+02,3.065643389272736385e-01
9.747999906539916992e-01,2.633712921142578125e+02,3.065967533766524866e-01
9.749000072479248047e-01,2.633191833496093750e+02,3.066291976210777648e-01
9.750000238418579102e-01,2.632670593261718750e+02,3.066616418582270853e-01
9.750999808311462402e-01,2.632149963378906250e+02,3.066940860881004483e-01
9.751999974250793457e-01,2.631629028320312500e+02,3.067265303106978536e-01
9.753000140190124512e-01,2.631108398437500000e+02,3.067589745260193013e-01
9.753999710083007812e-01,2.630588378906250000e+02,3.067914187340647914e-01
9.754999876022338867e-01,2.630067901611328125e+02,3.068238331397878937e-01
9.756000041961669922e-01,2.629547882080078125e+02,3.068562773332814686e-01
9.757000207901000977e-01,2.629028320312500000e+02,3.068887215267750435e-01
9.757999777793884277e-01,2.628508605957031250e+02,3.069211657129926607e-01
9.758999943733215332e-01,2.627989349365234375e+02,3.069536098919343203e-01
9.760000109672546387e-01,2.627469787597656250e+02,3.069860242612776347e-01
9.761000275611877441e-01,2.626950836181640625e+02,3.070184684256673791e-01
9.761999845504760742e-01,2.626431732177734375e+02,3.070509125827811658e-01
9.763000011444091797e-01,2.625913085937500000e+02,3.070833567326189950e-01
9.764000177383422852e-01,2.625394592285156250e+02,3.071157710801344365e-01
9.764999747276306152e-01,2.624876251220703125e+02,3.071482152226963080e-01
9.765999913215637207e-01,2.624358062744140625e+02,3.071806593507062644e-01
9.767000079154968262e-01,2.623840179443359375e+02,3.072131034787162207e-01
9.768000245094299316e-01,2.623322296142578125e+02,3.072455177971278317e-01
9.768999814987182617e-01,2.622804412841796875e+02,3.072779619105858728e-01
9.769999980926513672e-01,2.622286987304687500e+02,3.073104060167679563e-01
9.771000146865844727e-01,2.621769714355468750e+02,3.073428203206276521e-01
9.771999716758728027e-01,2.621252899169921875e+02,3.073752644122578204e-01
9.772999882698059082e-01,2.620735778808593750e+02,3.074077085038879886e-01
9.774000048637390137e-01,2.620219268798828125e+02,3.074401227786438540e-01
9.775000214576721191e-01,2.619702453613281250e+02,3.074725668557221070e-01
9.775999784469604492e-01,2.619186248779296875e+02,3.075050109255244024e-01
9.776999950408935547e-01,2.618670349121093750e+02,3.075374251857283525e-01
9.778000116348266602e-01,2.618153991699218750e+02,3.075698692409787327e-01
9.779000282287597656e-01,2.617638244628906250e+02,3.076023132962291129e-01
9.779999852180480957e-01,2.617122497558593750e+02,3.076347275346051902e-01
9.781000018119812012e-01,2.616607360839843750e+02,3.076671715753036551e-01
9.782000184059143066e-01,2.616091918945312500e+02,3.076995857991278172e-01
9.782999753952026367e-01,2.615576934814453125e+02,3.077320298252743669e-01
9.783999919891357422e-01,2.615061798095703125e+02,3.077644738441449590e-01
9.785000085830688477e-01,2.614547119140625000e+02,3.077968880534172058e-01
9.786000251770019531e-01,2.614032745361328125e+02,3.078293320577358827e-01
9.786999821662902832e-01,2.613518066406250000e+02,3.078617462597321719e-01
9.787999987602233887e-01,2.613003845214843750e+02,3.078941902494989336e-01
9.789000153541564941e-01,2.612489776611328125e+02,3.079266044369433075e-01
9.789999723434448242e-01,2.611976165771484375e+02,3.079590484121581540e-01
9.790999889373779297e-01,2.611462554931640625e+02,3.079914625850506127e-01
9.792000055313110352e-01,2.610948638916015625e+02,3.080239065529895015e-01
9.793000221252441406e-01,2.610435638427734375e+02,3.080563207113300450e-01
9.793999791145324707e-01,2.609922180175781250e+02,3.080887646647170186e-01
9.794999957084655762e-01,2.609409790039062500e+02,3.081211788157816045e-01
9.796000123023986816e-01,2.608896942138671875e+02,3.081536227546166629e-01
9.797000288963317871e-01,2.608384399414062500e+02,3.081860368911293335e-01
9.797999858856201172e-01,2.607871551513671875e+02,3.082184808154124767e-01
9.799000024795532227e-01,2.607359466552734375e+02,3.082508949373732321e-01
9.800000190734863281e-01,2.606847534179687500e+02,3.082833388543804176e-01
9.800999760627746582e-01,2.606335754394531250e+02,3.083157529617892578e-01
9.801999926567077637e-01,2.605823974609375000e+02,3.083481968715204857e-01
9.803000092506408691e-01,2.605312500000000000e+02,3.083806109643774107e-01
9.804000258445739746e-01,2.604801177978515625e+02,3.084130250572343357e-01
9.804999828338623047e-01,2.604290008544921875e+02,3.084454689378617331e-01
9.805999994277954102e-01,2.603778991699218750e+02,3.084778830161667429e-01
9.807000160217285156e-01,2.603268280029296875e+02,3.085103268895181827e-01
9.807999730110168457e-01,2.602757873535156250e+02,3.085427409532712772e-01
9.808999896049499512e-01,2.602247009277343750e+02,3.085751550097484142e-01
9.810000061988830566e-01,2.601736907958984375e+02,3.086075988612719811e-01
9.811000227928161621e-01,2.601226959228515625e+02,3.086400129104731604e-01
9.811999797821044922e-01,2.600717010498046875e+02,3.086724269523983821e-01
9.812999963760375977e-01,2.600207214355468750e+02,3.087048707820940763e-01
9.814000129699707031e-01,2.599697570800781250e+02,3.087372848094673827e-01
9.815000295639038086e-01,2.599188079833984375e+02,3.087696988295647316e-01
9.815999865531921387e-01,2.598678894042968750e+02,3.088021426447085105e-01
9.817000031471252441e-01,2.598169708251953125e+02,3.088345566575299017e-01
9.818000197410583496e-01,2.597661132812500000e+02,3.088669706557993777e-01
9.818999767303466797e-01,2.597152404785156250e+02,3.088994144563912414e-01
9.819999933242797852e-01,2.596644134521484375e+02,3.089318284401088022e-01
9.821000099182128906e-01,2.596135711669921875e+02,3.089642424238263629e-01
9.822000265121459961e-01,2.595627441406250000e+02,3.089966862025903538e-01
9.822999835014343262e-01,2.595119628906250000e+02,3.090291001717559993e-01
9.824000000953674316e-01,2.594611968994140625e+02,3.090615141409216449e-01
9.825000166893005371e-01,2.594104003906250000e+02,3.090939280955353752e-01
9.825999736785888672e-01,2.593596649169921875e+02,3.091263718524714932e-01
9.826999902725219727e-01,2.593089599609375000e+02,3.091587857925333083e-01
9.828000068664550781e-01,2.592582092285156250e+02,3.091911997325951234e-01
9.829000234603881836e-01,2.592075500488281250e+02,3.092236136653809808e-01
9.829999804496765137e-01,2.591568908691406250e+02,3.092560275908908807e-01
9.830999970436096191e-01,2.591062316894531250e+02,3.092884713114472106e-01
9.832000136375427246e-01,2.590555877685546875e+02,3.093208852296811529e-01
9.832999706268310547e-01,2.590049591064453125e+02,3.093532991333631799e-01
9.833999872207641602e-01,2.589543457031250000e+02,3.093857130370452069e-01
9.835000038146972656e-01,2.589037780761718750e+02,3.094181269334512763e-01
9.836000204086303711e-01,2.588531951904296875e+02,3.094505408225813881e-01
9.836999773979187012e-01,2.588026580810546875e+02,3.094829845067579299e-01
9.837999939918518066e-01,2.587521209716796875e+02,3.095153983813361265e-01
9.839000105857849121e-01,2.587016143798828125e+02,3.095478122559143230e-01
9.840000271797180176e-01,2.586511230468750000e+02,3.095802261159406044e-01
9.840999841690063477e-01,2.586006469726562500e+02,3.096126399759668857e-01
9.842000007629394531e-01,2.585501861572265625e+02,3.096450538287172094e-01
9.843000173568725586e-01,2.584997558593750000e+02,3.096774676741915755e-01
9.843999743461608887e-01,2.584492797851562500e+02,3.097098815123899840e-01
9.844999909400939941e-01,2.583988952636718750e+02,3.097423251529107802e-01
9.846000075340270996e-01,2.583485107421875000e+02,3.097747389765572734e-01
9.847000241279602051e-01,2.582981262207031250e+02,3.098071528002037667e-01
9.847999811172485352e-01,2.582477722167968750e+02,3.098395666165743023e-01
9.848999977111816406e-01,2.581974334716796875e+02,3.098719804183929227e-01
9.850000143051147461e-01,2.581470947265625000e+02,3.099043942274875008e-01
9.850999712944030762e-01,2.580968170166015625e+02,3.099368080220301636e-01
9.851999878883361816e-01,2.580465240478515625e+02,3.099692218092968687e-01
9.853000044822692871e-01,2.579962463378906250e+02,3.100016355965635739e-01
9.854000210762023926e-01,2.579459991455078125e+02,3.100340493692783639e-01
9.854999780654907227e-01,2.578957672119140625e+02,3.100664631419931538e-01
9.855999946594238281e-01,2.578455657958984375e+02,3.100988769074319862e-01
9.857000112533569336e-01,2.577953491210937500e+02,3.101312906655948609e-01
9.858000278472900391e-01,2.577451629638671875e+02,3.101637044237577356e-01
9.858999848365783691e-01,2.576949920654296875e+02,3.101961181673686951e-01
9.860000014305114746e-01,2.576448364257812500e+02,3.102285319109796546e-01
9.861000180244445801e-01,2.575947265625000000e+02,3.102609456473146565e-01
9.861999750137329102e-01,2.575445861816406250e+02,3.102933593763737008e-01
9.862999916076660156e-01,2.574945220947265625e+02,3.103257730981567875e-01
9.864000082015991211e-01,2.574444427490234375e+02,3.103581868126639165e-01
9.865000247955322266e-01,2.573943481445312500e+02,3.103906005198950879e-01
9.865999817848205566e-01,2.573442993164062500e+02,3.104230142271262594e-01
9.866999983787536621e-01,2.572942657470703125e+02,3.104553981247590855e-01
9.868000149726867676e-01,2.572443084716796875e+02,3.104878118101623841e-01
9.868999719619750977e-01,2.571942901611328125e+02,3.105202254955656826e-01
9.869999885559082031e-01,2.571443023681640625e+02,3.105526391809689812e-01
9.871000051498413086e-01,2.570943603515625000e+02,3.105850528518203646e-01
9.872000217437744141e-01,2.570444183349609375e+02,3.106174665226717480e-01
9.872999787330627441e-01,2.569945068359375000e+02,3.106498801789712161e-01
9.873999953269958496e-01,2.569445800781250000e+02,3.106822938352706842e-01
9.875000119209289551e-01,2.568946990966796875e+02,3.107147074842941947e-01
9.876000285148620605e-01,2.568448638916015625e+02,3.107470913237193599e-01
9.876999855041503906e-01,2.567949829101562500e+02,3.107795049654669128e-01
9.878000020980834961e-01,2.567451477050781250e+02,3.108119185926625505e-01
9.879000186920166016e-01,2.566953277587890625e+02,3.108443322198581882e-01
9.879999756813049316e-01,2.566455078125000000e+02,3.108767458397778682e-01
9.880999922752380371e-01,2.565957336425781250e+02,3.109091296428232454e-01
9.882000088691711426e-01,2.565459594726562500e+02,3.109415432554669678e-01
9.883000254631042480e-01,2.564962158203125000e+02,3.109739568535587750e-01
9.883999824523925781e-01,2.564464721679687500e+02,3.110063704443746246e-01
9.884999990463256836e-01,2.563967437744140625e+02,3.110387840351904742e-01
9.886000156402587891e-01,2.563470458984375000e+02,3.110711678164079785e-01
9.886999726295471191e-01,2.562973785400390625e+02,3.111035813926719129e-01
9.887999892234802246e-01,2.562476959228515625e+02,3.111359949616598897e-01
9.889000058174133301e-01,2.561980590820312500e+02,3.111684085233719088e-01
9.890000224113464355e-01,2.561484222412109375e+02,3.112007922827615403e-01
9.890999794006347656e-01,2.560988311767578125e+02,3.112332058299216442e-01
9.891999959945678711e-01,2.560492248535156250e+02,3.112656193770817481e-01
9.893000125885009766e-01,2.559996490478515625e+02,3.112980329169658944e-01
9.894000291824340820e-01,2.559500732421875000e+02,3.113304166472516954e-01
9.894999861717224121e-01,2.559005432128906250e+02,3.113628301798598841e-01
9.896000027656555176e-01,2.558510131835937500e+02,3.113952436979161575e-01
9.897000193595886230e-01,2.558015136718750000e+02,3.114276274136500433e-01
9.897999763488769531e-01,2.557519989013671875e+02,3.114600409171544015e-01
9.898999929428100586e-01,2.557025146484375000e+02,3.114924544206587598e-01
9.900000095367431641e-01,2.556530609130859375e+02,3.115248381218407303e-01
9.901000261306762695e-01,2.556036376953125000e+02,3.115572516107931733e-01
9.901999831199645996e-01,2.555541992187500000e+02,3.115896650924696587e-01
9.902999997138977051e-01,2.555047912597656250e+02,3.116220487718237564e-01
9.904000163078308105e-01,2.554553985595703125e+02,3.116544622462242842e-01
9.904999732971191406e-01,2.554060058593750000e+02,3.116868757133488543e-01
9.905999898910522461e-01,2.553566741943359375e+02,3.117192593708750792e-01
9.907000064849853516e-01,2.553073120117187500e+02,3.117516728307236917e-01
9.908000230789184570e-01,2.552579956054687500e+02,3.117840564736980014e-01
9.908999800682067871e-01,2.552086791992187500e+02,3.118164699189946987e-01
9.909999966621398926e-01,2.551594238281250000e+02,3.118488535546930507e-01
9.911000132560729980e-01,2.551101226806640625e+02,3.118812669854378328e-01
9.911999702453613281e-01,2.550608825683593750e+02,3.119136804089066572e-01
9.912999868392944336e-01,2.550116119384765625e+02,3.119460640591569245e-01
9.914000034332275391e-01,2.549622955322265625e+02,3.119784775772131979e-01
9.915000200271606445e-01,2.549128723144531250e+02,3.120109209630754776e-01
9.915999770164489746e-01,2.548633575439453125e+02,3.120433644144213758e-01
9.916999936103820801e-01,2.548137207031250000e+02,3.120758377335732803e-01
9.918000102043151855e-01,2.547639007568359375e+02,3.121083409132552333e-01
9.919000267982482910e-01,2.547140045166015625e+02,3.121408441656967625e-01
9.919999837875366211e-01,2.546639404296875000e+02,3.121733772713923827e-01
9.921000003814697266e-01,2.546137390136718750e+02,3.122059104352956638e-01
9.922000169754028320e-01,2.545634613037109375e+02,3.122384734524530359e-01
9.922999739646911621e-01,2.545130615234375000e+02,3.122710067109437659e-01
9.923999905586242676e-01,2.544625701904296875e+02,3.123035996177350171e-01
9.925000071525573730e-01,2.544120178222656250e+02,3.123361627513077110e-01
9.926000237464904785e-01,2.543613891601562500e+02,3.123687557163066231e-01
9.926999807357788086e-01,2.543107604980468750e+02,3.124013487104093656e-01
9.927999973297119141e-01,2.542600097656250000e+02,3.124339417190640233e-01
9.929000139236450195e-01,2.542092590332031250e+02,3.124665347568225116e-01
9.929999709129333496e-01,2.541584777832031250e+02,3.124991278018569574e-01
9.930999875068664551e-01,2.541076202392578125e+02,3.125317506710416637e-01
9.932000041007995605e-01,2.540568084716796875e+02,3.125643437451799400e-01
9.933000206947326660e-01,2.540059509277343750e+02,3.125969666361925192e-01
9.933999776840209961e-01,2.539550933837890625e+02,3.126295895272050984e-01
9.934999942779541016e-01,2.539041900634765625e+02,3.126621826304472052e-01
9.936000108718872070e-01,2.538533172607421875e+02,3.126948055360116996e-01
9.937000274658203125e-01,2.538024597167968750e+02,3.127274284488521516e-01
9.937999844551086426e-01,2.537515563964843750e+02,3.127600513616926037e-01
9.939000010490417480e-01,2.537006530761718750e+02,3.127926742818090133e-01
9.940000176429748535e-01,2.536497955322265625e+02,3.128252972019254230e-01
9.940999746322631836e-01,2.535989227294921875e+02,3.128579201147658750e-01
9.941999912261962891e-01,2.535480346679687500e+02,3.128905728372046724e-01
9.943000078201293945e-01,2.534971771240234375e+02,3.129231957573210821e-01
9.944000244140625000e-01,2.534463043212890625e+02,3.129558186774374917e-01
9.944999814033508301e-01,2.533954620361328125e+02,3.129884415902779438e-01
9.945999979972839355e-01,2.533446044921875000e+02,3.130210645031183958e-01
9.947000145912170410e-01,2.532937927246093750e+02,3.130537172182812355e-01
9.947999715805053711e-01,2.532429656982421875e+02,3.130863401311216876e-01
9.948999881744384766e-01,2.531921539306640625e+02,3.131189630366861820e-01
9.950000047683715820e-01,2.531413421630859375e+02,3.131515859422506765e-01
9.951000213623046875e-01,2.530905609130859375e+02,3.131842386428616010e-01
9.951999783515930176e-01,2.530398101806640625e+02,3.132168615411501378e-01
9.952999949455261230e-01,2.529890594482421875e+02,3.132494844321627170e-01
9.954000115394592285e-01,2.529383087158203125e+02,3.132821371254976839e-01
9.955000281333923340e-01,2.528875579833984375e+02,3.133147600165102631e-01
9.955999851226806641e-01,2.528368377685546875e+02,3.133473828929709271e-01
9.957000017166137695e-01,2.527861175537109375e+02,3.133800355717539787e-01
9.958000183105468750e-01,2.527354125976562500e+02,3.134126584482146427e-01
9.958999752998352051e-01,2.526847534179687500e+02,3.134452813173993491e-01
9.959999918937683105e-01,2.526340942382812500e+02,3.134779339816304855e-01
9.961000084877014160e-01,2.525834350585937500e+02,3.135105568435392343e-01
9.962000250816345215e-01,2.525328216552734375e+02,3.135431796981720254e-01
9.962999820709228516e-01,2.524821929931640625e+02,3.135758323551272042e-01
9.963999986648559570e-01,2.524315643310546875e+02,3.136084551952080801e-01
9.965000152587890625e-01,2.523809967041015625e+02,3.136410780352889560e-01
9.965999722480773926e-01,2.523304138183593750e+02,3.136737306776922196e-01
9.966999888420104980e-01,2.522798309326171875e+02,3.137063535104971379e-01
9.968000054359436035e-01,2.522292938232421875e+02,3.137389763360260986e-01
9.969000220298767090e-01,2.521787719726562500e+02,3.137716289566014893e-01
9.969999790191650391e-01,2.521282501220703125e+02,3.138042517675785348e-01
9.970999956130981445e-01,2.520777893066406250e+02,3.138368745785555802e-01
9.972000122070312500e-01,2.520272979736328125e+02,3.138695271845790558e-01
9.973000288009643555e-01,2.519768066406250000e+02,3.139021499882801436e-01
9.973999857902526855e-01,2.519264068603515625e+02,3.139348025870276615e-01
9.975000023841857910e-01,2.518759460449218750e+02,3.139674253689008765e-01
9.976000189781188965e-01,2.518255310058593750e+02,3.140000481580500491e-01
9.976999759674072266e-01,2.517751159667968750e+02,3.140327007349696942e-01
9.977999925613403320e-01,2.517247619628906250e+02,3.140653235095669515e-01
9.979000091552734375e-01,2.516743774414062500e+02,3.140979462768882513e-01
9.980000257492065430e-01,2.516240234375000000e+02,3.141305988392559811e-01
9.980999827384948730e-01,2.515736999511718750e+02,3.141632215993013233e-01
9.981999993324279785e-01,2.515233612060546875e+02,3.141958443520707078e-01
9.983000159263610840e-01,2.514730529785156250e+02,3.142284968998865224e-01
9.983999729156494141e-01,2.514227752685546875e+02,3.142611196381039917e-01
9.984999895095825195e-01,2.513724975585937500e+02,3.142937423690455034e-01
9.986000061035156250e-01,2.513222656250000000e+02,3.143263949023094028e-01
9.987000226974487305e-01,2.512720031738281250e+02,3.143590176259749569e-01
9.987999796867370605e-01,2.512217864990234375e+02,3.143916403496405110e-01
9.988999962806701660e-01,2.511715698242187500e+02,3.144242928610765375e-01
9.990000128746032715e-01,2.511213531494140625e+02,3.144569155701901764e-01
9.991000294685363770e-01,2.510712127685546875e+02,3.144895382720278576e-01
9.991999864578247070e-01,2.510210418701171875e+02,3.145221907689119689e-01
9.993000030517578125e-01,2.509709167480468750e+02,3.145548134634736925e-01
9.994000196456909180e-01,2.509207611083984375e+02,3.145874659530818462e-01
9.994999766349792480e-01,2.508706359863281250e+02,3.146200886330916546e-01
9.995999932289123535e-01,2.508205413818359375e+02,3.146527113058255054e-01
9.997000098228454590e-01,2.507704315185546875e+02,3.146853637736057863e-01
9.998000264167785645e-01,2.507203979492187500e+02,3.147179864390636794e-01
9.998999834060668945e-01,2.506703491210937500e+02,3.147506090972456150e-01
1.000000000000000000e+00,2.506203460693359375e+02,3.147832317554275505e-01
