# cmod[mm], load[N]
8.824757e-06, 3.717553e+00
1.764951e-05, 7.435105e+00
2.647427e-05, 1.115266e+01
3.529903e-05, 1.487021e+01
4.412378e-05, 1.858776e+01
5.294854e-05, 2.230532e+01
6.177330e-05, 2.602287e+01
7.059806e-05, 2.974042e+01
7.942281e-05, 3.345797e+01
8.824757e-05, 3.717553e+01
9.707233e-05, 4.089308e+01
1.058971e-04, 4.461063e+01
1.147218e-04, 4.832818e+01
1.235466e-04, 5.204574e+01
1.323714e-04, 5.576329e+01
1.411961e-04, 5.948084e+01
1.500209e-04, 6.319839e+01
1.588456e-04, 6.691595e+01
1.676704e-04, 7.063350e+01
1.764951e-04, 7.435105e+01
1.853199e-04, 7.806860e+01
1.941447e-04, 8.178616e+01
2.029694e-04, 8.550371e+01
2.117942e-04, 8.922126e+01
2.206189e-04, 9.293881e+01
2.294437e-04, 9.665637e+01
2.382684e-04, 1.003739e+02
2.470932e-04, 1.040915e+02
2.559180e-04, 1.078090e+02
2.647427e-04, 1.115266e+02
2.735675e-04, 1.152441e+02
2.823922e-04, 1.189617e+02
2.912170e-04, 1.226792e+02
3.000417e-04, 1.263968e+02
3.088665e-04, 1.301143e+02
3.176913e-04, 1.338319e+02
3.265160e-04, 1.375494e+02
3.353408e-04, 1.412670e+02
3.441655e-04, 1.449846e+02
3.529903e-04, 1.487021e+02
3.618150e-04, 1.524197e+02
3.706398e-04, 1.561372e+02
3.794645e-04, 1.598548e+02
3.882893e-04, 1.635723e+02
3.971141e-04, 1.672899e+02
4.059388e-04, 1.710074e+02
4.147636e-04, 1.747250e+02
4.235883e-04, 1.784425e+02
4.324131e-04, 1.821601e+02
4.412378e-04, 1.858776e+02
4.500626e-04, 1.895952e+02
4.588874e-04, 1.933127e+02
4.677121e-04, 1.970303e+02
4.765369e-04, 2.007478e+02
4.853616e-04, 2.044654e+02
4.941864e-04, 2.081829e+02
5.030111e-04, 2.119005e+02
5.118359e-04, 2.156180e+02
5.206607e-04, 2.193356e+02
5.294854e-04, 2.230532e+02
5.383102e-04, 2.267707e+02
5.471349e-04, 2.304883e+02
5.559597e-04, 2.342058e+02
5.647844e-04, 2.379234e+02
5.736092e-04, 2.416409e+02
5.824340e-04, 2.453585e+02
5.912587e-04, 2.490760e+02
6.000835e-04, 2.527936e+02
6.089082e-04, 2.565111e+02
6.177330e-04, 2.602287e+02
6.265577e-04, 2.639462e+02
6.353825e-04, 2.676638e+02
6.442073e-04, 2.713813e+02
6.530320e-04, 2.750989e+02
6.618568e-04, 2.788164e+02
6.706815e-04, 2.825340e+02
6.795063e-04, 2.862515e+02
6.883310e-04, 2.899691e+02
6.971558e-04, 2.936867e+02
7.059806e-04, 2.974042e+02
7.148053e-04, 3.011218e+02
7.236301e-04, 3.048393e+02
7.324548e-04, 3.085569e+02
7.412796e-04, 3.122744e+02
7.501043e-04, 3.159920e+02
7.589291e-04, 3.197095e+02
7.677539e-04, 3.234271e+02
7.765786e-04, 3.271446e+02
7.854034e-04, 3.308622e+02
7.942281e-04, 3.345797e+02
8.030529e-04, 3.382973e+02
8.118776e-04, 3.420148e+02
8.207024e-04, 3.457324e+02
8.295272e-04, 3.494499e+02
8.383519e-04, 3.531675e+02
8.471767e-04, 3.568850e+02
8.560014e-04, 3.606026e+02
8.648262e-04, 3.643202e+02
8.736509e-04, 3.680377e+02
8.824757e-04, 3.717553e+02
8.913005e-04, 3.754728e+02
9.001252e-04, 3.791904e+02
9.089500e-04, 3.829079e+02
9.177747e-04, 3.866255e+02
9.265995e-04, 3.903430e+02
9.354242e-04, 3.940606e+02
9.442490e-04, 3.977781e+02
9.530738e-04, 4.014957e+02
9.618985e-04, 4.052132e+02
9.707233e-04, 4.089308e+02
9.795480e-04, 4.126483e+02
9.883728e-04, 4.163659e+02
9.971975e-04, 4.200834e+02
1.006022e-03, 4.238010e+02
1.014847e-03, 4.275185e+02
1.023672e-03, 4.312361e+02
1.032497e-03, 4.349537e+02
1.041321e-03, 4.386712e+02
1.050146e-03, 4.423888e+02
1.058971e-03, 4.461063e+02
1.067796e-03, 4.498239e+02
1.076620e-03, 4.535414e+02
1.085445e-03, 4.572590e+02
1.094270e-03, 4.609765e+02
1.103095e-03, 4.646941e+02
1.111919e-03, 4.684116e+02
1.120744e-03, 4.721292e+02
1.129569e-03, 4.758467e+02
1.138394e-03, 4.795643e+02
1.147218e-03, 4.832818e+02
1.156043e-03, 4.869994e+02
1.164868e-03, 4.907169e+02
1.173693e-03, 4.944345e+02
1.182517e-03, 4.981520e+02
1.191342e-03, 5.018696e+02
1.200167e-03, 5.055871e+02
1.208992e-03, 5.093047e+02
1.217816e-03, 5.130223e+02
1.226641e-03, 5.167398e+02
1.235466e-03, 5.204574e+02
1.244291e-03, 5.241749e+02
1.253115e-03, 5.278925e+02
1.261940e-03, 5.316100e+02
1.270765e-03, 5.353276e+02
1.279590e-03, 5.390451e+02
1.288415e-03, 5.427627e+02
1.297239e-03, 5.464802e+02
1.306064e-03, 5.501978e+02
1.314889e-03, 5.539153e+02
1.323714e-03, 5.576329e+02
1.332538e-03, 5.613504e+02
1.341363e-03, 5.650680e+02
1.350188e-03, 5.687855e+02
1.359013e-03, 5.725031e+02
1.367837e-03, 5.762206e+02
1.376662e-03, 5.799382e+02
1.385487e-03, 5.836558e+02
1.394312e-03, 5.873733e+02
1.403136e-03, 5.910909e+02
1.411961e-03, 5.948084e+02
1.420786e-03, 5.985260e+02
1.429611e-03, 6.022435e+02
1.438435e-03, 6.059611e+02
1.447260e-03, 6.096786e+02
1.456085e-03, 6.133962e+02
1.464910e-03, 6.171137e+02
1.473734e-03, 6.208313e+02
1.482559e-03, 6.245488e+02
1.491384e-03, 6.282664e+02
1.500211e-03, 6.319836e+02
1.509121e-03, 6.356884e+02
1.518133e-03, 6.393777e+02
1.527195e-03, 6.430595e+02
1.536283e-03, 6.467374e+02
1.545384e-03, 6.504135e+02
1.554491e-03, 6.540887e+02
1.563601e-03, 6.577634e+02
1.572713e-03, 6.614378e+02
1.581826e-03, 6.651121e+02
1.590940e-03, 6.687863e+02
1.600054e-03, 6.724604e+02
1.609169e-03, 6.761345e+02
1.618284e-03, 6.798085e+02
1.627399e-03, 6.834825e+02
1.636515e-03, 6.871564e+02
1.645632e-03, 6.908303e+02
1.654748e-03, 6.945041e+02
1.663865e-03, 6.981779e+02
1.672983e-03, 7.018517e+02
1.682100e-03, 7.055254e+02
1.691218e-03, 7.091991e+02
1.700336e-03, 7.128728e+02
1.709455e-03, 7.165464e+02
1.718574e-03, 7.202200e+02
1.727693e-03, 7.238936e+02
1.736813e-03, 7.275671e+02
1.745932e-03, 7.312406e+02
1.755052e-03, 7.349141e+02
1.764173e-03, 7.385875e+02
1.773293e-03, 7.422609e+02
1.782414e-03, 7.459343e+02
1.791535e-03, 7.496076e+02
1.800657e-03, 7.532809e+02
1.809778e-03, 7.569542e+02
1.818900e-03, 7.606275e+02
1.828022e-03, 7.643007e+02
1.837145e-03, 7.679739e+02
1.846267e-03, 7.716471e+02
1.855390e-03, 7.753202e+02
1.864513e-03, 7.789934e+02
1.873637e-03, 7.826665e+02
1.882760e-03, 7.863395e+02
1.891884e-03, 7.900126e+02
1.901008e-03, 7.936856e+02
1.910132e-03, 7.973586e+02
1.919257e-03, 8.010316e+02
1.928381e-03, 8.047045e+02
1.937506e-03, 8.083775e+02
1.946631e-03, 8.120504e+02
1.955757e-03, 8.157233e+02
1.964882e-03, 8.193961e+02
1.974008e-03, 8.230690e+02
1.983133e-03, 8.267418e+02
1.992260e-03, 8.304146e+02
2.001386e-03, 8.340874e+02
2.010512e-03, 8.377602e+02
2.019639e-03, 8.414329e+02
2.028765e-03, 8.451056e+02
2.037892e-03, 8.487783e+02
2.047019e-03, 8.524510e+02
2.056147e-03, 8.561237e+02
2.065274e-03, 8.597963e+02
2.074402e-03, 8.634690e+02
2.083530e-03, 8.671416e+02
2.092658e-03, 8.708142e+02
2.101786e-03, 8.744868e+02
2.110914e-03, 8.781593e+02
2.120042e-03, 8.818319e+02
2.129171e-03, 8.855044e+02
2.138299e-03, 8.891769e+02
2.147428e-03, 8.928494e+02
2.156557e-03, 8.965219e+02
2.165686e-03, 9.001943e+02
2.174816e-03, 9.038668e+02
2.183945e-03, 9.075392e+02
2.193075e-03, 9.112117e+02
2.202204e-03, 9.148841e+02
2.211334e-03, 9.185565e+02
2.220464e-03, 9.222288e+02
2.229594e-03, 9.259012e+02
2.238725e-03, 9.295735e+02
2.247855e-03, 9.332459e+02
2.256985e-03, 9.369182e+02
2.266116e-03, 9.405905e+02
2.275247e-03, 9.442628e+02
2.284377e-03, 9.479351e+02
2.293508e-03, 9.516074e+02
2.302639e-03, 9.552796e+02
2.311771e-03, 9.589519e+02
2.320902e-03, 9.626241e+02
2.330033e-03, 9.662963e+02
2.339165e-03, 9.699685e+02
2.348297e-03, 9.736407e+02
2.357428e-03, 9.773129e+02
2.366560e-03, 9.809851e+02
2.375692e-03, 9.846573e+02
2.384824e-03, 9.883294e+02
2.393956e-03, 9.920016e+02
2.403089e-03, 9.956737e+02
2.412221e-03, 9.993458e+02
2.421353e-03, 1.003018e+03
2.430486e-03, 1.006690e+03
2.439619e-03, 1.010362e+03
2.448762e-03, 1.014033e+03
2.457989e-03, 1.017690e+03
2.467297e-03, 1.021335e+03
2.476662e-03, 1.024972e+03
2.486091e-03, 1.028599e+03
2.495578e-03, 1.032217e+03
2.505102e-03, 1.035830e+03
2.514651e-03, 1.039439e+03
2.524217e-03, 1.043045e+03
2.533794e-03, 1.046650e+03
2.543378e-03, 1.050253e+03
2.552967e-03, 1.053856e+03
2.562560e-03, 1.057458e+03
2.572156e-03, 1.061060e+03
2.581753e-03, 1.064662e+03
2.591351e-03, 1.068263e+03
2.600951e-03, 1.071864e+03
2.610552e-03, 1.075465e+03
2.620153e-03, 1.079066e+03
2.629755e-03, 1.082667e+03
2.639358e-03, 1.086268e+03
2.648962e-03, 1.089868e+03
2.658566e-03, 1.093469e+03
2.668171e-03, 1.097069e+03
2.677777e-03, 1.100669e+03
2.687383e-03, 1.104269e+03
2.696990e-03, 1.107870e+03
2.706597e-03, 1.111470e+03
2.716205e-03, 1.115069e+03
2.725813e-03, 1.118669e+03
2.735422e-03, 1.122269e+03
2.745032e-03, 1.125869e+03
2.754642e-03, 1.129468e+03
2.764252e-03, 1.133068e+03
2.773863e-03, 1.136667e+03
2.783474e-03, 1.140266e+03
2.793086e-03, 1.143865e+03
2.802699e-03, 1.147465e+03
2.812312e-03, 1.151064e+03
2.821925e-03, 1.154663e+03
2.831539e-03, 1.158262e+03
2.841153e-03, 1.161860e+03
2.850768e-03, 1.165459e+03
2.860383e-03, 1.169058e+03
2.869999e-03, 1.172657e+03
2.879615e-03, 1.176255e+03
2.889231e-03, 1.179854e+03
2.898848e-03, 1.183452e+03
2.908465e-03, 1.187050e+03
2.918083e-03, 1.190649e+03
2.927701e-03, 1.194247e+03
2.937320e-03, 1.197845e+03
2.946960e-03, 1.201440e+03
2.956625e-03, 1.205031e+03
2.966306e-03, 1.208620e+03
2.976007e-03, 1.212205e+03
2.985746e-03, 1.215785e+03
2.995510e-03, 1.219361e+03
3.005294e-03, 1.222934e+03
3.015097e-03, 1.226504e+03
3.024910e-03, 1.230073e+03
3.034728e-03, 1.233641e+03
3.044548e-03, 1.237209e+03
3.054379e-03, 1.240775e+03
3.064220e-03, 1.244340e+03
3.074066e-03, 1.247904e+03
3.083914e-03, 1.251468e+03
3.093763e-03, 1.255032e+03
3.103613e-03, 1.258595e+03
3.113463e-03, 1.262159e+03
3.123314e-03, 1.265722e+03
3.133165e-03, 1.269286e+03
3.143015e-03, 1.272849e+03
3.152879e-03, 1.276411e+03
3.162792e-03, 1.279965e+03
3.172772e-03, 1.283509e+03
3.182797e-03, 1.287047e+03
3.192854e-03, 1.290579e+03
3.202932e-03, 1.294109e+03
3.213024e-03, 1.297637e+03
3.223125e-03, 1.301163e+03
3.233232e-03, 1.304688e+03
3.243344e-03, 1.308212e+03
3.253460e-03, 1.311736e+03
3.263577e-03, 1.315260e+03
3.273697e-03, 1.318783e+03
3.283820e-03, 1.322306e+03
3.293953e-03, 1.325827e+03
3.304092e-03, 1.329348e+03
3.314241e-03, 1.332867e+03
3.324398e-03, 1.336385e+03
3.334561e-03, 1.339902e+03
3.344726e-03, 1.343419e+03
3.354892e-03, 1.346935e+03
3.365060e-03, 1.350452e+03
3.375228e-03, 1.353968e+03
3.385397e-03, 1.357484e+03
3.395567e-03, 1.361000e+03
3.405738e-03, 1.364516e+03
3.415909e-03, 1.368032e+03
3.426080e-03, 1.371548e+03
3.436253e-03, 1.375063e+03
3.446425e-03, 1.378579e+03
3.456599e-03, 1.382094e+03
3.466773e-03, 1.385610e+03
3.476948e-03, 1.389125e+03
3.487124e-03, 1.392640e+03
3.497300e-03, 1.396155e+03
3.507476e-03, 1.399670e+03
3.517661e-03, 1.403183e+03
3.527877e-03, 1.406692e+03
3.538136e-03, 1.410195e+03
3.548425e-03, 1.413693e+03
3.558735e-03, 1.417187e+03
3.569076e-03, 1.420677e+03
3.579439e-03, 1.424164e+03
3.589818e-03, 1.427648e+03
3.600207e-03, 1.431131e+03
3.610602e-03, 1.434613e+03
3.621002e-03, 1.438094e+03
3.631405e-03, 1.441575e+03
3.641810e-03, 1.445055e+03
3.652216e-03, 1.448536e+03
3.662624e-03, 1.452016e+03
3.673032e-03, 1.455496e+03
3.683440e-03, 1.458975e+03
3.693849e-03, 1.462455e+03
3.704261e-03, 1.465934e+03
3.714677e-03, 1.469413e+03
3.725092e-03, 1.472892e+03
3.735509e-03, 1.476370e+03
3.745938e-03, 1.479847e+03
3.756403e-03, 1.483318e+03
3.766899e-03, 1.486785e+03
3.777428e-03, 1.490247e+03
3.787996e-03, 1.493703e+03
3.798591e-03, 1.497155e+03
3.809203e-03, 1.500605e+03
3.819828e-03, 1.504052e+03
3.830461e-03, 1.507498e+03
3.841099e-03, 1.510944e+03
3.851740e-03, 1.514389e+03
3.862385e-03, 1.517833e+03
3.873031e-03, 1.521277e+03
3.883678e-03, 1.524721e+03
3.894327e-03, 1.528165e+03
3.904977e-03, 1.531608e+03
3.915628e-03, 1.535051e+03
3.926280e-03, 1.538494e+03
3.936933e-03, 1.541937e+03
3.947586e-03, 1.545380e+03
3.958240e-03, 1.548822e+03
3.968895e-03, 1.552264e+03
3.979551e-03, 1.555707e+03
3.990207e-03, 1.559149e+03
4.000873e-03, 1.562589e+03
4.011549e-03, 1.566029e+03
4.022231e-03, 1.569467e+03
4.032932e-03, 1.572902e+03
4.043651e-03, 1.576335e+03
4.054381e-03, 1.579766e+03
4.065121e-03, 1.583195e+03
4.075866e-03, 1.586624e+03
4.086631e-03, 1.590049e+03
4.097416e-03, 1.593471e+03
4.108216e-03, 1.596892e+03
4.119026e-03, 1.600310e+03
4.129850e-03, 1.603726e+03
4.140695e-03, 1.607140e+03
4.151561e-03, 1.610550e+03
4.162439e-03, 1.613958e+03
4.173325e-03, 1.617365e+03
4.184216e-03, 1.620771e+03
4.195110e-03, 1.624177e+03
4.206006e-03, 1.627582e+03
4.216904e-03, 1.630987e+03
4.227817e-03, 1.634390e+03
4.238742e-03, 1.637791e+03
4.249674e-03, 1.641191e+03
4.260612e-03, 1.644590e+03
4.271564e-03, 1.647987e+03
4.282531e-03, 1.651381e+03
4.293509e-03, 1.654774e+03
4.304507e-03, 1.658164e+03
4.315526e-03, 1.661551e+03
4.326565e-03, 1.664935e+03
4.337634e-03, 1.668314e+03
4.348728e-03, 1.671689e+03
4.359839e-03, 1.675062e+03
4.370963e-03, 1.678433e+03
4.382095e-03, 1.681803e+03
4.393232e-03, 1.685171e+03
4.404377e-03, 1.688539e+03
4.415530e-03, 1.691905e+03
4.426699e-03, 1.695269e+03
4.437881e-03, 1.698630e+03
4.449074e-03, 1.701990e+03
4.460273e-03, 1.705350e+03
4.471477e-03, 1.708708e+03
4.482685e-03, 1.712065e+03
4.493896e-03, 1.715422e+03
4.505109e-03, 1.718779e+03
4.516323e-03, 1.722136e+03
4.527539e-03, 1.725492e+03
4.538756e-03, 1.728848e+03
4.549985e-03, 1.732202e+03
4.561222e-03, 1.735555e+03
4.572464e-03, 1.738907e+03
4.583708e-03, 1.742258e+03
4.594955e-03, 1.745610e+03
4.606204e-03, 1.748961e+03
4.617467e-03, 1.752309e+03
4.628761e-03, 1.755653e+03
4.640084e-03, 1.758992e+03
4.651430e-03, 1.762328e+03
4.662791e-03, 1.765662e+03
4.674163e-03, 1.768993e+03
4.685543e-03, 1.772323e+03
4.696928e-03, 1.775653e+03
4.708325e-03, 1.778980e+03
4.719737e-03, 1.782305e+03
4.731162e-03, 1.785629e+03
4.742596e-03, 1.788950e+03
4.754035e-03, 1.792271e+03
4.765479e-03, 1.795591e+03
4.776926e-03, 1.798911e+03
4.788374e-03, 1.802231e+03
4.799824e-03, 1.805550e+03
4.811275e-03, 1.808869e+03
4.822727e-03, 1.812187e+03
4.834183e-03, 1.815505e+03
4.845653e-03, 1.818821e+03
4.857143e-03, 1.822134e+03
4.868658e-03, 1.825443e+03
4.880195e-03, 1.828748e+03
4.891747e-03, 1.832051e+03
4.903319e-03, 1.835351e+03
4.914912e-03, 1.838648e+03
4.926519e-03, 1.841942e+03
4.938138e-03, 1.845234e+03
4.949765e-03, 1.848526e+03
4.961403e-03, 1.851815e+03
4.973051e-03, 1.855103e+03
4.984705e-03, 1.858389e+03
4.996362e-03, 1.861676e+03
5.008021e-03, 1.864961e+03
5.019683e-03, 1.868247e+03
5.031346e-03, 1.871531e+03
5.043021e-03, 1.874815e+03
5.054705e-03, 1.878096e+03
5.066395e-03, 1.881377e+03
5.078089e-03, 1.884657e+03
5.089787e-03, 1.887936e+03
5.101487e-03, 1.891215e+03
5.113188e-03, 1.894493e+03
5.124891e-03, 1.897772e+03
5.136596e-03, 1.901050e+03
5.148306e-03, 1.904327e+03
5.160033e-03, 1.907601e+03
5.171775e-03, 1.910873e+03
5.183530e-03, 1.914143e+03
5.195315e-03, 1.917408e+03
5.207131e-03, 1.920668e+03
5.218969e-03, 1.923925e+03
5.230841e-03, 1.927176e+03
5.242745e-03, 1.930423e+03
5.254675e-03, 1.933665e+03
5.266623e-03, 1.936905e+03
5.278584e-03, 1.940143e+03
5.290564e-03, 1.943378e+03
5.302561e-03, 1.946610e+03
5.314567e-03, 1.949840e+03
5.326581e-03, 1.953070e+03
5.338598e-03, 1.956299e+03
5.350619e-03, 1.959528e+03
5.362641e-03, 1.962756e+03
5.374665e-03, 1.965983e+03
5.386691e-03, 1.969211e+03
5.398717e-03, 1.972438e+03
5.410745e-03, 1.975665e+03
5.422773e-03, 1.978892e+03
5.434803e-03, 1.982118e+03
5.446845e-03, 1.985343e+03
5.458913e-03, 1.988563e+03
5.471007e-03, 1.991779e+03
5.483125e-03, 1.994992e+03
5.495271e-03, 1.998199e+03
5.507439e-03, 2.001403e+03
5.519624e-03, 2.004604e+03
5.531822e-03, 2.007804e+03
5.544038e-03, 2.011000e+03
5.556269e-03, 2.014194e+03
5.568511e-03, 2.017386e+03
5.580760e-03, 2.020577e+03
5.593015e-03, 2.023766e+03
5.605274e-03, 2.026955e+03
5.617536e-03, 2.030144e+03
5.629800e-03, 2.033332e+03
5.642066e-03, 2.036519e+03
5.654334e-03, 2.039706e+03
5.666604e-03, 2.042893e+03
5.678875e-03, 2.046080e+03
5.691154e-03, 2.049265e+03
5.703437e-03, 2.052449e+03
5.715725e-03, 2.055633e+03
5.728019e-03, 2.058816e+03
5.740317e-03, 2.061998e+03
5.752624e-03, 2.065178e+03
5.764946e-03, 2.068356e+03
5.777283e-03, 2.071532e+03
5.789661e-03, 2.074701e+03
5.802077e-03, 2.077864e+03
5.814518e-03, 2.081023e+03
5.826978e-03, 2.084179e+03
5.839450e-03, 2.087333e+03
5.851931e-03, 2.090485e+03
5.864419e-03, 2.093637e+03
5.876911e-03, 2.096787e+03
5.889407e-03, 2.099937e+03
5.901905e-03, 2.103086e+03
5.914405e-03, 2.106235e+03
5.926911e-03, 2.109383e+03
5.939423e-03, 2.112530e+03
5.951940e-03, 2.115676e+03
5.964461e-03, 2.118821e+03
5.976985e-03, 2.121966e+03
5.989515e-03, 2.125110e+03
6.002054e-03, 2.128252e+03
6.014601e-03, 2.131393e+03
6.027179e-03, 2.134529e+03
6.039796e-03, 2.137659e+03
6.052447e-03, 2.140783e+03
6.065128e-03, 2.143903e+03
6.077837e-03, 2.147018e+03
6.090571e-03, 2.150129e+03
6.103322e-03, 2.153238e+03
6.116084e-03, 2.156345e+03
6.128854e-03, 2.159450e+03
6.141630e-03, 2.162555e+03
6.154409e-03, 2.165659e+03
6.167192e-03, 2.168762e+03
6.179977e-03, 2.171865e+03
6.192764e-03, 2.174968e+03
6.205559e-03, 2.178069e+03
6.218364e-03, 2.181169e+03
6.231183e-03, 2.184266e+03
6.244017e-03, 2.187361e+03
6.256861e-03, 2.190454e+03
6.269712e-03, 2.193547e+03
6.282566e-03, 2.196638e+03
6.295424e-03, 2.199729e+03
6.308283e-03, 2.202820e+03
6.321157e-03, 2.205908e+03
6.334055e-03, 2.208993e+03
6.346983e-03, 2.212072e+03
6.359945e-03, 2.215146e+03
6.372934e-03, 2.218215e+03
6.385951e-03, 2.221280e+03
6.398987e-03, 2.224342e+03
6.412037e-03, 2.227402e+03
6.425097e-03, 2.230460e+03
6.438163e-03, 2.233517e+03
6.451234e-03, 2.236572e+03
6.464310e-03, 2.239628e+03
6.477388e-03, 2.242682e+03
6.490468e-03, 2.245736e+03
6.503561e-03, 2.248788e+03
6.516666e-03, 2.251838e+03
6.529779e-03, 2.254887e+03
6.542900e-03, 2.257934e+03
6.556026e-03, 2.260980e+03
6.569162e-03, 2.264025e+03
6.582314e-03, 2.267067e+03
6.595488e-03, 2.270105e+03
6.608688e-03, 2.273139e+03
6.621912e-03, 2.276168e+03
6.635153e-03, 2.279195e+03
6.648409e-03, 2.282220e+03
6.661674e-03, 2.285243e+03
6.674947e-03, 2.288264e+03
6.688233e-03, 2.291283e+03
6.701535e-03, 2.294300e+03
6.714855e-03, 2.297313e+03
6.728195e-03, 2.300323e+03
6.741549e-03, 2.303331e+03
6.754913e-03, 2.306337e+03
6.768286e-03, 2.309341e+03
6.781665e-03, 2.312345e+03
6.795049e-03, 2.315348e+03
6.808436e-03, 2.318350e+03
6.821826e-03, 2.321351e+03
6.835220e-03, 2.324352e+03
6.848623e-03, 2.327351e+03
6.862046e-03, 2.330346e+03
6.875489e-03, 2.333339e+03
6.888945e-03, 2.336329e+03
6.902417e-03, 2.339317e+03
6.915905e-03, 2.342302e+03
6.929415e-03, 2.345283e+03
6.942948e-03, 2.348260e+03
6.956500e-03, 2.351234e+03
6.970068e-03, 2.354206e+03
6.983647e-03, 2.357175e+03
6.997234e-03, 2.360143e+03
7.010828e-03, 2.363110e+03
7.024428e-03, 2.366075e+03
7.038037e-03, 2.369039e+03
7.051655e-03, 2.372001e+03
7.065280e-03, 2.374963e+03
7.078908e-03, 2.377923e+03
7.092545e-03, 2.380882e+03
7.106191e-03, 2.383839e+03
7.119859e-03, 2.386793e+03
7.133548e-03, 2.389743e+03
7.147255e-03, 2.392690e+03
7.160986e-03, 2.395633e+03
7.174746e-03, 2.398571e+03
7.188532e-03, 2.401504e+03
7.202344e-03, 2.404434e+03
7.216177e-03, 2.407360e+03
7.230033e-03, 2.410281e+03
7.243911e-03, 2.413200e+03
7.257807e-03, 2.416115e+03
7.271717e-03, 2.419028e+03
7.285638e-03, 2.421939e+03
7.299568e-03, 2.424848e+03
7.313506e-03, 2.427756e+03
7.327450e-03, 2.430663e+03
7.341400e-03, 2.433568e+03
7.355355e-03, 2.436473e+03
7.369316e-03, 2.439376e+03
7.383281e-03, 2.442279e+03
7.397256e-03, 2.445180e+03
7.411255e-03, 2.448076e+03
7.425281e-03, 2.450969e+03
7.439328e-03, 2.453857e+03
7.453393e-03, 2.456743e+03
7.467474e-03, 2.459626e+03
7.481577e-03, 2.462505e+03
7.495707e-03, 2.465380e+03
7.509861e-03, 2.468250e+03
7.524037e-03, 2.471117e+03
7.538238e-03, 2.473979e+03
7.552461e-03, 2.476838e+03
7.566699e-03, 2.479695e+03
7.580950e-03, 2.482549e+03
7.595217e-03, 2.485400e+03
7.609499e-03, 2.488249e+03
7.623792e-03, 2.491096e+03
7.638097e-03, 2.493940e+03
7.652418e-03, 2.496782e+03
7.666752e-03, 2.499622e+03
7.681098e-03, 2.502460e+03
7.695453e-03, 2.505296e+03
7.709816e-03, 2.508130e+03
7.724184e-03, 2.510964e+03
7.738558e-03, 2.513796e+03
7.752946e-03, 2.516626e+03
7.767347e-03, 2.519454e+03
7.781764e-03, 2.522279e+03
7.796197e-03, 2.525100e+03
7.810659e-03, 2.527917e+03
7.825146e-03, 2.530730e+03
7.839652e-03, 2.533539e+03
7.854174e-03, 2.536346e+03
7.868707e-03, 2.539150e+03
7.883250e-03, 2.541953e+03
7.897805e-03, 2.544753e+03
7.912371e-03, 2.547552e+03
7.926945e-03, 2.550349e+03
7.941529e-03, 2.553144e+03
7.956133e-03, 2.555936e+03
7.970754e-03, 2.558725e+03
7.985391e-03, 2.561511e+03
8.000041e-03, 2.564294e+03
8.014701e-03, 2.567076e+03
8.029369e-03, 2.569857e+03
8.044043e-03, 2.572636e+03
8.058728e-03, 2.575413e+03
8.073431e-03, 2.578188e+03
8.088151e-03, 2.580959e+03
8.102890e-03, 2.583727e+03
8.117652e-03, 2.586490e+03
8.132438e-03, 2.589250e+03
8.147244e-03, 2.592006e+03
8.162064e-03, 2.594760e+03
8.176897e-03, 2.597512e+03
8.191738e-03, 2.600262e+03
8.206587e-03, 2.603011e+03
8.221450e-03, 2.605757e+03
8.236332e-03, 2.608500e+03
8.251229e-03, 2.611240e+03
8.266139e-03, 2.613978e+03
8.281061e-03, 2.616713e+03
8.295999e-03, 2.619446e+03
8.310953e-03, 2.622177e+03
8.325924e-03, 2.624904e+03
8.340913e-03, 2.627628e+03
8.355937e-03, 2.630346e+03
8.370995e-03, 2.633059e+03
8.386080e-03, 2.635766e+03
8.401186e-03, 2.638470e+03
8.416311e-03, 2.641171e+03
8.431449e-03, 2.643870e+03
8.446601e-03, 2.646566e+03
8.461762e-03, 2.649260e+03
8.476932e-03, 2.651953e+03
8.492111e-03, 2.654644e+03
8.507300e-03, 2.657334e+03
8.522496e-03, 2.660022e+03
8.537702e-03, 2.662708e+03
8.552921e-03, 2.665393e+03
8.568150e-03, 2.668075e+03
8.583388e-03, 2.670755e+03
8.598635e-03, 2.673434e+03
8.613891e-03, 2.676112e+03
8.629159e-03, 2.678787e+03
8.644450e-03, 2.681458e+03
8.659761e-03, 2.684126e+03
8.675096e-03, 2.686790e+03
8.690453e-03, 2.689450e+03
8.705834e-03, 2.692105e+03
8.721241e-03, 2.694756e+03
8.736671e-03, 2.697403e+03
8.752122e-03, 2.700047e+03
8.767595e-03, 2.702686e+03
8.783086e-03, 2.705323e+03
8.798592e-03, 2.707957e+03
8.814110e-03, 2.710588e+03
8.829642e-03, 2.713217e+03
8.845190e-03, 2.715844e+03
8.860753e-03, 2.718467e+03
8.876329e-03, 2.721089e+03
8.891916e-03, 2.723708e+03
8.907514e-03, 2.726325e+03
8.923125e-03, 2.728940e+03
8.938750e-03, 2.731553e+03
8.954390e-03, 2.734163e+03
8.970052e-03, 2.736769e+03
8.985734e-03, 2.739372e+03
9.001434e-03, 2.741971e+03
9.017155e-03, 2.744567e+03
9.032891e-03, 2.747160e+03
9.048644e-03, 2.749750e+03
9.064417e-03, 2.752337e+03
9.080208e-03, 2.754920e+03
9.096016e-03, 2.757500e+03
9.111840e-03, 2.760077e+03
9.127677e-03, 2.762652e+03
9.143525e-03, 2.765225e+03
9.159390e-03, 2.767795e+03
9.175253e-03, 2.770353e+03
9.191106e-03, 2.772899e+03
9.206957e-03, 2.775440e+03
9.222805e-03, 2.777977e+03
9.238624e-03, 2.780498e+03
9.254431e-03, 2.783013e+03
9.270233e-03, 2.785526e+03
9.286033e-03, 2.788037e+03
9.301842e-03, 2.790545e+03
9.317662e-03, 2.793052e+03
9.333496e-03, 2.795556e+03
9.349342e-03, 2.798057e+03
9.365202e-03, 2.800556e+03
9.381082e-03, 2.803052e+03
9.396984e-03, 2.805544e+03
9.412903e-03, 2.808033e+03
9.428837e-03, 2.810519e+03
9.444787e-03, 2.813002e+03
9.460759e-03, 2.815482e+03
9.476750e-03, 2.817958e+03
9.492762e-03, 2.820431e+03
9.508791e-03, 2.822900e+03
9.524834e-03, 2.825368e+03
9.540888e-03, 2.827833e+03
9.556958e-03, 2.830295e+03
9.573042e-03, 2.832755e+03
9.589137e-03, 2.835213e+03
9.605241e-03, 2.837669e+03
9.621363e-03, 2.840122e+03
9.637510e-03, 2.842571e+03
9.653677e-03, 2.845016e+03
9.669860e-03, 2.847458e+03
9.686057e-03, 2.849898e+03
9.702265e-03, 2.852335e+03
9.718491e-03, 2.854770e+03
9.734737e-03, 2.857200e+03
9.751006e-03, 2.859627e+03
9.767299e-03, 2.862050e+03
9.783611e-03, 2.864470e+03
9.799938e-03, 2.866887e+03
9.816278e-03, 2.869302e+03
9.832636e-03, 2.871714e+03
9.849016e-03, 2.874122e+03
9.865414e-03, 2.876526e+03
9.881828e-03, 2.878929e+03
9.898253e-03, 2.881329e+03
9.914689e-03, 2.883727e+03
9.931136e-03, 2.886123e+03
9.947601e-03, 2.888516e+03
9.964079e-03, 2.890906e+03
9.980577e-03, 2.893294e+03
9.997100e-03, 2.895676e+03
1.001365e-02, 2.898055e+03
1.003021e-02, 2.900430e+03
1.004681e-02, 2.902800e+03
1.006342e-02, 2.905168e+03
1.008004e-02, 2.907532e+03
1.009669e-02, 2.909893e+03
1.011336e-02, 2.912250e+03
1.013005e-02, 2.914603e+03
1.014676e-02, 2.916953e+03
1.016348e-02, 2.919300e+03
1.018022e-02, 2.921646e+03
1.019696e-02, 2.923989e+03
1.021371e-02, 2.926331e+03
1.023047e-02, 2.928671e+03
1.024724e-02, 2.931010e+03
1.026401e-02, 2.933347e+03
1.028081e-02, 2.935681e+03
1.029761e-02, 2.938013e+03
1.031444e-02, 2.940341e+03
1.033128e-02, 2.942666e+03
1.034814e-02, 2.944988e+03
1.036501e-02, 2.947308e+03
1.038190e-02, 2.949626e+03
1.039880e-02, 2.951939e+03
1.041573e-02, 2.954249e+03
1.043268e-02, 2.956554e+03
1.044965e-02, 2.958857e+03
1.046663e-02, 2.961157e+03
1.048363e-02, 2.963454e+03
1.050066e-02, 2.965746e+03
1.051771e-02, 2.968035e+03
1.053477e-02, 2.970320e+03
1.055186e-02, 2.972602e+03
1.056895e-02, 2.974881e+03
1.058607e-02, 2.977157e+03
1.060320e-02, 2.979431e+03
1.062034e-02, 2.981702e+03
1.063749e-02, 2.983972e+03
1.065465e-02, 2.986240e+03
1.067183e-02, 2.988505e+03
1.068902e-02, 2.990767e+03
1.070622e-02, 2.993026e+03
1.072344e-02, 2.995284e+03
1.074067e-02, 2.997539e+03
1.075792e-02, 2.999790e+03
1.077519e-02, 3.002038e+03
1.079248e-02, 3.004283e+03
1.080979e-02, 3.006523e+03
1.082713e-02, 3.008760e+03
1.084449e-02, 3.010992e+03
1.086187e-02, 3.013221e+03
1.087927e-02, 3.015446e+03
1.089668e-02, 3.017668e+03
1.091411e-02, 3.019888e+03
1.093156e-02, 3.022105e+03
1.094903e-02, 3.024318e+03
1.096651e-02, 3.026528e+03
1.098402e-02, 3.028735e+03
1.100154e-02, 3.030938e+03
1.101908e-02, 3.033138e+03
1.103665e-02, 3.035334e+03
1.105425e-02, 3.037525e+03
1.107187e-02, 3.039711e+03
1.108951e-02, 3.041893e+03
1.110718e-02, 3.044072e+03
1.112486e-02, 3.046247e+03
1.114256e-02, 3.048420e+03
1.116027e-02, 3.050591e+03
1.117800e-02, 3.052758e+03
1.119576e-02, 3.054921e+03
1.121353e-02, 3.057080e+03
1.123132e-02, 3.059237e+03
1.124913e-02, 3.061390e+03
1.126695e-02, 3.063542e+03
1.128479e-02, 3.065689e+03
1.130265e-02, 3.067833e+03
1.132053e-02, 3.069974e+03
1.133842e-02, 3.072112e+03
1.135632e-02, 3.074247e+03
1.137424e-02, 3.076381e+03
1.139217e-02, 3.078512e+03
1.141012e-02, 3.080640e+03
1.142808e-02, 3.082765e+03
1.144606e-02, 3.084888e+03
1.146406e-02, 3.087006e+03
1.148209e-02, 3.089120e+03
1.150014e-02, 3.091229e+03
1.151821e-02, 3.093335e+03
1.153630e-02, 3.095437e+03
1.155442e-02, 3.097535e+03
1.157255e-02, 3.099629e+03
1.159071e-02, 3.101719e+03
1.160889e-02, 3.103805e+03
1.162709e-02, 3.105888e+03
1.164530e-02, 3.107969e+03
1.166353e-02, 3.110047e+03
1.168176e-02, 3.112123e+03
1.170001e-02, 3.114198e+03
1.171826e-02, 3.116271e+03
1.173651e-02, 3.118342e+03
1.175478e-02, 3.120412e+03
1.177306e-02, 3.122479e+03
1.179137e-02, 3.124542e+03
1.180970e-02, 3.126601e+03
1.182806e-02, 3.128653e+03
1.184645e-02, 3.130700e+03
1.186488e-02, 3.132741e+03
1.188333e-02, 3.134777e+03
1.190181e-02, 3.136810e+03
1.192031e-02, 3.138838e+03
1.193882e-02, 3.140863e+03
1.195736e-02, 3.142885e+03
1.197590e-02, 3.144904e+03
1.199446e-02, 3.146921e+03
1.201304e-02, 3.148935e+03
1.203162e-02, 3.150948e+03
1.205022e-02, 3.152958e+03
1.206883e-02, 3.154965e+03
1.208746e-02, 3.156969e+03
1.210610e-02, 3.158970e+03
1.212476e-02, 3.160969e+03
1.214344e-02, 3.162965e+03
1.216214e-02, 3.164956e+03
1.218086e-02, 3.166943e+03
1.219960e-02, 3.168928e+03
1.221835e-02, 3.170910e+03
1.223713e-02, 3.172887e+03
1.225594e-02, 3.174860e+03
1.227477e-02, 3.176828e+03
1.229363e-02, 3.178791e+03
1.231251e-02, 3.180749e+03
1.233142e-02, 3.182704e+03
1.235034e-02, 3.184655e+03
1.236928e-02, 3.186603e+03
1.238824e-02, 3.188549e+03
1.240721e-02, 3.190491e+03
1.242620e-02, 3.192432e+03
1.244519e-02, 3.194370e+03
1.246420e-02, 3.196306e+03
1.248323e-02, 3.198238e+03
1.250228e-02, 3.200166e+03
1.252136e-02, 3.202089e+03
1.254047e-02, 3.204006e+03
1.255962e-02, 3.205918e+03
1.257879e-02, 3.207824e+03
1.259798e-02, 3.209727e+03
1.261719e-02, 3.211626e+03
1.263643e-02, 3.213521e+03
1.265568e-02, 3.215414e+03
1.267494e-02, 3.217304e+03
1.269423e-02, 3.219189e+03
1.271354e-02, 3.221071e+03
1.273287e-02, 3.222950e+03
1.275221e-02, 3.224825e+03
1.277156e-02, 3.226699e+03
1.279093e-02, 3.228570e+03
1.281031e-02, 3.230439e+03
1.282969e-02, 3.232307e+03
1.284909e-02, 3.234173e+03
1.286850e-02, 3.236035e+03
1.288793e-02, 3.237893e+03
1.290738e-02, 3.239749e+03
1.292685e-02, 3.241602e+03
1.294633e-02, 3.243452e+03
1.296583e-02, 3.245298e+03
1.298535e-02, 3.247141e+03
1.300489e-02, 3.248980e+03
1.302445e-02, 3.250815e+03
1.304403e-02, 3.252646e+03
1.306364e-02, 3.254472e+03
1.308328e-02, 3.256293e+03
1.310294e-02, 3.258110e+03
1.312263e-02, 3.259922e+03
1.314235e-02, 3.261729e+03
1.316209e-02, 3.263531e+03
1.318185e-02, 3.265330e+03
1.320164e-02, 3.267124e+03
1.322145e-02, 3.268915e+03
1.324128e-02, 3.270703e+03
1.326112e-02, 3.272487e+03
1.328098e-02, 3.274268e+03
1.330087e-02, 3.276045e+03
1.332078e-02, 3.277817e+03
1.334072e-02, 3.279584e+03
1.336068e-02, 3.281347e+03
1.338067e-02, 3.283105e+03
1.340068e-02, 3.284858e+03
1.342071e-02, 3.286608e+03
1.344077e-02, 3.288354e+03
1.346084e-02, 3.290097e+03
1.348092e-02, 3.291837e+03
1.350103e-02, 3.293574e+03
1.352114e-02, 3.295308e+03
1.354127e-02, 3.297039e+03
1.356142e-02, 3.298769e+03
1.358157e-02, 3.300496e+03
1.360173e-02, 3.302221e+03
1.362191e-02, 3.303944e+03
1.364212e-02, 3.305662e+03
1.366234e-02, 3.307376e+03
1.368259e-02, 3.309086e+03
1.370286e-02, 3.310792e+03
1.372315e-02, 3.312494e+03
1.374346e-02, 3.314193e+03
1.376379e-02, 3.315888e+03
1.378415e-02, 3.317579e+03
1.380452e-02, 3.319267e+03
1.382491e-02, 3.320951e+03
1.384533e-02, 3.322630e+03
1.386578e-02, 3.324304e+03
1.388625e-02, 3.325973e+03
1.390675e-02, 3.327638e+03
1.392728e-02, 3.329298e+03
1.394783e-02, 3.330954e+03
1.396840e-02, 3.332605e+03
1.398900e-02, 3.334252e+03
1.400963e-02, 3.335894e+03
1.403027e-02, 3.337532e+03
1.405095e-02, 3.339166e+03
1.407165e-02, 3.340794e+03
1.409238e-02, 3.342418e+03
1.411313e-02, 3.344037e+03
1.413391e-02, 3.345652e+03
1.415470e-02, 3.347263e+03
1.417552e-02, 3.348871e+03
1.419636e-02, 3.350475e+03
1.421722e-02, 3.352075e+03
1.423810e-02, 3.353670e+03
1.425900e-02, 3.355263e+03
1.427992e-02, 3.356852e+03
1.430086e-02, 3.358438e+03
1.432180e-02, 3.360022e+03
1.434276e-02, 3.361603e+03
1.436374e-02, 3.363181e+03
1.438473e-02, 3.364757e+03
1.440573e-02, 3.366331e+03
1.442675e-02, 3.367901e+03
1.444778e-02, 3.369468e+03
1.446884e-02, 3.371031e+03
1.448993e-02, 3.372590e+03
1.451104e-02, 3.374143e+03
1.453218e-02, 3.375691e+03
1.455335e-02, 3.377235e+03
1.457453e-02, 3.378775e+03
1.459573e-02, 3.380312e+03
1.461695e-02, 3.381846e+03
1.463818e-02, 3.383377e+03
1.465941e-02, 3.384898e+03
1.468062e-02, 3.386406e+03
1.470183e-02, 3.387906e+03
1.472305e-02, 3.389399e+03
1.474429e-02, 3.390887e+03
1.476556e-02, 3.392369e+03
1.478684e-02, 3.393846e+03
1.480816e-02, 3.395318e+03
1.482950e-02, 3.396785e+03
1.485086e-02, 3.398248e+03
1.487224e-02, 3.399708e+03
1.489364e-02, 3.401164e+03
1.491500e-02, 3.402606e+03
1.493632e-02, 3.404038e+03
1.495762e-02, 3.405463e+03
1.497890e-02, 3.406885e+03
1.500018e-02, 3.408302e+03
1.502145e-02, 3.409717e+03
1.504273e-02, 3.411128e+03
1.506402e-02, 3.412536e+03
1.508533e-02, 3.413941e+03
1.510665e-02, 3.415344e+03
1.512798e-02, 3.416743e+03
1.514933e-02, 3.418138e+03
1.517071e-02, 3.419530e+03
1.519210e-02, 3.420918e+03
1.521351e-02, 3.422303e+03
1.523495e-02, 3.423684e+03
1.525641e-02, 3.425061e+03
1.527789e-02, 3.426434e+03
1.529939e-02, 3.427804e+03
1.532091e-02, 3.429170e+03
1.534246e-02, 3.430532e+03
1.536404e-02, 3.431889e+03
1.538564e-02, 3.433241e+03
1.540727e-02, 3.434590e+03
1.542892e-02, 3.435934e+03
1.545059e-02, 3.437274e+03
1.547229e-02, 3.438611e+03
1.549400e-02, 3.439944e+03
1.551573e-02, 3.441275e+03
1.553748e-02, 3.442602e+03
1.555926e-02, 3.443924e+03
1.558105e-02, 3.445244e+03
1.560287e-02, 3.446559e+03
1.562470e-02, 3.447871e+03
1.564657e-02, 3.449179e+03
1.566845e-02, 3.450483e+03
1.569037e-02, 3.451781e+03
1.571231e-02, 3.453074e+03
1.573429e-02, 3.454363e+03
1.575629e-02, 3.455646e+03
1.577832e-02, 3.456926e+03
1.580037e-02, 3.458201e+03
1.582244e-02, 3.459473e+03
1.584453e-02, 3.460742e+03
1.586664e-02, 3.462007e+03
1.588878e-02, 3.463269e+03
1.591093e-02, 3.464527e+03
1.593311e-02, 3.465781e+03
1.595530e-02, 3.467033e+03
1.597750e-02, 3.468282e+03
1.599973e-02, 3.469528e+03
1.602197e-02, 3.470771e+03
1.604424e-02, 3.472009e+03
1.606654e-02, 3.473243e+03
1.608885e-02, 3.474473e+03
1.611119e-02, 3.475699e+03
1.613356e-02, 3.476920e+03
1.615595e-02, 3.478137e+03
1.617837e-02, 3.479351e+03
1.620081e-02, 3.480560e+03
1.622326e-02, 3.481766e+03
1.624574e-02, 3.482970e+03
1.626824e-02, 3.484168e+03
1.629077e-02, 3.485362e+03
1.631332e-02, 3.486552e+03
1.633591e-02, 3.487736e+03
1.635852e-02, 3.488916e+03
1.638115e-02, 3.490093e+03
1.640381e-02, 3.491264e+03
1.642650e-02, 3.492430e+03
1.644923e-02, 3.493591e+03
1.647198e-02, 3.494747e+03
1.649476e-02, 3.495899e+03
1.651755e-02, 3.497047e+03
1.654038e-02, 3.498191e+03
1.656323e-02, 3.499331e+03
1.658610e-02, 3.500468e+03
1.660899e-02, 3.501600e+03
1.663191e-02, 3.502728e+03
1.665485e-02, 3.503853e+03
1.667781e-02, 3.504973e+03
1.670081e-02, 3.506087e+03
1.672384e-02, 3.507197e+03
1.674690e-02, 3.508301e+03
1.676998e-02, 3.509402e+03
1.679309e-02, 3.510498e+03
1.681622e-02, 3.511591e+03
1.683936e-02, 3.512681e+03
1.686252e-02, 3.513769e+03
1.688570e-02, 3.514853e+03
1.690890e-02, 3.515933e+03
1.693213e-02, 3.517008e+03
1.695540e-02, 3.518078e+03
1.697870e-02, 3.519142e+03
1.700204e-02, 3.520199e+03
1.702541e-02, 3.521250e+03
1.704882e-02, 3.522296e+03
1.707226e-02, 3.523336e+03
1.709573e-02, 3.524373e+03
1.711921e-02, 3.525406e+03
1.714272e-02, 3.526436e+03
1.716624e-02, 3.527462e+03
1.718979e-02, 3.528486e+03
1.721336e-02, 3.529504e+03
1.723695e-02, 3.530519e+03
1.726057e-02, 3.531529e+03
1.728422e-02, 3.532534e+03
1.730790e-02, 3.533535e+03
1.733160e-02, 3.534531e+03
1.735533e-02, 3.535523e+03
1.737907e-02, 3.536513e+03
1.740284e-02, 3.537499e+03
1.742661e-02, 3.538482e+03
1.745041e-02, 3.539463e+03
1.747423e-02, 3.540439e+03
1.749808e-02, 3.541411e+03
1.752195e-02, 3.542377e+03
1.754586e-02, 3.543339e+03
1.756979e-02, 3.544296e+03
1.759374e-02, 3.545249e+03
1.761772e-02, 3.546199e+03
1.764172e-02, 3.547145e+03
1.766574e-02, 3.548086e+03
1.768979e-02, 3.549024e+03
1.771386e-02, 3.549958e+03
1.773795e-02, 3.550888e+03
1.776207e-02, 3.551812e+03
1.778623e-02, 3.552731e+03
1.781043e-02, 3.553644e+03
1.783466e-02, 3.554550e+03
1.785893e-02, 3.555450e+03
1.788324e-02, 3.556343e+03
1.790759e-02, 3.557232e+03
1.793196e-02, 3.558115e+03
1.795636e-02, 3.558994e+03
1.798078e-02, 3.559869e+03
1.800522e-02, 3.560741e+03
1.802968e-02, 3.561609e+03
1.805415e-02, 3.562475e+03
1.807865e-02, 3.563338e+03
1.810316e-02, 3.564198e+03
1.812769e-02, 3.565055e+03
1.815224e-02, 3.565908e+03
1.817681e-02, 3.566757e+03
1.820140e-02, 3.567602e+03
1.822603e-02, 3.568442e+03
1.825069e-02, 3.569277e+03
1.827538e-02, 3.570106e+03
1.830010e-02, 3.570931e+03
1.832484e-02, 3.571751e+03
1.834960e-02, 3.572567e+03
1.837439e-02, 3.573380e+03
1.839921e-02, 3.574188e+03
1.842405e-02, 3.574991e+03
1.844892e-02, 3.575791e+03
1.847381e-02, 3.576585e+03
1.849873e-02, 3.577376e+03
1.852368e-02, 3.578160e+03
1.854867e-02, 3.578939e+03
1.857369e-02, 3.579713e+03
1.859873e-02, 3.580482e+03
1.862381e-02, 3.581246e+03
1.864891e-02, 3.582006e+03
1.867404e-02, 3.582760e+03
1.869921e-02, 3.583509e+03
1.872441e-02, 3.584253e+03
1.874963e-02, 3.584992e+03
1.877488e-02, 3.585728e+03
1.880016e-02, 3.586458e+03
1.882548e-02, 3.587183e+03
1.885083e-02, 3.587901e+03
1.887623e-02, 3.588613e+03
1.890166e-02, 3.589319e+03
1.892712e-02, 3.590020e+03
1.895261e-02, 3.590715e+03
1.897813e-02, 3.591406e+03
1.900368e-02, 3.592093e+03
1.902925e-02, 3.592776e+03
1.905484e-02, 3.593455e+03
1.908046e-02, 3.594130e+03
1.910610e-02, 3.594801e+03
1.913177e-02, 3.595467e+03
1.915746e-02, 3.596130e+03
1.918319e-02, 3.596787e+03
1.920895e-02, 3.597438e+03
1.923475e-02, 3.598083e+03
1.926058e-02, 3.598722e+03
1.928645e-02, 3.599356e+03
1.931234e-02, 3.599985e+03
1.933827e-02, 3.600608e+03
1.936422e-02, 3.601227e+03
1.939020e-02, 3.601842e+03
1.941621e-02, 3.602451e+03
1.944226e-02, 3.603056e+03
1.946833e-02, 3.603655e+03
1.949442e-02, 3.604250e+03
1.952055e-02, 3.604841e+03
1.954669e-02, 3.605427e+03
1.957287e-02, 3.606009e+03
1.959908e-02, 3.606586e+03
1.962531e-02, 3.607158e+03
1.965158e-02, 3.607724e+03
1.967789e-02, 3.608284e+03
1.970423e-02, 3.608838e+03
1.973060e-02, 3.609387e+03
1.975700e-02, 3.609932e+03
1.978342e-02, 3.610472e+03
1.980987e-02, 3.611008e+03
1.983634e-02, 3.611541e+03
1.986283e-02, 3.612070e+03
1.988934e-02, 3.612597e+03
1.991587e-02, 3.613119e+03
1.994242e-02, 3.613638e+03
1.996900e-02, 3.614152e+03
1.999559e-02, 3.614663e+03
2.002221e-02, 3.615171e+03
2.004886e-02, 3.615674e+03
2.007554e-02, 3.616171e+03
2.010226e-02, 3.616662e+03
2.012900e-02, 3.617148e+03
2.015578e-02, 3.617629e+03
2.018259e-02, 3.618105e+03
2.020942e-02, 3.618576e+03
2.023628e-02, 3.619043e+03
2.026317e-02, 3.619507e+03
2.029007e-02, 3.619966e+03
2.031701e-02, 3.620420e+03
2.034397e-02, 3.620869e+03
2.037097e-02, 3.621313e+03
2.039800e-02, 3.621751e+03
2.042508e-02, 3.622183e+03
2.045219e-02, 3.622607e+03
2.047935e-02, 3.623024e+03
2.050655e-02, 3.623435e+03
2.053379e-02, 3.623840e+03
2.056106e-02, 3.624238e+03
2.058837e-02, 3.624632e+03
2.061570e-02, 3.625020e+03
2.064306e-02, 3.625405e+03
2.067044e-02, 3.625786e+03
2.069785e-02, 3.626163e+03
2.072527e-02, 3.626536e+03
2.075272e-02, 3.626906e+03
2.078019e-02, 3.627272e+03
2.080768e-02, 3.627635e+03
2.083520e-02, 3.627993e+03
2.086275e-02, 3.628346e+03
2.089034e-02, 3.628692e+03
2.091796e-02, 3.629032e+03
2.094563e-02, 3.629366e+03
2.097333e-02, 3.629694e+03
2.100106e-02, 3.630016e+03
2.102883e-02, 3.630333e+03
2.105663e-02, 3.630644e+03
2.108446e-02, 3.630950e+03
2.111233e-02, 3.631251e+03
2.114023e-02, 3.631546e+03
2.116817e-02, 3.631834e+03
2.119616e-02, 3.632114e+03
2.122420e-02, 3.632387e+03
2.125227e-02, 3.632653e+03
2.128038e-02, 3.632914e+03
2.130852e-02, 3.633170e+03
2.133668e-02, 3.633421e+03
2.136487e-02, 3.633669e+03
2.139308e-02, 3.633914e+03
2.142131e-02, 3.634155e+03
2.144955e-02, 3.634393e+03
2.147781e-02, 3.634628e+03
2.150610e-02, 3.634859e+03
2.153441e-02, 3.635086e+03
2.156275e-02, 3.635309e+03
2.159111e-02, 3.635527e+03
2.161950e-02, 3.635741e+03
2.164791e-02, 3.635951e+03
2.167636e-02, 3.636156e+03
2.170483e-02, 3.636357e+03
2.173333e-02, 3.636551e+03
2.176188e-02, 3.636739e+03
2.179046e-02, 3.636920e+03
2.181909e-02, 3.637096e+03
2.184775e-02, 3.637265e+03
2.187644e-02, 3.637429e+03
2.190517e-02, 3.637587e+03
2.193394e-02, 3.637738e+03
2.196275e-02, 3.637883e+03
2.199160e-02, 3.638020e+03
2.202050e-02, 3.638151e+03
2.204943e-02, 3.638276e+03
2.207840e-02, 3.638393e+03
2.210742e-02, 3.638504e+03
2.213646e-02, 3.638608e+03
2.216554e-02, 3.638707e+03
2.219464e-02, 3.638800e+03
2.222377e-02, 3.638890e+03
2.225292e-02, 3.638975e+03
2.228209e-02, 3.639057e+03
2.231129e-02, 3.639134e+03
2.234050e-02, 3.639208e+03
2.236972e-02, 3.639279e+03
2.239897e-02, 3.639346e+03
2.242823e-02, 3.639410e+03
2.245751e-02, 3.639472e+03
2.248680e-02, 3.639531e+03
2.251610e-02, 3.639587e+03
2.254541e-02, 3.639641e+03
2.257474e-02, 3.639692e+03
2.260411e-02, 3.639738e+03
2.263350e-02, 3.639778e+03
2.266293e-02, 3.639812e+03
2.269239e-02, 3.639840e+03
2.272189e-02, 3.639861e+03
2.275144e-02, 3.639875e+03
2.278102e-02, 3.639882e+03
2.281063e-02, 3.639884e+03
2.284028e-02, 3.639880e+03
2.286997e-02, 3.639869e+03
2.289971e-02, 3.639849e+03
2.292950e-02, 3.639820e+03
2.295935e-02, 3.639780e+03
2.298925e-02, 3.639732e+03
2.301920e-02, 3.639676e+03
2.304919e-02, 3.639612e+03
2.307922e-02, 3.639542e+03
2.310927e-02, 3.639465e+03
2.313936e-02, 3.639383e+03
2.316948e-02, 3.639296e+03
2.319962e-02, 3.639205e+03
2.322978e-02, 3.639109e+03
2.325997e-02, 3.639010e+03
2.329016e-02, 3.638908e+03
2.332038e-02, 3.638803e+03
2.335060e-02, 3.638695e+03
2.338086e-02, 3.638583e+03
2.341114e-02, 3.638465e+03
2.344146e-02, 3.638342e+03
2.347180e-02, 3.638214e+03
2.350216e-02, 3.638082e+03
2.353255e-02, 3.637945e+03
2.356295e-02, 3.637806e+03
2.359338e-02, 3.637662e+03
2.362383e-02, 3.637515e+03
2.365430e-02, 3.637362e+03
2.368481e-02, 3.637205e+03
2.371534e-02, 3.637042e+03
2.374591e-02, 3.636874e+03
2.377650e-02, 3.636700e+03
2.380714e-02, 3.636520e+03
2.383781e-02, 3.636333e+03
2.386852e-02, 3.636140e+03
2.389925e-02, 3.635942e+03
2.393001e-02, 3.635740e+03
2.396079e-02, 3.635534e+03
2.399159e-02, 3.635322e+03
2.402243e-02, 3.635106e+03
2.405328e-02, 3.634886e+03
2.408417e-02, 3.634660e+03
2.411509e-02, 3.634428e+03
2.414604e-02, 3.634191e+03
2.417703e-02, 3.633948e+03
2.420805e-02, 3.633698e+03
2.423911e-02, 3.633442e+03
2.427020e-02, 3.633179e+03
2.430134e-02, 3.632910e+03
2.433251e-02, 3.632634e+03
2.436371e-02, 3.632352e+03
2.439495e-02, 3.632063e+03
2.442623e-02, 3.631769e+03
2.445753e-02, 3.631469e+03
2.448886e-02, 3.631164e+03
2.452022e-02, 3.630854e+03
2.455159e-02, 3.630541e+03
2.458298e-02, 3.630225e+03
2.461438e-02, 3.629906e+03
2.464580e-02, 3.629584e+03
2.467722e-02, 3.629261e+03
2.470866e-02, 3.628934e+03
2.474012e-02, 3.628604e+03
2.477160e-02, 3.628271e+03
2.480311e-02, 3.627933e+03
2.483465e-02, 3.627590e+03
2.486621e-02, 3.627242e+03
2.489780e-02, 3.626889e+03
2.492943e-02, 3.626529e+03
2.496109e-02, 3.626164e+03
2.499278e-02, 3.625793e+03
2.502451e-02, 3.625416e+03
2.505626e-02, 3.625035e+03
2.508804e-02, 3.624648e+03
2.511986e-02, 3.624256e+03
2.515170e-02, 3.623858e+03
2.518357e-02, 3.623455e+03
2.521548e-02, 3.623046e+03
2.524742e-02, 3.622631e+03
2.527939e-02, 3.622210e+03
2.531140e-02, 3.621782e+03
2.534344e-02, 3.621348e+03
2.537553e-02, 3.620908e+03
2.540764e-02, 3.620461e+03
2.543979e-02, 3.620010e+03
2.547196e-02, 3.619553e+03
2.550416e-02, 3.619091e+03
2.553637e-02, 3.618626e+03
2.556861e-02, 3.618158e+03
2.560086e-02, 3.617686e+03
2.563313e-02, 3.617212e+03
2.566541e-02, 3.616735e+03
2.569772e-02, 3.616253e+03
2.573005e-02, 3.615768e+03
2.576240e-02, 3.615279e+03
2.579477e-02, 3.614786e+03
2.582716e-02, 3.614290e+03
2.585957e-02, 3.613791e+03
2.589200e-02, 3.613288e+03
2.592446e-02, 3.612780e+03
2.595695e-02, 3.612267e+03
2.598947e-02, 3.611748e+03
2.602201e-02, 3.611225e+03
2.605458e-02, 3.610697e+03
2.608718e-02, 3.610164e+03
2.611981e-02, 3.609627e+03
2.615246e-02, 3.609084e+03
2.618514e-02, 3.608538e+03
2.621784e-02, 3.607986e+03
2.625057e-02, 3.607431e+03
2.628332e-02, 3.606871e+03
2.631609e-02, 3.606308e+03
2.634887e-02, 3.605743e+03
2.638168e-02, 3.605173e+03
2.641451e-02, 3.604599e+03
2.644736e-02, 3.604022e+03
2.648023e-02, 3.603440e+03
2.651312e-02, 3.602856e+03
2.654604e-02, 3.602267e+03
2.657898e-02, 3.601673e+03
2.661196e-02, 3.601074e+03
2.664497e-02, 3.600469e+03
2.667802e-02, 3.599857e+03
2.671110e-02, 3.599240e+03
2.674420e-02, 3.598618e+03
2.677733e-02, 3.597991e+03
2.681049e-02, 3.597361e+03
2.684366e-02, 3.596728e+03
2.687684e-02, 3.596091e+03
2.691003e-02, 3.595453e+03
2.694324e-02, 3.594813e+03
2.697646e-02, 3.594169e+03
2.700970e-02, 3.593522e+03
2.704296e-02, 3.592873e+03
2.707623e-02, 3.592220e+03
2.710953e-02, 3.591564e+03
2.714284e-02, 3.590903e+03
2.717619e-02, 3.590238e+03
2.720957e-02, 3.589568e+03
2.724298e-02, 3.588892e+03
2.727641e-02, 3.588211e+03
2.730987e-02, 3.587526e+03
2.734335e-02, 3.586836e+03
2.737686e-02, 3.586143e+03
2.741038e-02, 3.585445e+03
2.744392e-02, 3.584744e+03
2.747748e-02, 3.584040e+03
2.751106e-02, 3.583333e+03
2.754466e-02, 3.582621e+03
2.757828e-02, 3.581906e+03
2.761193e-02, 3.581187e+03
2.764559e-02, 3.580464e+03
2.767927e-02, 3.579738e+03
2.771298e-02, 3.579007e+03
2.774671e-02, 3.578273e+03
2.778046e-02, 3.577535e+03
2.781422e-02, 3.576793e+03
2.784801e-02, 3.576049e+03
2.788181e-02, 3.575301e+03
2.791564e-02, 3.574549e+03
2.794949e-02, 3.573793e+03
2.798337e-02, 3.573033e+03
2.801728e-02, 3.572267e+03
2.805121e-02, 3.571498e+03
2.808517e-02, 3.570725e+03
2.811915e-02, 3.569947e+03
2.815315e-02, 3.569166e+03
2.818718e-02, 3.568379e+03
2.822126e-02, 3.567586e+03
2.825537e-02, 3.566787e+03
2.828951e-02, 3.565981e+03
2.832370e-02, 3.565170e+03
2.835792e-02, 3.564353e+03
2.839216e-02, 3.563530e+03
2.842644e-02, 3.562702e+03
2.846074e-02, 3.561870e+03
2.849506e-02, 3.561035e+03
2.852941e-02, 3.560194e+03
2.856378e-02, 3.559349e+03
2.859819e-02, 3.558499e+03
2.863262e-02, 3.557645e+03
2.866707e-02, 3.556787e+03
2.870153e-02, 3.555926e+03
2.873600e-02, 3.555063e+03
2.877049e-02, 3.554198e+03
2.880499e-02, 3.553331e+03
2.883950e-02, 3.552461e+03
2.887402e-02, 3.551590e+03
2.890855e-02, 3.550717e+03
2.894309e-02, 3.549843e+03
2.897763e-02, 3.548968e+03
2.901218e-02, 3.548091e+03
2.904674e-02, 3.547213e+03
2.908131e-02, 3.546334e+03
2.911590e-02, 3.545452e+03
2.915051e-02, 3.544566e+03
2.918513e-02, 3.543678e+03
2.921978e-02, 3.542786e+03
2.925446e-02, 3.541889e+03
2.928917e-02, 3.540987e+03
2.932390e-02, 3.540082e+03
2.935864e-02, 3.539173e+03
2.939341e-02, 3.538261e+03
2.942818e-02, 3.537347e+03
2.946296e-02, 3.536432e+03
2.949775e-02, 3.535516e+03
2.953254e-02, 3.534599e+03
2.956734e-02, 3.533682e+03
2.960215e-02, 3.532762e+03
2.963697e-02, 3.531841e+03
2.967181e-02, 3.530917e+03
2.970668e-02, 3.529989e+03
2.974157e-02, 3.529057e+03
2.977648e-02, 3.528121e+03
2.981142e-02, 3.527181e+03
2.984637e-02, 3.526237e+03
2.988134e-02, 3.525291e+03
2.991632e-02, 3.524343e+03
2.995132e-02, 3.523392e+03
2.998632e-02, 3.522440e+03
3.002133e-02, 3.521486e+03
3.005636e-02, 3.520530e+03
3.009141e-02, 3.519572e+03
3.012646e-02, 3.518611e+03
3.016153e-02, 3.517649e+03
3.019660e-02, 3.516685e+03
3.023167e-02, 3.515721e+03
3.026676e-02, 3.514755e+03
3.030185e-02, 3.513788e+03
3.033695e-02, 3.512821e+03
3.037205e-02, 3.511852e+03
3.040716e-02, 3.510882e+03
3.044228e-02, 3.509911e+03
3.047740e-02, 3.508939e+03
3.051253e-02, 3.507967e+03
3.054767e-02, 3.506993e+03
3.058283e-02, 3.506017e+03
3.061800e-02, 3.505038e+03
3.065318e-02, 3.504058e+03
3.068838e-02, 3.503076e+03
3.072358e-02, 3.502092e+03
3.075878e-02, 3.501108e+03
3.079400e-02, 3.500122e+03
3.082923e-02, 3.499134e+03
3.086446e-02, 3.498145e+03
3.089971e-02, 3.497155e+03
3.093496e-02, 3.496163e+03
3.097023e-02, 3.495170e+03
3.100551e-02, 3.494174e+03
3.104081e-02, 3.493176e+03
3.107613e-02, 3.492174e+03
3.111147e-02, 3.491170e+03
3.114682e-02, 3.490162e+03
3.118221e-02, 3.489151e+03
3.121762e-02, 3.488135e+03
3.125306e-02, 3.487115e+03
3.128852e-02, 3.486091e+03
3.132400e-02, 3.485065e+03
3.135949e-02, 3.484036e+03
3.139499e-02, 3.483005e+03
3.143051e-02, 3.481973e+03
3.146603e-02, 3.480940e+03
3.150156e-02, 3.479905e+03
3.153711e-02, 3.478867e+03
3.157267e-02, 3.477827e+03
3.160826e-02, 3.476783e+03
3.164386e-02, 3.475738e+03
3.167947e-02, 3.474691e+03
3.171508e-02, 3.473642e+03
3.175070e-02, 3.472593e+03
3.178633e-02, 3.471543e+03
3.182197e-02, 3.470491e+03
3.185763e-02, 3.469437e+03
3.189329e-02, 3.468381e+03
3.192896e-02, 3.467325e+03
3.196463e-02, 3.466267e+03
3.200031e-02, 3.465209e+03
3.203599e-02, 3.464151e+03
3.207167e-02, 3.463092e+03
3.210736e-02, 3.462034e+03
3.214304e-02, 3.460976e+03
3.217872e-02, 3.459918e+03
3.221439e-02, 3.458862e+03
3.225005e-02, 3.457807e+03
3.228571e-02, 3.456753e+03
3.232136e-02, 3.455701e+03
3.235700e-02, 3.454650e+03
3.239265e-02, 3.453598e+03
3.242831e-02, 3.452545e+03
3.246399e-02, 3.451489e+03
3.249968e-02, 3.450431e+03
3.253539e-02, 3.449371e+03
3.257111e-02, 3.448308e+03
3.260685e-02, 3.447243e+03
3.264260e-02, 3.446176e+03
3.267836e-02, 3.445108e+03
3.271413e-02, 3.444038e+03
3.274991e-02, 3.442966e+03
3.278570e-02, 3.441894e+03
3.282149e-02, 3.440820e+03
3.285730e-02, 3.439744e+03
3.289313e-02, 3.438665e+03
3.292897e-02, 3.437584e+03
3.296482e-02, 3.436502e+03
3.300069e-02, 3.435416e+03
3.303658e-02, 3.434328e+03
3.307250e-02, 3.433236e+03
3.310844e-02, 3.432141e+03
3.314439e-02, 3.431042e+03
3.318036e-02, 3.429941e+03
3.321634e-02, 3.428838e+03
3.325233e-02, 3.427733e+03
3.328833e-02, 3.426626e+03
3.332434e-02, 3.425519e+03
3.336035e-02, 3.424411e+03
3.339636e-02, 3.423302e+03
3.343237e-02, 3.422194e+03
3.346837e-02, 3.421086e+03
3.350437e-02, 3.419979e+03
3.354037e-02, 3.418873e+03
3.357636e-02, 3.417769e+03
3.361234e-02, 3.416665e+03
3.364832e-02, 3.415562e+03
3.368429e-02, 3.414460e+03
3.372026e-02, 3.413359e+03
3.375623e-02, 3.412258e+03
3.379219e-02, 3.411159e+03
3.382814e-02, 3.410061e+03
3.386409e-02, 3.408963e+03
3.390005e-02, 3.407865e+03
3.393601e-02, 3.406767e+03
3.397198e-02, 3.405667e+03
3.400795e-02, 3.404567e+03
3.404394e-02, 3.403465e+03
3.407993e-02, 3.402362e+03
3.411593e-02, 3.401257e+03
3.415193e-02, 3.400152e+03
3.418794e-02, 3.399047e+03
3.422396e-02, 3.397941e+03
3.425999e-02, 3.396833e+03
3.429604e-02, 3.395722e+03
3.433212e-02, 3.394608e+03
3.436822e-02, 3.393490e+03
3.440433e-02, 3.392369e+03
3.444046e-02, 3.391246e+03
3.447661e-02, 3.390120e+03
3.451277e-02, 3.388993e+03
3.454894e-02, 3.387864e+03
3.458511e-02, 3.386734e+03
3.462129e-02, 3.385603e+03
3.465748e-02, 3.384471e+03
3.469369e-02, 3.383337e+03
3.472991e-02, 3.382201e+03
3.476614e-02, 3.381064e+03
3.480238e-02, 3.379924e+03
3.483864e-02, 3.378782e+03
3.487492e-02, 3.377636e+03
3.491124e-02, 3.376486e+03
3.494758e-02, 3.375331e+03
3.498395e-02, 3.374172e+03
3.502034e-02, 3.373009e+03
3.505675e-02, 3.371842e+03
3.509319e-02, 3.370672e+03
3.512963e-02, 3.369500e+03
3.516609e-02, 3.368326e+03
3.520255e-02, 3.367152e+03
3.523901e-02, 3.365976e+03
3.527548e-02, 3.364801e+03
3.531194e-02, 3.363626e+03
3.534841e-02, 3.362450e+03
3.538487e-02, 3.361276e+03
3.542132e-02, 3.360102e+03
3.545777e-02, 3.358929e+03
3.549421e-02, 3.357757e+03
3.553066e-02, 3.356585e+03
3.556710e-02, 3.355413e+03
3.560354e-02, 3.354241e+03
3.563999e-02, 3.353069e+03
3.567643e-02, 3.351898e+03
3.571287e-02, 3.350727e+03
3.574931e-02, 3.349556e+03
3.578574e-02, 3.348385e+03
3.582218e-02, 3.347213e+03
3.585863e-02, 3.346042e+03
3.589508e-02, 3.344868e+03
3.593154e-02, 3.343693e+03
3.596802e-02, 3.342515e+03
3.600453e-02, 3.341334e+03
3.604106e-02, 3.340149e+03
3.607762e-02, 3.338959e+03
3.611422e-02, 3.337764e+03
3.615085e-02, 3.336563e+03
3.618750e-02, 3.335357e+03
3.622419e-02, 3.334146e+03
3.626091e-02, 3.332931e+03
3.629765e-02, 3.331712e+03
3.633441e-02, 3.330488e+03
3.637120e-02, 3.329260e+03
3.640802e-02, 3.328028e+03
3.644487e-02, 3.326792e+03
3.648173e-02, 3.325552e+03
3.651861e-02, 3.324309e+03
3.655551e-02, 3.323063e+03
3.659242e-02, 3.321816e+03
3.662934e-02, 3.320566e+03
3.666628e-02, 3.319314e+03
3.670326e-02, 3.318055e+03
3.674028e-02, 3.316790e+03
3.677734e-02, 3.315519e+03
3.681444e-02, 3.314242e+03
3.685156e-02, 3.312961e+03
3.688870e-02, 3.311675e+03
3.692586e-02, 3.310386e+03
3.696304e-02, 3.309094e+03
3.700023e-02, 3.307800e+03
3.703743e-02, 3.306504e+03
3.707463e-02, 3.305207e+03
3.711184e-02, 3.303909e+03
3.714905e-02, 3.302611e+03
3.718627e-02, 3.301311e+03
3.722351e-02, 3.300009e+03
3.726075e-02, 3.298705e+03
3.729801e-02, 3.297399e+03
3.733529e-02, 3.296091e+03
3.737257e-02, 3.294781e+03
3.740986e-02, 3.293470e+03
3.744715e-02, 3.292157e+03
3.748446e-02, 3.290843e+03
3.752177e-02, 3.289527e+03
3.755910e-02, 3.288210e+03
3.759643e-02, 3.286891e+03
3.763376e-02, 3.285572e+03
3.767110e-02, 3.284253e+03
3.770844e-02, 3.282932e+03
3.774579e-02, 3.281610e+03
3.778315e-02, 3.280286e+03
3.782054e-02, 3.278958e+03
3.785794e-02, 3.277627e+03
3.789537e-02, 3.276292e+03
3.793283e-02, 3.274954e+03
3.797031e-02, 3.273610e+03
3.800784e-02, 3.272261e+03
3.804540e-02, 3.270905e+03
3.808300e-02, 3.269544e+03
3.812064e-02, 3.268176e+03
3.815832e-02, 3.266802e+03
3.819604e-02, 3.265422e+03
3.823378e-02, 3.264037e+03
3.827156e-02, 3.262648e+03
3.830936e-02, 3.261254e+03
3.834718e-02, 3.259857e+03
3.838501e-02, 3.258457e+03
3.842286e-02, 3.257055e+03
3.846072e-02, 3.255651e+03
3.849860e-02, 3.254245e+03
3.853648e-02, 3.252838e+03
3.857438e-02, 3.251429e+03
3.861230e-02, 3.250017e+03
3.865026e-02, 3.248599e+03
3.868827e-02, 3.247173e+03
3.872634e-02, 3.245739e+03
3.876446e-02, 3.244297e+03
3.880261e-02, 3.242849e+03
3.884080e-02, 3.241395e+03
3.887900e-02, 3.239937e+03
3.891723e-02, 3.238476e+03
3.895547e-02, 3.237013e+03
3.899371e-02, 3.235548e+03
3.903197e-02, 3.234081e+03
3.907024e-02, 3.232613e+03
3.910851e-02, 3.231143e+03
3.914680e-02, 3.229672e+03
3.918509e-02, 3.228201e+03
3.922338e-02, 3.226728e+03
3.926167e-02, 3.225256e+03
3.929997e-02, 3.223783e+03
3.933826e-02, 3.222311e+03
3.937655e-02, 3.220838e+03
3.941484e-02, 3.219366e+03
3.945314e-02, 3.217895e+03
3.949143e-02, 3.216423e+03
3.952972e-02, 3.214952e+03
3.956800e-02, 3.213482e+03
3.960628e-02, 3.212013e+03
3.964456e-02, 3.210544e+03
3.968283e-02, 3.209075e+03
3.972111e-02, 3.207607e+03
3.975940e-02, 3.206137e+03
3.979769e-02, 3.204668e+03
3.983599e-02, 3.203196e+03
3.987432e-02, 3.201722e+03
3.991267e-02, 3.200244e+03
3.995104e-02, 3.198763e+03
3.998943e-02, 3.197279e+03
4.002784e-02, 3.195793e+03
4.006625e-02, 3.194306e+03
4.010468e-02, 3.192816e+03
4.014313e-02, 3.191324e+03
4.018160e-02, 3.189828e+03
4.022008e-02, 3.188331e+03
4.025857e-02, 3.186832e+03
4.029707e-02, 3.185332e+03
4.033557e-02, 3.183832e+03
4.037407e-02, 3.182332e+03
4.041258e-02, 3.180831e+03
4.045110e-02, 3.179329e+03
4.048963e-02, 3.177825e+03
4.052816e-02, 3.176321e+03
4.056670e-02, 3.174816e+03
4.060524e-02, 3.173311e+03
4.064381e-02, 3.171803e+03
4.068240e-02, 3.170291e+03
4.072100e-02, 3.168777e+03
4.075962e-02, 3.167261e+03
4.079825e-02, 3.165744e+03
4.083689e-02, 3.164225e+03
4.087552e-02, 3.162707e+03
4.091415e-02, 3.161189e+03
4.095279e-02, 3.159671e+03
4.099143e-02, 3.158152e+03
4.103007e-02, 3.156633e+03
4.106872e-02, 3.155114e+03
4.110737e-02, 3.153595e+03
4.114602e-02, 3.152076e+03
4.118466e-02, 3.150558e+03
4.122329e-02, 3.149042e+03
4.126192e-02, 3.147526e+03
4.130055e-02, 3.146012e+03
4.133917e-02, 3.144498e+03
4.137779e-02, 3.142985e+03
4.141641e-02, 3.141473e+03
4.145503e-02, 3.139960e+03
4.149365e-02, 3.138448e+03
4.153229e-02, 3.136934e+03
4.157093e-02, 3.135420e+03
4.160959e-02, 3.133904e+03
4.164825e-02, 3.132387e+03
4.168692e-02, 3.130869e+03
4.172559e-02, 3.129350e+03
4.176427e-02, 3.127831e+03
4.180294e-02, 3.126313e+03
4.184162e-02, 3.124795e+03
4.188031e-02, 3.123276e+03
4.191900e-02, 3.121756e+03
4.195770e-02, 3.120236e+03
4.199640e-02, 3.118716e+03
4.203511e-02, 3.117195e+03
4.207383e-02, 3.115673e+03
4.211255e-02, 3.114151e+03
4.215128e-02, 3.112629e+03
4.219001e-02, 3.111106e+03
4.222875e-02, 3.109583e+03
4.226750e-02, 3.108059e+03
4.230625e-02, 3.106535e+03
4.234500e-02, 3.105010e+03
4.238377e-02, 3.103485e+03
4.242254e-02, 3.101959e+03
4.246133e-02, 3.100431e+03
4.250012e-02, 3.098902e+03
4.253893e-02, 3.097371e+03
4.257774e-02, 3.095840e+03
4.261657e-02, 3.094308e+03
4.265540e-02, 3.092775e+03
4.269423e-02, 3.091241e+03
4.273307e-02, 3.089708e+03
4.277191e-02, 3.088174e+03
4.281076e-02, 3.086640e+03
4.284960e-02, 3.085106e+03
4.288844e-02, 3.083573e+03
4.292727e-02, 3.082042e+03
4.296609e-02, 3.080511e+03
4.300491e-02, 3.078983e+03
4.304371e-02, 3.077456e+03
4.308251e-02, 3.075931e+03
4.312131e-02, 3.074406e+03
4.316010e-02, 3.072883e+03
4.319889e-02, 3.071361e+03
4.323768e-02, 3.069839e+03
4.327646e-02, 3.068319e+03
4.331524e-02, 3.066800e+03
4.335401e-02, 3.065281e+03
4.339278e-02, 3.063764e+03
4.343155e-02, 3.062247e+03
4.347030e-02, 3.060732e+03
4.350905e-02, 3.059219e+03
4.354780e-02, 3.057707e+03
4.358653e-02, 3.056197e+03
4.362526e-02, 3.054688e+03
4.366400e-02, 3.053178e+03
4.370275e-02, 3.051668e+03
4.374151e-02, 3.050157e+03
4.378028e-02, 3.048645e+03
4.381905e-02, 3.047132e+03
4.385783e-02, 3.045619e+03
4.389661e-02, 3.044106e+03
4.393538e-02, 3.042594e+03
4.397416e-02, 3.041082e+03
4.401293e-02, 3.039570e+03
4.405170e-02, 3.038059e+03
4.409048e-02, 3.036548e+03
4.412926e-02, 3.035037e+03
4.416804e-02, 3.033526e+03
4.420683e-02, 3.032014e+03
4.424564e-02, 3.030501e+03
4.428446e-02, 3.028985e+03
4.432329e-02, 3.027468e+03
4.436213e-02, 3.025951e+03
4.440097e-02, 3.024433e+03
4.443981e-02, 3.022914e+03
4.447866e-02, 3.021397e+03
4.451750e-02, 3.019879e+03
4.455634e-02, 3.018362e+03
4.459518e-02, 3.016844e+03
4.463404e-02, 3.015326e+03
4.467289e-02, 3.013808e+03
4.471174e-02, 3.012291e+03
4.475058e-02, 3.010774e+03
4.478943e-02, 3.009257e+03
4.482827e-02, 3.007741e+03
4.486711e-02, 3.006226e+03
4.490594e-02, 3.004713e+03
4.494476e-02, 3.003201e+03
4.498357e-02, 3.001691e+03
4.502238e-02, 3.000182e+03
4.506119e-02, 2.998673e+03
4.510001e-02, 2.997163e+03
4.513884e-02, 2.995652e+03
4.517769e-02, 2.994138e+03
4.521656e-02, 2.992623e+03
4.525543e-02, 2.991106e+03
4.529431e-02, 2.989587e+03
4.533320e-02, 2.988068e+03
4.537210e-02, 2.986546e+03
4.541102e-02, 2.985023e+03
4.544994e-02, 2.983497e+03
4.548888e-02, 2.981970e+03
4.552783e-02, 2.980441e+03
4.556680e-02, 2.978911e+03
4.560576e-02, 2.977379e+03
4.564474e-02, 2.975847e+03
4.568373e-02, 2.974313e+03
4.572273e-02, 2.972777e+03
4.576174e-02, 2.971240e+03
4.580076e-02, 2.969702e+03
4.583979e-02, 2.968163e+03
4.587883e-02, 2.966623e+03
4.591787e-02, 2.965082e+03
4.595694e-02, 2.963538e+03
4.599601e-02, 2.961992e+03
4.603511e-02, 2.960445e+03
4.607421e-02, 2.958896e+03
4.611331e-02, 2.957345e+03
4.615242e-02, 2.955795e+03
4.619153e-02, 2.954244e+03
4.623064e-02, 2.952694e+03
4.626975e-02, 2.951143e+03
4.630886e-02, 2.949594e+03
4.634796e-02, 2.948045e+03
4.638706e-02, 2.946497e+03
4.642616e-02, 2.944949e+03
4.646528e-02, 2.943400e+03
4.650440e-02, 2.941850e+03
4.654353e-02, 2.940298e+03
4.658267e-02, 2.938746e+03
4.662180e-02, 2.937194e+03
4.666095e-02, 2.935641e+03
4.670010e-02, 2.934088e+03
4.673926e-02, 2.932534e+03
4.677842e-02, 2.930979e+03
4.681759e-02, 2.929424e+03
4.685677e-02, 2.927868e+03
4.689595e-02, 2.926312e+03
4.693513e-02, 2.924756e+03
4.697431e-02, 2.923201e+03
4.701348e-02, 2.921647e+03
4.705265e-02, 2.920093e+03
4.709181e-02, 2.918541e+03
4.713097e-02, 2.916989e+03
4.717014e-02, 2.915437e+03
4.720931e-02, 2.913886e+03
4.724847e-02, 2.912335e+03
4.728764e-02, 2.910785e+03
4.732679e-02, 2.909237e+03
4.736594e-02, 2.907690e+03
4.740507e-02, 2.906144e+03
4.744421e-02, 2.904600e+03
4.748334e-02, 2.903056e+03
4.752247e-02, 2.901514e+03
4.756160e-02, 2.899972e+03
4.760073e-02, 2.898430e+03
4.763988e-02, 2.896887e+03
4.767903e-02, 2.895343e+03
4.771820e-02, 2.893798e+03
4.775737e-02, 2.892252e+03
4.779655e-02, 2.890706e+03
4.783573e-02, 2.889160e+03
4.787492e-02, 2.887613e+03
4.791412e-02, 2.886065e+03
4.795332e-02, 2.884518e+03
4.799251e-02, 2.882970e+03
4.803171e-02, 2.881423e+03
4.807090e-02, 2.879878e+03
4.811008e-02, 2.878333e+03
4.814925e-02, 2.876790e+03
4.818842e-02, 2.875248e+03
4.822758e-02, 2.873708e+03
4.826673e-02, 2.872169e+03
4.830589e-02, 2.870631e+03
4.834504e-02, 2.869093e+03
4.838419e-02, 2.867556e+03
4.842335e-02, 2.866020e+03
4.846252e-02, 2.864482e+03
4.850172e-02, 2.862941e+03
4.854093e-02, 2.861397e+03
4.858017e-02, 2.859850e+03
4.861944e-02, 2.858301e+03
4.865873e-02, 2.856747e+03
4.869803e-02, 2.855191e+03
4.873735e-02, 2.853633e+03
4.877669e-02, 2.852074e+03
4.881604e-02, 2.850512e+03
4.885540e-02, 2.848949e+03
4.889477e-02, 2.847384e+03
4.893415e-02, 2.845819e+03
4.897353e-02, 2.844253e+03
4.901291e-02, 2.842687e+03
4.905229e-02, 2.841121e+03
4.909166e-02, 2.839556e+03
4.913104e-02, 2.837992e+03
4.917040e-02, 2.836429e+03
4.920976e-02, 2.834868e+03
4.924911e-02, 2.833308e+03
4.928845e-02, 2.831750e+03
4.932778e-02, 2.830193e+03
4.936711e-02, 2.828637e+03
4.940644e-02, 2.827082e+03
4.944576e-02, 2.825528e+03
4.948508e-02, 2.823976e+03
4.952439e-02, 2.822424e+03
4.956370e-02, 2.820874e+03
4.960299e-02, 2.819325e+03
4.964228e-02, 2.817778e+03
4.968156e-02, 2.816233e+03
4.972082e-02, 2.814691e+03
4.976007e-02, 2.813150e+03
4.979931e-02, 2.811611e+03
4.983854e-02, 2.810075e+03
4.987776e-02, 2.808540e+03
4.991697e-02, 2.807007e+03
4.995617e-02, 2.805476e+03
4.999538e-02, 2.803945e+03
5.003459e-02, 2.802415e+03
5.007380e-02, 2.800885e+03
5.011300e-02, 2.799356e+03
5.015220e-02, 2.797828e+03
5.019141e-02, 2.796300e+03
5.023062e-02, 2.794772e+03
5.026984e-02, 2.793243e+03
5.030907e-02, 2.791713e+03
5.034831e-02, 2.790182e+03
5.038755e-02, 2.788651e+03
5.042678e-02, 2.787119e+03
5.046602e-02, 2.785589e+03
5.050526e-02, 2.784058e+03
5.054449e-02, 2.782529e+03
5.058373e-02, 2.781000e+03
5.062296e-02, 2.779471e+03
5.066219e-02, 2.777943e+03
5.070142e-02, 2.776416e+03
5.074064e-02, 2.774891e+03
5.077985e-02, 2.773367e+03
5.081905e-02, 2.771844e+03
5.085825e-02, 2.770323e+03
5.089745e-02, 2.768802e+03
5.093664e-02, 2.767283e+03
5.097583e-02, 2.765764e+03
5.101502e-02, 2.764246e+03
5.105420e-02, 2.762729e+03
5.109338e-02, 2.761213e+03
5.113255e-02, 2.759699e+03
5.117171e-02, 2.758185e+03
5.121088e-02, 2.756673e+03
5.125006e-02, 2.755160e+03
5.128924e-02, 2.753646e+03
5.132841e-02, 2.752133e+03
5.136759e-02, 2.750621e+03
5.140676e-02, 2.749110e+03
5.144592e-02, 2.747600e+03
5.148507e-02, 2.746091e+03
5.152422e-02, 2.744584e+03
5.156335e-02, 2.743079e+03
5.160249e-02, 2.741575e+03
5.164162e-02, 2.740071e+03
5.168076e-02, 2.738568e+03
5.171991e-02, 2.737064e+03
5.175907e-02, 2.735559e+03
5.179824e-02, 2.734052e+03
5.183742e-02, 2.732545e+03
5.187660e-02, 2.731038e+03
5.191578e-02, 2.729531e+03
5.195495e-02, 2.728025e+03
5.199412e-02, 2.726520e+03
5.203329e-02, 2.725015e+03
5.207246e-02, 2.723511e+03
5.211164e-02, 2.722006e+03
5.215082e-02, 2.720501e+03
5.219002e-02, 2.718996e+03
5.222922e-02, 2.717489e+03
5.226843e-02, 2.715983e+03
5.230764e-02, 2.714476e+03
5.234684e-02, 2.712970e+03
5.238605e-02, 2.711464e+03
5.242526e-02, 2.709959e+03
5.246446e-02, 2.708454e+03
5.250366e-02, 2.706951e+03
5.254285e-02, 2.705449e+03
5.258205e-02, 2.703948e+03
5.262125e-02, 2.702446e+03
5.266045e-02, 2.700945e+03
5.269965e-02, 2.699443e+03
5.273885e-02, 2.697942e+03
5.277805e-02, 2.696441e+03
5.281725e-02, 2.694941e+03
5.285644e-02, 2.693442e+03
5.289563e-02, 2.691944e+03
5.293481e-02, 2.690447e+03
5.297398e-02, 2.688952e+03
5.301315e-02, 2.687456e+03
5.305234e-02, 2.685961e+03
5.309152e-02, 2.684465e+03
5.313072e-02, 2.682968e+03
5.316993e-02, 2.681470e+03
5.320914e-02, 2.679971e+03
5.324837e-02, 2.678470e+03
5.328761e-02, 2.676968e+03
5.332686e-02, 2.675464e+03
5.336613e-02, 2.673958e+03
5.340541e-02, 2.672451e+03
5.344470e-02, 2.670943e+03
5.348400e-02, 2.669433e+03
5.352329e-02, 2.667924e+03
5.356259e-02, 2.666415e+03
5.360188e-02, 2.664906e+03
5.364117e-02, 2.663397e+03
5.368046e-02, 2.661890e+03
5.371974e-02, 2.660383e+03
5.375901e-02, 2.658878e+03
5.379828e-02, 2.657373e+03
5.383754e-02, 2.655869e+03
5.387680e-02, 2.654366e+03
5.391606e-02, 2.652863e+03
5.395530e-02, 2.651362e+03
5.399453e-02, 2.649864e+03
5.403376e-02, 2.648367e+03
5.407299e-02, 2.646870e+03
5.411223e-02, 2.645372e+03
5.415148e-02, 2.643871e+03
5.419075e-02, 2.642369e+03
5.423004e-02, 2.640864e+03
5.426934e-02, 2.639358e+03
5.430864e-02, 2.637850e+03
5.434796e-02, 2.636340e+03
5.438728e-02, 2.634830e+03
5.442661e-02, 2.633319e+03
5.446595e-02, 2.631806e+03
5.450530e-02, 2.630293e+03
5.454466e-02, 2.628778e+03
5.458403e-02, 2.627262e+03
5.462342e-02, 2.625744e+03
5.466284e-02, 2.624223e+03
5.470227e-02, 2.622700e+03
5.474173e-02, 2.621173e+03
5.478121e-02, 2.619644e+03
5.482071e-02, 2.618112e+03
5.486022e-02, 2.616578e+03
5.489976e-02, 2.615041e+03
5.493931e-02, 2.613502e+03
5.497887e-02, 2.611961e+03
5.501845e-02, 2.610418e+03
5.505804e-02, 2.608873e+03
5.509763e-02, 2.607328e+03
5.513724e-02, 2.605781e+03
5.517685e-02, 2.604233e+03
5.521648e-02, 2.602684e+03
5.525611e-02, 2.601134e+03
5.529576e-02, 2.599582e+03
5.533540e-02, 2.598030e+03
5.537506e-02, 2.596477e+03
5.541473e-02, 2.594923e+03
5.545440e-02, 2.593368e+03
5.549407e-02, 2.591813e+03
5.553375e-02, 2.590257e+03
5.557343e-02, 2.588702e+03
5.561310e-02, 2.587147e+03
5.565278e-02, 2.585592e+03
5.569245e-02, 2.584037e+03
5.573212e-02, 2.582484e+03
5.577180e-02, 2.580930e+03
5.581148e-02, 2.579376e+03
5.585116e-02, 2.577821e+03
5.589086e-02, 2.576265e+03
5.593056e-02, 2.574709e+03
5.597026e-02, 2.573153e+03
5.600996e-02, 2.571596e+03
5.604967e-02, 2.570039e+03
5.608938e-02, 2.568482e+03
5.612911e-02, 2.566923e+03
5.616886e-02, 2.565362e+03
5.620862e-02, 2.563799e+03
5.624840e-02, 2.562235e+03
5.628817e-02, 2.560669e+03
5.632796e-02, 2.559103e+03
5.636774e-02, 2.557536e+03
5.640754e-02, 2.555969e+03
5.644733e-02, 2.554401e+03
5.648713e-02, 2.552833e+03
5.652694e-02, 2.551265e+03
5.656675e-02, 2.549696e+03
5.660656e-02, 2.548127e+03
5.664638e-02, 2.546558e+03
5.668618e-02, 2.544990e+03
5.672599e-02, 2.543422e+03
5.676580e-02, 2.541855e+03
5.680563e-02, 2.540286e+03
5.684547e-02, 2.538716e+03
5.688532e-02, 2.537144e+03
5.692517e-02, 2.535572e+03
5.696504e-02, 2.533998e+03
5.700490e-02, 2.532425e+03
5.704477e-02, 2.530851e+03
5.708464e-02, 2.529277e+03
5.712451e-02, 2.527703e+03
5.716438e-02, 2.526129e+03
5.720425e-02, 2.524555e+03
5.724412e-02, 2.522982e+03
5.728400e-02, 2.521409e+03
5.732387e-02, 2.519836e+03
5.736374e-02, 2.518264e+03
5.740361e-02, 2.516692e+03
5.744348e-02, 2.515120e+03
5.748335e-02, 2.513549e+03
5.752322e-02, 2.511979e+03
5.756310e-02, 2.510407e+03
5.760300e-02, 2.508834e+03
5.764290e-02, 2.507261e+03
5.768280e-02, 2.505686e+03
5.772272e-02, 2.504111e+03
5.776264e-02, 2.502535e+03
5.780256e-02, 2.500960e+03
5.784248e-02, 2.499384e+03
5.788241e-02, 2.497808e+03
5.792233e-02, 2.496233e+03
5.796226e-02, 2.494657e+03
5.800221e-02, 2.493081e+03
5.804218e-02, 2.491502e+03
5.808217e-02, 2.489920e+03
5.812219e-02, 2.488335e+03
5.816223e-02, 2.486748e+03
5.820229e-02, 2.485157e+03
5.824237e-02, 2.483565e+03
5.828246e-02, 2.481971e+03
5.832255e-02, 2.480376e+03
5.836265e-02, 2.478781e+03
5.840274e-02, 2.477185e+03
5.844284e-02, 2.475591e+03
5.848294e-02, 2.473996e+03
5.852303e-02, 2.472402e+03
5.856312e-02, 2.470808e+03
5.860321e-02, 2.469216e+03
5.864329e-02, 2.467625e+03
5.868336e-02, 2.466035e+03
5.872343e-02, 2.464446e+03
5.876349e-02, 2.462859e+03
5.880354e-02, 2.461273e+03
5.884358e-02, 2.459689e+03
5.888361e-02, 2.458107e+03
5.892364e-02, 2.456526e+03
5.896365e-02, 2.454948e+03
5.900365e-02, 2.453371e+03
5.904364e-02, 2.451796e+03
5.908363e-02, 2.450223e+03
5.912364e-02, 2.448649e+03
5.916365e-02, 2.447073e+03
5.920368e-02, 2.445497e+03
5.924372e-02, 2.443920e+03
5.928376e-02, 2.442342e+03
5.932380e-02, 2.440763e+03
5.936385e-02, 2.439186e+03
5.940389e-02, 2.437608e+03
5.944393e-02, 2.436032e+03
5.948398e-02, 2.434453e+03
5.952405e-02, 2.432872e+03
5.956414e-02, 2.431289e+03
5.960425e-02, 2.429703e+03
5.964439e-02, 2.428114e+03
5.968456e-02, 2.426522e+03
5.972474e-02, 2.424927e+03
5.976493e-02, 2.423330e+03
5.980514e-02, 2.421732e+03
5.984536e-02, 2.420133e+03
5.988558e-02, 2.418533e+03
5.992580e-02, 2.416933e+03
5.996603e-02, 2.415333e+03
6.000626e-02, 2.413732e+03
6.004650e-02, 2.412131e+03
6.008675e-02, 2.410530e+03
6.012699e-02, 2.408929e+03
6.016723e-02, 2.407328e+03
6.020747e-02, 2.405728e+03
6.024770e-02, 2.404129e+03
6.028793e-02, 2.402532e+03
6.032815e-02, 2.400935e+03
6.036837e-02, 2.399340e+03
6.040858e-02, 2.397745e+03
6.044879e-02, 2.396151e+03
6.048900e-02, 2.394559e+03
6.052920e-02, 2.392968e+03
6.056940e-02, 2.391377e+03
6.060960e-02, 2.389787e+03
6.064979e-02, 2.388199e+03
6.068999e-02, 2.386611e+03
6.073018e-02, 2.385023e+03
6.077037e-02, 2.383437e+03
6.081056e-02, 2.381852e+03
6.085074e-02, 2.380268e+03
6.089091e-02, 2.378686e+03
6.093110e-02, 2.377104e+03
6.097129e-02, 2.375520e+03
6.101150e-02, 2.373936e+03
6.105171e-02, 2.372351e+03
6.109193e-02, 2.370765e+03
6.113215e-02, 2.369179e+03
6.117237e-02, 2.367594e+03
6.121259e-02, 2.366009e+03
6.125280e-02, 2.364425e+03
6.129301e-02, 2.362841e+03
6.133321e-02, 2.361260e+03
6.137340e-02, 2.359679e+03
6.141358e-02, 2.358101e+03
6.145376e-02, 2.356523e+03
6.149392e-02, 2.354948e+03
6.153409e-02, 2.353373e+03
6.157424e-02, 2.351799e+03
6.161439e-02, 2.350227e+03
6.165453e-02, 2.348657e+03
6.169467e-02, 2.347088e+03
6.173481e-02, 2.345519e+03
6.177495e-02, 2.343951e+03
6.181511e-02, 2.342382e+03
6.185527e-02, 2.340812e+03
6.189543e-02, 2.339243e+03
6.193560e-02, 2.337673e+03
6.197577e-02, 2.336103e+03
6.201593e-02, 2.334534e+03
6.205611e-02, 2.332965e+03
6.209630e-02, 2.331394e+03
6.213650e-02, 2.329823e+03
6.217670e-02, 2.328252e+03
6.221691e-02, 2.326681e+03
6.225712e-02, 2.325110e+03
6.229734e-02, 2.323538e+03
6.233756e-02, 2.321966e+03
6.237779e-02, 2.320394e+03
6.241802e-02, 2.318822e+03
6.245826e-02, 2.317249e+03
6.249850e-02, 2.315677e+03
6.253873e-02, 2.314106e+03
6.257897e-02, 2.312535e+03
6.261920e-02, 2.310965e+03
6.265943e-02, 2.309395e+03
6.269965e-02, 2.307827e+03
6.273987e-02, 2.306260e+03
6.278008e-02, 2.304695e+03
6.282028e-02, 2.303132e+03
6.286047e-02, 2.301569e+03
6.290065e-02, 2.300009e+03
6.294083e-02, 2.298449e+03
6.298100e-02, 2.296892e+03
6.302117e-02, 2.295336e+03
6.306132e-02, 2.293782e+03
6.310146e-02, 2.292230e+03
6.314163e-02, 2.290677e+03
6.318182e-02, 2.289122e+03
6.322203e-02, 2.287565e+03
6.326225e-02, 2.286005e+03
6.330248e-02, 2.284445e+03
6.334271e-02, 2.282884e+03
6.338295e-02, 2.281322e+03
6.342320e-02, 2.279760e+03
6.346345e-02, 2.278198e+03
6.350370e-02, 2.276636e+03
6.354395e-02, 2.275074e+03
6.358420e-02, 2.273514e+03
6.362444e-02, 2.271954e+03
6.366467e-02, 2.270396e+03
6.370489e-02, 2.268840e+03
6.374510e-02, 2.267286e+03
6.378529e-02, 2.265733e+03
6.382548e-02, 2.264183e+03
6.386565e-02, 2.262635e+03
6.390581e-02, 2.261089e+03
6.394595e-02, 2.259546e+03
6.398608e-02, 2.258005e+03
6.402621e-02, 2.256466e+03
6.406632e-02, 2.254929e+03
6.410642e-02, 2.253393e+03
6.414651e-02, 2.251860e+03
6.418659e-02, 2.250329e+03
6.422666e-02, 2.248799e+03
6.426672e-02, 2.247272e+03
6.430676e-02, 2.245747e+03
6.434680e-02, 2.244224e+03
6.438682e-02, 2.242703e+03
6.442683e-02, 2.241185e+03
6.446682e-02, 2.239669e+03
6.450680e-02, 2.238155e+03
6.454677e-02, 2.236643e+03
6.458672e-02, 2.235134e+03
6.462666e-02, 2.233627e+03
6.466660e-02, 2.232122e+03
6.470652e-02, 2.230619e+03
6.474643e-02, 2.229118e+03
6.478633e-02, 2.227619e+03
6.482622e-02, 2.226122e+03
6.486609e-02, 2.224628e+03
6.490595e-02, 2.223135e+03
6.494580e-02, 2.221645e+03
6.498566e-02, 2.220156e+03
6.502552e-02, 2.218666e+03
6.506540e-02, 2.217175e+03
6.510529e-02, 2.215683e+03
6.514519e-02, 2.214190e+03
6.518509e-02, 2.212697e+03
6.522501e-02, 2.211203e+03
6.526492e-02, 2.209709e+03
6.530484e-02, 2.208215e+03
6.534475e-02, 2.206722e+03
6.538467e-02, 2.205230e+03
6.542457e-02, 2.203739e+03
6.546447e-02, 2.202249e+03
6.550437e-02, 2.200760e+03
6.554426e-02, 2.199272e+03
6.558416e-02, 2.197785e+03
6.562406e-02, 2.196298e+03
6.566395e-02, 2.194812e+03
6.570385e-02, 2.193325e+03
6.574376e-02, 2.191839e+03
6.578366e-02, 2.190353e+03
6.582356e-02, 2.188867e+03
6.586346e-02, 2.187383e+03
6.590336e-02, 2.185899e+03
6.594326e-02, 2.184416e+03
6.598318e-02, 2.182932e+03
6.602309e-02, 2.181448e+03
6.606301e-02, 2.179964e+03
6.610292e-02, 2.178481e+03
6.614283e-02, 2.176999e+03
6.618273e-02, 2.175518e+03
6.622262e-02, 2.174038e+03
6.626252e-02, 2.172560e+03
6.630241e-02, 2.171082e+03
6.634230e-02, 2.169604e+03
6.638219e-02, 2.168128e+03
6.642207e-02, 2.166653e+03
6.646194e-02, 2.165180e+03
6.650180e-02, 2.163708e+03
6.654166e-02, 2.162237e+03
6.658150e-02, 2.160769e+03
6.662134e-02, 2.159302e+03
6.666117e-02, 2.157836e+03
6.670101e-02, 2.156370e+03
6.674086e-02, 2.154905e+03
6.678071e-02, 2.153439e+03
6.682056e-02, 2.151973e+03
6.686042e-02, 2.150507e+03
6.690028e-02, 2.149041e+03
6.694014e-02, 2.147575e+03
6.698000e-02, 2.146111e+03
6.701985e-02, 2.144647e+03
6.705971e-02, 2.143184e+03
6.709956e-02, 2.141722e+03
6.713941e-02, 2.140260e+03
6.717926e-02, 2.138799e+03
6.721910e-02, 2.137340e+03
6.725893e-02, 2.135881e+03
6.729876e-02, 2.134424e+03
6.733859e-02, 2.132968e+03
6.737843e-02, 2.131512e+03
6.741826e-02, 2.130056e+03
6.745809e-02, 2.128601e+03
6.749791e-02, 2.127148e+03
6.753773e-02, 2.125696e+03
6.757754e-02, 2.124245e+03
6.761734e-02, 2.122796e+03
6.765713e-02, 2.121348e+03
6.769691e-02, 2.119903e+03
6.773667e-02, 2.118460e+03
6.777643e-02, 2.117019e+03
6.781617e-02, 2.115580e+03
6.785591e-02, 2.114142e+03
6.789564e-02, 2.112707e+03
6.793535e-02, 2.111273e+03
6.797505e-02, 2.109841e+03
6.801475e-02, 2.108412e+03
6.805442e-02, 2.106985e+03
6.809409e-02, 2.105560e+03
6.813374e-02, 2.104137e+03
6.817338e-02, 2.102716e+03
6.821302e-02, 2.101297e+03
6.825265e-02, 2.099879e+03
6.829228e-02, 2.098462e+03
6.833190e-02, 2.097046e+03
6.837153e-02, 2.095631e+03
6.841115e-02, 2.094217e+03
6.845076e-02, 2.092804e+03
6.849037e-02, 2.091392e+03
6.852997e-02, 2.089982e+03
6.856957e-02, 2.088573e+03
6.860917e-02, 2.087165e+03
6.864877e-02, 2.085758e+03
6.868835e-02, 2.084352e+03
6.872794e-02, 2.082947e+03
6.876752e-02, 2.081544e+03
6.880710e-02, 2.080141e+03
6.884670e-02, 2.078738e+03
6.888630e-02, 2.077334e+03
6.892591e-02, 2.075930e+03
6.896552e-02, 2.074526e+03
6.900513e-02, 2.073122e+03
6.904474e-02, 2.071719e+03
6.908434e-02, 2.070317e+03
6.912394e-02, 2.068916e+03
6.916354e-02, 2.067516e+03
6.920313e-02, 2.066117e+03
6.924271e-02, 2.064720e+03
6.928229e-02, 2.063324e+03
6.932186e-02, 2.061929e+03
6.936142e-02, 2.060535e+03
6.940098e-02, 2.059143e+03
6.944054e-02, 2.057752e+03
6.948008e-02, 2.056362e+03
6.951961e-02, 2.054975e+03
6.955913e-02, 2.053589e+03
6.959864e-02, 2.052205e+03
6.963813e-02, 2.050823e+03
6.967762e-02, 2.049443e+03
6.971710e-02, 2.048065e+03
6.975658e-02, 2.046687e+03
6.979606e-02, 2.045310e+03
6.983553e-02, 2.043934e+03
6.987500e-02, 2.042559e+03
6.991447e-02, 2.041184e+03
6.995394e-02, 2.039810e+03
6.999341e-02, 2.038437e+03
7.003287e-02, 2.037065e+03
7.007233e-02, 2.035694e+03
7.011178e-02, 2.034325e+03
7.015124e-02, 2.032956e+03
7.019069e-02, 2.031588e+03
7.023015e-02, 2.030220e+03
7.026961e-02, 2.028853e+03
7.030906e-02, 2.027487e+03
7.034851e-02, 2.026122e+03
7.038795e-02, 2.024758e+03
7.042738e-02, 2.023396e+03
7.046682e-02, 2.022034e+03
7.050626e-02, 2.020673e+03
7.054570e-02, 2.019312e+03
7.058513e-02, 2.017952e+03
7.062457e-02, 2.016593e+03
7.066399e-02, 2.015235e+03
7.070342e-02, 2.013878e+03
7.074283e-02, 2.012522e+03
7.078225e-02, 2.011166e+03
7.082167e-02, 2.009812e+03
7.086107e-02, 2.008459e+03
7.090048e-02, 2.007106e+03
7.093987e-02, 2.005756e+03
7.097926e-02, 2.004406e+03
7.101863e-02, 2.003058e+03
7.105800e-02, 2.001712e+03
7.109736e-02, 2.000368e+03
7.113670e-02, 1.999025e+03
7.117603e-02, 1.997685e+03
7.121535e-02, 1.996346e+03
7.125466e-02, 1.995010e+03
7.129396e-02, 1.993675e+03
7.133324e-02, 1.992343e+03
7.137251e-02, 1.991012e+03
7.141178e-02, 1.989683e+03
7.145106e-02, 1.988354e+03
7.149036e-02, 1.987024e+03
7.152966e-02, 1.985693e+03
7.156897e-02, 1.984362e+03
7.160829e-02, 1.983030e+03
7.164760e-02, 1.981699e+03
7.168691e-02, 1.980368e+03
7.172622e-02, 1.979038e+03
7.176552e-02, 1.977709e+03
7.180482e-02, 1.976381e+03
7.184412e-02, 1.975054e+03
7.188341e-02, 1.973728e+03
7.192270e-02, 1.972403e+03
7.196198e-02, 1.971079e+03
7.200125e-02, 1.969756e+03
7.204052e-02, 1.968435e+03
7.207978e-02, 1.967116e+03
7.211902e-02, 1.965798e+03
7.215826e-02, 1.964482e+03
7.219748e-02, 1.963168e+03
7.223669e-02, 1.961856e+03
7.227590e-02, 1.960546e+03
7.231509e-02, 1.959238e+03
7.235427e-02, 1.957931e+03
7.239344e-02, 1.956626e+03
7.243260e-02, 1.955323e+03
7.247175e-02, 1.954022e+03
7.251089e-02, 1.952722e+03
7.255002e-02, 1.951424e+03
7.258914e-02, 1.950127e+03
7.262825e-02, 1.948833e+03
7.266734e-02, 1.947540e+03
7.270643e-02, 1.946249e+03
7.274551e-02, 1.944959e+03
7.278458e-02, 1.943671e+03
7.282365e-02, 1.942385e+03
7.286271e-02, 1.941100e+03
7.290176e-02, 1.939816e+03
7.294081e-02, 1.938533e+03
7.297986e-02, 1.937250e+03
7.301891e-02, 1.935969e+03
7.305796e-02, 1.934688e+03
7.309702e-02, 1.933407e+03
7.313608e-02, 1.932126e+03
7.317513e-02, 1.930846e+03
7.321418e-02, 1.929566e+03
7.325323e-02, 1.928288e+03
7.329227e-02, 1.927010e+03
7.333131e-02, 1.925734e+03
7.337033e-02, 1.924459e+03
7.340935e-02, 1.923186e+03
7.344836e-02, 1.921914e+03
7.348736e-02, 1.920644e+03
7.352636e-02, 1.919374e+03
7.356536e-02, 1.918106e+03
7.360436e-02, 1.916837e+03
7.364338e-02, 1.915567e+03
7.368241e-02, 1.914297e+03
7.372143e-02, 1.913026e+03
7.376046e-02, 1.911756e+03
7.379949e-02, 1.910485e+03
7.383852e-02, 1.909215e+03
7.387754e-02, 1.907946e+03
7.391657e-02, 1.906677e+03
7.395560e-02, 1.905408e+03
7.399464e-02, 1.904138e+03
7.403369e-02, 1.902868e+03
7.407273e-02, 1.901599e+03
7.411178e-02, 1.900329e+03
7.415083e-02, 1.899060e+03
7.418987e-02, 1.897791e+03
7.422891e-02, 1.896523e+03
7.426795e-02, 1.895256e+03
7.430699e-02, 1.893989e+03
7.434604e-02, 1.892722e+03
7.438509e-02, 1.891455e+03
7.442414e-02, 1.890187e+03
7.446320e-02, 1.888920e+03
7.450226e-02, 1.887653e+03
7.454132e-02, 1.886386e+03
7.458039e-02, 1.885119e+03
7.461947e-02, 1.883852e+03
7.465856e-02, 1.882583e+03
7.469766e-02, 1.881314e+03
7.473676e-02, 1.880044e+03
7.477587e-02, 1.878775e+03
7.481497e-02, 1.877506e+03
7.485407e-02, 1.876237e+03
7.489316e-02, 1.874969e+03
7.493225e-02, 1.873702e+03
7.497134e-02, 1.872437e+03
7.501042e-02, 1.871172e+03
7.504949e-02, 1.869909e+03
7.508855e-02, 1.868646e+03
7.512761e-02, 1.867385e+03
7.516666e-02, 1.866126e+03
7.520570e-02, 1.864868e+03
7.524473e-02, 1.863612e+03
7.528375e-02, 1.862357e+03
7.532277e-02, 1.861103e+03
7.536177e-02, 1.859852e+03
7.540076e-02, 1.858602e+03
7.543974e-02, 1.857353e+03
7.547871e-02, 1.856107e+03
7.551767e-02, 1.854862e+03
7.555663e-02, 1.853618e+03
7.559558e-02, 1.852376e+03
7.563452e-02, 1.851135e+03
7.567347e-02, 1.849894e+03
7.571244e-02, 1.848653e+03
7.575142e-02, 1.847411e+03
7.579040e-02, 1.846167e+03
7.582939e-02, 1.844923e+03
7.586839e-02, 1.843679e+03
7.590739e-02, 1.842435e+03
7.594638e-02, 1.841191e+03
7.598537e-02, 1.839948e+03
7.602436e-02, 1.838706e+03
7.606335e-02, 1.837464e+03
7.610233e-02, 1.836224e+03
7.614130e-02, 1.834984e+03
7.618027e-02, 1.833746e+03
7.621923e-02, 1.832509e+03
7.625818e-02, 1.831274e+03
7.629712e-02, 1.830040e+03
7.633605e-02, 1.828807e+03
7.637497e-02, 1.827576e+03
7.641389e-02, 1.826347e+03
7.645280e-02, 1.825118e+03
7.649171e-02, 1.823891e+03
7.653062e-02, 1.822665e+03
7.656952e-02, 1.821439e+03
7.660843e-02, 1.820213e+03
7.664734e-02, 1.818988e+03
7.668624e-02, 1.817763e+03
7.672514e-02, 1.816540e+03
7.676403e-02, 1.815317e+03
7.680292e-02, 1.814095e+03
7.684181e-02, 1.812874e+03
7.688069e-02, 1.811655e+03
7.691956e-02, 1.810436e+03
7.695843e-02, 1.809219e+03
7.699729e-02, 1.808003e+03
7.703615e-02, 1.806789e+03
7.707499e-02, 1.805576e+03
7.711383e-02, 1.804364e+03
7.715265e-02, 1.803154e+03
7.719147e-02, 1.801946e+03
7.723027e-02, 1.800740e+03
7.726907e-02, 1.799535e+03
7.730785e-02, 1.798332e+03
7.734663e-02, 1.797131e+03
7.738540e-02, 1.795931e+03
7.742416e-02, 1.794733e+03
7.746292e-02, 1.793535e+03
7.750167e-02, 1.792338e+03
7.754042e-02, 1.791142e+03
7.757917e-02, 1.789948e+03
7.761791e-02, 1.788754e+03
7.765664e-02, 1.787562e+03
7.769537e-02, 1.786370e+03
7.773409e-02, 1.785180e+03
7.777282e-02, 1.783990e+03
7.781154e-02, 1.782801e+03
7.785027e-02, 1.781613e+03
7.788898e-02, 1.780425e+03
7.792770e-02, 1.779239e+03
7.796641e-02, 1.778054e+03
7.800512e-02, 1.776869e+03
7.804383e-02, 1.775686e+03
7.808254e-02, 1.774502e+03
7.812126e-02, 1.773319e+03
7.815998e-02, 1.772136e+03
7.819870e-02, 1.770953e+03
7.823743e-02, 1.769769e+03
7.827616e-02, 1.768586e+03
7.831488e-02, 1.767403e+03
7.835360e-02, 1.766221e+03
7.839232e-02, 1.765040e+03
7.843103e-02, 1.763859e+03
7.846973e-02, 1.762680e+03
7.850843e-02, 1.761503e+03
7.854712e-02, 1.760326e+03
7.858579e-02, 1.759151e+03
7.862447e-02, 1.757978e+03
7.866313e-02, 1.756805e+03
7.870179e-02, 1.755635e+03
7.874044e-02, 1.754465e+03
7.877908e-02, 1.753298e+03
7.881772e-02, 1.752131e+03
7.885634e-02, 1.750967e+03
7.889496e-02, 1.749803e+03
7.893358e-02, 1.748641e+03
7.897219e-02, 1.747480e+03
7.901079e-02, 1.746321e+03
7.904938e-02, 1.745163e+03
7.908797e-02, 1.744007e+03
7.912655e-02, 1.742851e+03
7.916513e-02, 1.741697e+03
7.920370e-02, 1.740545e+03
7.924226e-02, 1.739393e+03
7.928082e-02, 1.738243e+03
7.931936e-02, 1.737095e+03
7.935790e-02, 1.735948e+03
7.939642e-02, 1.734803e+03
7.943494e-02, 1.733660e+03
7.947344e-02, 1.732518e+03
7.951193e-02, 1.731379e+03
7.955042e-02, 1.730241e+03
7.958889e-02, 1.729104e+03
7.962736e-02, 1.727969e+03
7.966584e-02, 1.726835e+03
7.970432e-02, 1.725701e+03
7.974280e-02, 1.724566e+03
7.978131e-02, 1.723431e+03
7.981982e-02, 1.722295e+03
7.985835e-02, 1.721158e+03
7.989688e-02, 1.720021e+03
7.993541e-02, 1.718883e+03
7.997395e-02, 1.717745e+03
8.001250e-02, 1.716607e+03
8.005106e-02, 1.715468e+03
8.008963e-02, 1.714329e+03
8.012820e-02, 1.713189e+03
8.016677e-02, 1.712050e+03
8.020534e-02, 1.710911e+03
8.024391e-02, 1.709773e+03
8.028247e-02, 1.708636e+03
8.032103e-02, 1.707499e+03
8.035959e-02, 1.706364e+03
8.039814e-02, 1.705229e+03
8.043671e-02, 1.704094e+03
8.047527e-02, 1.702960e+03
8.051383e-02, 1.701827e+03
8.055238e-02, 1.700695e+03
8.059093e-02, 1.699564e+03
8.062947e-02, 1.698434e+03
8.066801e-02, 1.697305e+03
8.070654e-02, 1.696178e+03
8.074506e-02, 1.695052e+03
8.078356e-02, 1.693928e+03
8.082206e-02, 1.692806e+03
8.086055e-02, 1.691685e+03
8.089903e-02, 1.690566e+03
8.093749e-02, 1.689449e+03
8.097594e-02, 1.688333e+03
8.101439e-02, 1.687220e+03
8.105282e-02, 1.686108e+03
8.109124e-02, 1.684998e+03
8.112966e-02, 1.683889e+03
8.116806e-02, 1.682782e+03
8.120646e-02, 1.681676e+03
8.124485e-02, 1.680572e+03
8.128323e-02, 1.679470e+03
8.132160e-02, 1.678369e+03
8.135996e-02, 1.677270e+03
8.139831e-02, 1.676172e+03
8.143665e-02, 1.675076e+03
8.147499e-02, 1.673981e+03
8.151333e-02, 1.672887e+03
8.155167e-02, 1.671793e+03
8.159000e-02, 1.670701e+03
8.162833e-02, 1.669609e+03
8.166664e-02, 1.668518e+03
8.170496e-02, 1.667429e+03
8.174328e-02, 1.666339e+03
8.178160e-02, 1.665250e+03
8.181993e-02, 1.664161e+03
8.185825e-02, 1.663072e+03
8.189658e-02, 1.661983e+03
8.193491e-02, 1.660895e+03
8.197324e-02, 1.659806e+03
8.201156e-02, 1.658718e+03
8.204989e-02, 1.657631e+03
8.208821e-02, 1.656544e+03
8.212652e-02, 1.655459e+03
8.216482e-02, 1.654375e+03
8.220312e-02, 1.653292e+03
8.224141e-02, 1.652211e+03
8.227969e-02, 1.651131e+03
8.231795e-02, 1.650052e+03
8.235621e-02, 1.648976e+03
8.239446e-02, 1.647900e+03
8.243270e-02, 1.646827e+03
8.247092e-02, 1.645755e+03
8.250914e-02, 1.644685e+03
8.254734e-02, 1.643616e+03
8.258554e-02, 1.642549e+03
8.262372e-02, 1.641484e+03
8.266190e-02, 1.640420e+03
8.270007e-02, 1.639358e+03
8.273824e-02, 1.638297e+03
8.277639e-02, 1.637237e+03
8.281453e-02, 1.636179e+03
8.285267e-02, 1.635122e+03
8.289079e-02, 1.634067e+03
8.292891e-02, 1.633014e+03
8.296701e-02, 1.631962e+03
8.300510e-02, 1.630912e+03
8.304319e-02, 1.629864e+03
8.308126e-02, 1.628817e+03
8.311933e-02, 1.627771e+03
8.315738e-02, 1.626728e+03
8.319543e-02, 1.625686e+03
8.323347e-02, 1.624645e+03
8.327150e-02, 1.623606e+03
8.330951e-02, 1.622569e+03
8.334752e-02, 1.621533e+03
8.338552e-02, 1.620499e+03
8.342351e-02, 1.619466e+03
8.346148e-02, 1.618435e+03
8.349945e-02, 1.617406e+03
8.353742e-02, 1.616377e+03
8.357539e-02, 1.615349e+03
8.361335e-02, 1.614322e+03
8.365131e-02, 1.613297e+03
8.368926e-02, 1.612272e+03
8.372721e-02, 1.611248e+03
8.376516e-02, 1.610225e+03
8.380310e-02, 1.609202e+03
8.384106e-02, 1.608180e+03
8.387903e-02, 1.607157e+03
8.391700e-02, 1.606133e+03
8.395499e-02, 1.605109e+03
8.399297e-02, 1.604084e+03
8.403096e-02, 1.603060e+03
8.406894e-02, 1.602036e+03
8.410692e-02, 1.601013e+03
8.414489e-02, 1.599991e+03
8.418286e-02, 1.598970e+03
8.422082e-02, 1.597949e+03
8.425878e-02, 1.596931e+03
8.429672e-02, 1.595913e+03
8.433465e-02, 1.594897e+03
8.437258e-02, 1.593882e+03
8.441050e-02, 1.592869e+03
8.444840e-02, 1.591858e+03
8.448630e-02, 1.590847e+03
8.452418e-02, 1.589839e+03
8.456206e-02, 1.588832e+03
8.459993e-02, 1.587826e+03
8.463778e-02, 1.586822e+03
8.467563e-02, 1.585819e+03
8.471347e-02, 1.584818e+03
8.475130e-02, 1.583819e+03
8.478912e-02, 1.582821e+03
8.482692e-02, 1.581824e+03
8.486472e-02, 1.580830e+03
8.490251e-02, 1.579836e+03
8.494028e-02, 1.578845e+03
8.497805e-02, 1.577855e+03
8.501581e-02, 1.576866e+03
8.505356e-02, 1.575879e+03
8.509131e-02, 1.574892e+03
8.512906e-02, 1.573907e+03
8.516680e-02, 1.572922e+03
8.520454e-02, 1.571939e+03
8.524227e-02, 1.570956e+03
8.528000e-02, 1.569975e+03
8.531772e-02, 1.568995e+03
8.535543e-02, 1.568017e+03
8.539313e-02, 1.567040e+03
8.543082e-02, 1.566064e+03
8.546851e-02, 1.565089e+03
8.550619e-02, 1.564116e+03
8.554386e-02, 1.563144e+03
8.558152e-02, 1.562174e+03
8.561918e-02, 1.561204e+03
8.565684e-02, 1.560235e+03
8.569451e-02, 1.559266e+03
8.573218e-02, 1.558297e+03
8.576987e-02, 1.557327e+03
8.580757e-02, 1.556355e+03
8.584528e-02, 1.555383e+03
8.588300e-02, 1.554410e+03
8.592073e-02, 1.553436e+03
8.595846e-02, 1.552462e+03
8.599619e-02, 1.551489e+03
8.603393e-02, 1.550515e+03
8.607167e-02, 1.549541e+03
8.610941e-02, 1.548567e+03
8.614716e-02, 1.547593e+03
8.618490e-02, 1.546620e+03
8.622263e-02, 1.545648e+03
8.626036e-02, 1.544676e+03
8.629808e-02, 1.543706e+03
8.633580e-02, 1.542736e+03
8.637351e-02, 1.541768e+03
8.641121e-02, 1.540801e+03
8.644891e-02, 1.539835e+03
8.648660e-02, 1.538870e+03
8.652427e-02, 1.537906e+03
8.656195e-02, 1.536944e+03
8.659961e-02, 1.535983e+03
8.663726e-02, 1.535023e+03
8.667491e-02, 1.534065e+03
8.671254e-02, 1.533108e+03
8.675017e-02, 1.532153e+03
8.678779e-02, 1.531198e+03
8.682540e-02, 1.530245e+03
8.686300e-02, 1.529294e+03
8.690059e-02, 1.528344e+03
8.693818e-02, 1.527394e+03
8.697577e-02, 1.526446e+03
8.701335e-02, 1.525499e+03
8.705093e-02, 1.524552e+03
8.708850e-02, 1.523607e+03
8.712606e-02, 1.522662e+03
8.716362e-02, 1.521719e+03
8.720118e-02, 1.520776e+03
8.723872e-02, 1.519835e+03
8.727626e-02, 1.518895e+03
8.731379e-02, 1.517957e+03
8.735132e-02, 1.517019e+03
8.738886e-02, 1.516081e+03
8.742640e-02, 1.515143e+03
8.746394e-02, 1.514205e+03
8.750148e-02, 1.513267e+03
8.753903e-02, 1.512329e+03
8.757657e-02, 1.511392e+03
8.761410e-02, 1.510455e+03
8.765163e-02, 1.509519e+03
8.768915e-02, 1.508585e+03
8.772666e-02, 1.507651e+03
8.776417e-02, 1.506718e+03
8.780167e-02, 1.505787e+03
8.783916e-02, 1.504856e+03
8.787665e-02, 1.503927e+03
8.791412e-02, 1.502999e+03
8.795159e-02, 1.502072e+03
8.798906e-02, 1.501146e+03
8.802652e-02, 1.500221e+03
8.806397e-02, 1.499297e+03
8.810143e-02, 1.498374e+03
8.813889e-02, 1.497451e+03
8.817635e-02, 1.496528e+03
8.821382e-02, 1.495605e+03
8.825129e-02, 1.494683e+03
8.828877e-02, 1.493760e+03
8.832626e-02, 1.492836e+03
8.836374e-02, 1.491913e+03
8.840123e-02, 1.490990e+03
8.843872e-02, 1.490067e+03
8.847620e-02, 1.489144e+03
8.851368e-02, 1.488223e+03
8.855116e-02, 1.487302e+03
8.858862e-02, 1.486382e+03
8.862608e-02, 1.485463e+03
8.866354e-02, 1.484545e+03
8.870099e-02, 1.483629e+03
8.873842e-02, 1.482713e+03
8.877586e-02, 1.481799e+03
8.881328e-02, 1.480885e+03
8.885070e-02, 1.479973e+03
8.888811e-02, 1.479062e+03
8.892551e-02, 1.478153e+03
8.896290e-02, 1.477244e+03
8.900029e-02, 1.476337e+03
8.903768e-02, 1.475430e+03
8.907506e-02, 1.474524e+03
8.911244e-02, 1.473619e+03
8.914981e-02, 1.472715e+03
8.918718e-02, 1.471813e+03
8.922454e-02, 1.470911e+03
8.926190e-02, 1.470010e+03
8.929925e-02, 1.469110e+03
8.933659e-02, 1.468212e+03
8.937392e-02, 1.467315e+03
8.941125e-02, 1.466418e+03
8.944856e-02, 1.465523e+03
8.948587e-02, 1.464630e+03
8.952318e-02, 1.463737e+03
8.956047e-02, 1.462846e+03
8.959776e-02, 1.461955e+03
8.963504e-02, 1.461066e+03
8.967231e-02, 1.460179e+03
8.970957e-02, 1.459292e+03
8.974683e-02, 1.458406e+03
8.978408e-02, 1.457522e+03
8.982131e-02, 1.456639e+03
8.985855e-02, 1.455757e+03
8.989577e-02, 1.454876e+03
8.993299e-02, 1.453997e+03
8.997020e-02, 1.453118e+03
9.000742e-02, 1.452240e+03
9.004464e-02, 1.451362e+03
9.008186e-02, 1.450483e+03
9.011909e-02, 1.449605e+03
9.015631e-02, 1.448727e+03
9.019353e-02, 1.447850e+03
9.023075e-02, 1.446973e+03
9.026797e-02, 1.446097e+03
9.030518e-02, 1.445221e+03
9.034239e-02, 1.444347e+03
9.037959e-02, 1.443473e+03
9.041679e-02, 1.442600e+03
9.045399e-02, 1.441728e+03
9.049118e-02, 1.440856e+03
9.052837e-02, 1.439985e+03
9.056556e-02, 1.439115e+03
9.060274e-02, 1.438246e+03
9.063991e-02, 1.437378e+03
9.067708e-02, 1.436511e+03
9.071424e-02, 1.435645e+03
9.075139e-02, 1.434780e+03
9.078854e-02, 1.433916e+03
9.082568e-02, 1.433053e+03
9.086281e-02, 1.432191e+03
9.089994e-02, 1.431330e+03
9.093707e-02, 1.430470e+03
9.097420e-02, 1.429610e+03
9.101133e-02, 1.428751e+03
9.104846e-02, 1.427891e+03
9.108559e-02, 1.427033e+03
9.112272e-02, 1.426175e+03
9.115985e-02, 1.425317e+03
9.119698e-02, 1.424460e+03
9.123411e-02, 1.423603e+03
9.127125e-02, 1.422745e+03
9.130840e-02, 1.421887e+03
9.134554e-02, 1.421029e+03
9.138269e-02, 1.420172e+03
9.141983e-02, 1.419314e+03
9.145698e-02, 1.418457e+03
9.149411e-02, 1.417600e+03
9.153125e-02, 1.416744e+03
9.156838e-02, 1.415889e+03
9.160551e-02, 1.415035e+03
9.164263e-02, 1.414181e+03
9.167974e-02, 1.413328e+03
9.171685e-02, 1.412476e+03
9.175395e-02, 1.411625e+03
9.179105e-02, 1.410775e+03
9.182814e-02, 1.409926e+03
9.186522e-02, 1.409078e+03
9.190231e-02, 1.408230e+03
9.193940e-02, 1.407382e+03
9.197649e-02, 1.406535e+03
9.201358e-02, 1.405688e+03
9.205067e-02, 1.404841e+03
9.208776e-02, 1.403995e+03
9.212484e-02, 1.403150e+03
9.216192e-02, 1.402305e+03
9.219900e-02, 1.401461e+03
9.223607e-02, 1.400618e+03
9.227313e-02, 1.399776e+03
9.231020e-02, 1.398934e+03
9.234727e-02, 1.398093e+03
9.238434e-02, 1.397251e+03
9.242141e-02, 1.396410e+03
9.245849e-02, 1.395569e+03
9.249557e-02, 1.394727e+03
9.253265e-02, 1.393886e+03
9.256975e-02, 1.393043e+03
9.260686e-02, 1.392200e+03
9.264397e-02, 1.391357e+03
9.268109e-02, 1.390513e+03
9.271821e-02, 1.389669e+03
9.275534e-02, 1.388825e+03
9.279246e-02, 1.387982e+03
9.282959e-02, 1.387138e+03
9.286671e-02, 1.386296e+03
9.290384e-02, 1.385453e+03
9.294096e-02, 1.384612e+03
9.297807e-02, 1.383771e+03
9.301518e-02, 1.382931e+03
9.305229e-02, 1.382091e+03
9.308939e-02, 1.381253e+03
9.312648e-02, 1.380415e+03
9.316357e-02, 1.379578e+03
9.320065e-02, 1.378743e+03
9.323773e-02, 1.377908e+03
9.327480e-02, 1.377074e+03
9.331187e-02, 1.376241e+03
9.334892e-02, 1.375409e+03
9.338598e-02, 1.374578e+03
9.342302e-02, 1.373748e+03
9.346006e-02, 1.372918e+03
9.349710e-02, 1.372090e+03
9.353413e-02, 1.371263e+03
9.357115e-02, 1.370436e+03
9.360817e-02, 1.369611e+03
9.364518e-02, 1.368786e+03
9.368220e-02, 1.367962e+03
9.371921e-02, 1.367138e+03
9.375622e-02, 1.366315e+03
9.379322e-02, 1.365492e+03
9.383022e-02, 1.364671e+03
9.386722e-02, 1.363850e+03
9.390421e-02, 1.363030e+03
9.394119e-02, 1.362211e+03
9.397817e-02, 1.361393e+03
9.401514e-02, 1.360575e+03
9.405211e-02, 1.359758e+03
9.408908e-02, 1.358942e+03
9.412604e-02, 1.358126e+03
9.416300e-02, 1.357311e+03
9.419996e-02, 1.356496e+03
9.423691e-02, 1.355682e+03
9.427386e-02, 1.354869e+03
9.431080e-02, 1.354057e+03
9.434774e-02, 1.353245e+03
9.438468e-02, 1.352434e+03
9.442163e-02, 1.351623e+03
9.445858e-02, 1.350811e+03
9.449554e-02, 1.349999e+03
9.453251e-02, 1.349187e+03
9.456948e-02, 1.348375e+03
9.460646e-02, 1.347564e+03
9.464343e-02, 1.346752e+03
9.468040e-02, 1.345941e+03
9.471736e-02, 1.345130e+03
9.475433e-02, 1.344320e+03
9.479129e-02, 1.343511e+03
9.482824e-02, 1.342702e+03
9.486520e-02, 1.341894e+03
9.490217e-02, 1.341086e+03
9.493913e-02, 1.340277e+03
9.497611e-02, 1.339468e+03
9.501308e-02, 1.338659e+03
9.505006e-02, 1.337850e+03
9.508703e-02, 1.337042e+03
9.512400e-02, 1.336233e+03
9.516097e-02, 1.335425e+03
9.519794e-02, 1.334618e+03
9.523490e-02, 1.333811e+03
9.527185e-02, 1.333005e+03
9.530881e-02, 1.332200e+03
9.534575e-02, 1.331395e+03
9.538270e-02, 1.330591e+03
9.541963e-02, 1.329788e+03
9.545657e-02, 1.328986e+03
9.549350e-02, 1.328185e+03
9.553043e-02, 1.327383e+03
9.556737e-02, 1.326581e+03
9.560431e-02, 1.325780e+03
9.564126e-02, 1.324978e+03
9.567820e-02, 1.324177e+03
9.571513e-02, 1.323376e+03
9.575207e-02, 1.322575e+03
9.578900e-02, 1.321775e+03
9.582593e-02, 1.320975e+03
9.586287e-02, 1.320176e+03
9.589982e-02, 1.319376e+03
9.593677e-02, 1.318576e+03
9.597372e-02, 1.317777e+03
9.601067e-02, 1.316977e+03
9.604763e-02, 1.316179e+03
9.608458e-02, 1.315380e+03
9.612153e-02, 1.314582e+03
9.615848e-02, 1.313785e+03
9.619543e-02, 1.312987e+03
9.623239e-02, 1.312189e+03
9.626935e-02, 1.311391e+03
9.630631e-02, 1.310594e+03
9.634326e-02, 1.309797e+03
9.638021e-02, 1.309001e+03
9.641716e-02, 1.308205e+03
9.645410e-02, 1.307410e+03
9.649104e-02, 1.306616e+03
9.652798e-02, 1.305822e+03
9.656491e-02, 1.305029e+03
9.660183e-02, 1.304237e+03
9.663875e-02, 1.303446e+03
9.667566e-02, 1.302655e+03
9.671257e-02, 1.301866e+03
9.674947e-02, 1.301077e+03
9.678637e-02, 1.300289e+03
9.682326e-02, 1.299502e+03
9.686014e-02, 1.298716e+03
9.689702e-02, 1.297931e+03
9.693389e-02, 1.297147e+03
9.697076e-02, 1.296363e+03
9.700762e-02, 1.295580e+03
9.704448e-02, 1.294798e+03
9.708133e-02, 1.294018e+03
9.711817e-02, 1.293237e+03
9.715502e-02, 1.292458e+03
9.719186e-02, 1.291679e+03
9.722870e-02, 1.290901e+03
9.726555e-02, 1.290123e+03
9.730239e-02, 1.289345e+03
9.733922e-02, 1.288568e+03
9.737605e-02, 1.287792e+03
9.741288e-02, 1.287016e+03
9.744970e-02, 1.286241e+03
9.748652e-02, 1.285467e+03
9.752333e-02, 1.284693e+03
9.756014e-02, 1.283921e+03
9.759694e-02, 1.283149e+03
9.763373e-02, 1.282378e+03
9.767052e-02, 1.281607e+03
9.770731e-02, 1.280838e+03
9.774409e-02, 1.280069e+03
9.778086e-02, 1.279302e+03
9.781763e-02, 1.278535e+03
9.785440e-02, 1.277768e+03
9.789115e-02, 1.277003e+03
9.792791e-02, 1.276238e+03
9.796465e-02, 1.275475e+03
9.800140e-02, 1.274712e+03
9.803813e-02, 1.273950e+03
9.807486e-02, 1.273188e+03
9.811159e-02, 1.272428e+03
9.814831e-02, 1.271668e+03
9.818503e-02, 1.270909e+03
9.822174e-02, 1.270151e+03
9.825845e-02, 1.269394e+03
9.829515e-02, 1.268637e+03
9.833185e-02, 1.267881e+03
9.836855e-02, 1.267126e+03
9.840523e-02, 1.266372e+03
9.844192e-02, 1.265618e+03
9.847859e-02, 1.264866e+03
9.851527e-02, 1.264114e+03
9.855196e-02, 1.263361e+03
9.858865e-02, 1.262609e+03
9.862534e-02, 1.261856e+03
9.866204e-02, 1.261102e+03
9.869874e-02, 1.260349e+03
9.873544e-02, 1.259596e+03
9.877214e-02, 1.258843e+03
9.880884e-02, 1.258090e+03
9.884553e-02, 1.257338e+03
9.888222e-02, 1.256587e+03
9.891891e-02, 1.255835e+03
9.895561e-02, 1.255084e+03
9.899230e-02, 1.254333e+03
9.902899e-02, 1.253583e+03
9.906568e-02, 1.252833e+03
9.910236e-02, 1.252084e+03
9.913905e-02, 1.251335e+03
9.917573e-02, 1.250587e+03
9.921240e-02, 1.249839e+03
9.924908e-02, 1.249092e+03
9.928574e-02, 1.248346e+03
9.932242e-02, 1.247600e+03
9.935910e-02, 1.246854e+03
9.939579e-02, 1.246108e+03
9.943248e-02, 1.245361e+03
9.946919e-02, 1.244614e+03
9.950589e-02, 1.243866e+03
9.954259e-02, 1.243119e+03
9.957930e-02, 1.242373e+03
9.961600e-02, 1.241626e+03
9.965271e-02, 1.240879e+03
9.968943e-02, 1.240133e+03
9.972614e-02, 1.239386e+03
9.976286e-02, 1.238640e+03
9.979957e-02, 1.237894e+03
9.983628e-02, 1.237148e+03
9.987299e-02, 1.236403e+03
9.990970e-02, 1.235658e+03
9.994640e-02, 1.234915e+03
9.998310e-02, 1.234171e+03
1.000198e-01, 1.233429e+03
1.000565e-01, 1.232687e+03
1.000932e-01, 1.231946e+03
1.001299e-01, 1.231205e+03
1.001665e-01, 1.230466e+03
1.002032e-01, 1.229727e+03
1.002399e-01, 1.228989e+03
1.002765e-01, 1.228251e+03
1.003132e-01, 1.227515e+03
1.003498e-01, 1.226779e+03
1.003865e-01, 1.226044e+03
1.004231e-01, 1.225310e+03
1.004598e-01, 1.224576e+03
1.004965e-01, 1.223841e+03
1.005331e-01, 1.223107e+03
1.005698e-01, 1.222372e+03
1.006064e-01, 1.221638e+03
1.006431e-01, 1.220904e+03
1.006798e-01, 1.220170e+03
1.007164e-01, 1.219437e+03
1.007531e-01, 1.218705e+03
1.007897e-01, 1.217973e+03
1.008263e-01, 1.217242e+03
1.008630e-01, 1.216511e+03
1.008996e-01, 1.215782e+03
1.009362e-01, 1.215053e+03
1.009729e-01, 1.214325e+03
1.010095e-01, 1.213597e+03
1.010461e-01, 1.212870e+03
1.010827e-01, 1.212144e+03
1.011193e-01, 1.211419e+03
1.011559e-01, 1.210694e+03
1.011926e-01, 1.209969e+03
1.012292e-01, 1.209245e+03
1.012658e-01, 1.208521e+03
1.013024e-01, 1.207797e+03
1.013390e-01, 1.207074e+03
1.013756e-01, 1.206350e+03
1.014123e-01, 1.205627e+03
1.014489e-01, 1.204904e+03
1.014855e-01, 1.204182e+03
1.015221e-01, 1.203460e+03
1.015588e-01, 1.202738e+03
1.015954e-01, 1.202018e+03
1.016320e-01, 1.201298e+03
1.016686e-01, 1.200579e+03
1.017052e-01, 1.199860e+03
1.017418e-01, 1.199142e+03
1.017784e-01, 1.198426e+03
1.018149e-01, 1.197709e+03
1.018515e-01, 1.196994e+03
1.018881e-01, 1.196280e+03
1.019247e-01, 1.195566e+03
1.019612e-01, 1.194853e+03
1.019978e-01, 1.194141e+03
1.020343e-01, 1.193430e+03
1.020709e-01, 1.192720e+03
1.021074e-01, 1.192011e+03
1.021439e-01, 1.191302e+03
1.021805e-01, 1.190594e+03
1.022170e-01, 1.189887e+03
1.022535e-01, 1.189181e+03
1.022900e-01, 1.188476e+03
1.023265e-01, 1.187772e+03
1.023630e-01, 1.187068e+03
1.023995e-01, 1.186365e+03
1.024360e-01, 1.185663e+03
1.024725e-01, 1.184962e+03
1.025089e-01, 1.184262e+03
1.025454e-01, 1.183563e+03
1.025819e-01, 1.182864e+03
1.026183e-01, 1.182167e+03
1.026548e-01, 1.181470e+03
1.026912e-01, 1.180774e+03
1.027277e-01, 1.180079e+03
1.027641e-01, 1.179384e+03
1.028006e-01, 1.178690e+03
1.028370e-01, 1.177996e+03
1.028735e-01, 1.177301e+03
1.029099e-01, 1.176607e+03
1.029464e-01, 1.175914e+03
1.029828e-01, 1.175220e+03
1.030193e-01, 1.174526e+03
1.030558e-01, 1.173831e+03
1.030922e-01, 1.173135e+03
1.031287e-01, 1.172440e+03
1.031652e-01, 1.171744e+03
1.032017e-01, 1.171049e+03
1.032382e-01, 1.170353e+03
1.032747e-01, 1.169658e+03
1.033111e-01, 1.168963e+03
1.033476e-01, 1.168269e+03
1.033841e-01, 1.167576e+03
1.034205e-01, 1.166883e+03
1.034570e-01, 1.166190e+03
1.034935e-01, 1.165498e+03
1.035299e-01, 1.164805e+03
1.035664e-01, 1.164113e+03
1.036029e-01, 1.163420e+03
1.036394e-01, 1.162727e+03
1.036759e-01, 1.162033e+03
1.037124e-01, 1.161340e+03
1.037489e-01, 1.160646e+03
1.037854e-01, 1.159952e+03
1.038219e-01, 1.159258e+03
1.038585e-01, 1.158564e+03
1.038950e-01, 1.157869e+03
1.039315e-01, 1.157174e+03
1.039680e-01, 1.156479e+03
1.040046e-01, 1.155785e+03
1.040411e-01, 1.155090e+03
1.040776e-01, 1.154396e+03
1.041142e-01, 1.153703e+03
1.041507e-01, 1.153010e+03
1.041872e-01, 1.152317e+03
1.042237e-01, 1.151625e+03
1.042602e-01, 1.150934e+03
1.042967e-01, 1.150244e+03
1.043332e-01, 1.149554e+03
1.043697e-01, 1.148865e+03
1.044062e-01, 1.148177e+03
1.044427e-01, 1.147489e+03
1.044791e-01, 1.146803e+03
1.045156e-01, 1.146117e+03
1.045521e-01, 1.145431e+03
1.045885e-01, 1.144747e+03
1.046250e-01, 1.144063e+03
1.046615e-01, 1.143380e+03
1.046979e-01, 1.142698e+03
1.047343e-01, 1.142017e+03
1.047708e-01, 1.141336e+03
1.048072e-01, 1.140656e+03
1.048436e-01, 1.139977e+03
1.048800e-01, 1.139299e+03
1.049165e-01, 1.138622e+03
1.049529e-01, 1.137945e+03
1.049893e-01, 1.137269e+03
1.050257e-01, 1.136594e+03
1.050621e-01, 1.135920e+03
1.050984e-01, 1.135246e+03
1.051348e-01, 1.134573e+03
1.051712e-01, 1.133901e+03
1.052076e-01, 1.133230e+03
1.052439e-01, 1.132560e+03
1.052803e-01, 1.131890e+03
1.053167e-01, 1.131221e+03
1.053530e-01, 1.130553e+03
1.053894e-01, 1.129885e+03
1.054257e-01, 1.129218e+03
1.054621e-01, 1.128551e+03
1.054984e-01, 1.127884e+03
1.055348e-01, 1.127218e+03
1.055711e-01, 1.126552e+03
1.056075e-01, 1.125887e+03
1.056438e-01, 1.125223e+03
1.056801e-01, 1.124560e+03
1.057164e-01, 1.123897e+03
1.057528e-01, 1.123235e+03
1.057891e-01, 1.122573e+03
1.058254e-01, 1.121913e+03
1.058617e-01, 1.121253e+03
1.058980e-01, 1.120593e+03
1.059343e-01, 1.119935e+03
1.059706e-01, 1.119276e+03
1.060069e-01, 1.118619e+03
1.060432e-01, 1.117962e+03
1.060795e-01, 1.117306e+03
1.061158e-01, 1.116650e+03
1.061520e-01, 1.115996e+03
1.061883e-01, 1.115342e+03
1.062246e-01, 1.114689e+03
1.062608e-01, 1.114036e+03
1.062971e-01, 1.113384e+03
1.063334e-01, 1.112734e+03
1.063696e-01, 1.112083e+03
1.064058e-01, 1.111434e+03
1.064421e-01, 1.110785e+03
1.064783e-01, 1.110138e+03
1.065145e-01, 1.109490e+03
1.065508e-01, 1.108844e+03
1.065870e-01, 1.108198e+03
1.066232e-01, 1.107553e+03
1.066594e-01, 1.106908e+03
1.066956e-01, 1.106264e+03
1.067318e-01, 1.105621e+03
1.067680e-01, 1.104979e+03
1.068042e-01, 1.104337e+03
1.068404e-01, 1.103696e+03
1.068766e-01, 1.103056e+03
1.069128e-01, 1.102416e+03
1.069490e-01, 1.101778e+03
1.069851e-01, 1.101140e+03
1.070213e-01, 1.100502e+03
1.070575e-01, 1.099866e+03
1.070936e-01, 1.099230e+03
1.071298e-01, 1.098595e+03
1.071659e-01, 1.097961e+03
1.072021e-01, 1.097327e+03
1.072382e-01, 1.096693e+03
1.072744e-01, 1.096058e+03
1.073105e-01, 1.095423e+03
1.073467e-01, 1.094788e+03
1.073829e-01, 1.094153e+03
1.074190e-01, 1.093518e+03
1.074552e-01, 1.092883e+03
1.074914e-01, 1.092248e+03
1.075275e-01, 1.091614e+03
1.075637e-01, 1.090980e+03
1.075998e-01, 1.090347e+03
1.076360e-01, 1.089714e+03
1.076721e-01, 1.089082e+03
1.077083e-01, 1.088450e+03
1.077444e-01, 1.087819e+03
1.077806e-01, 1.087188e+03
1.078167e-01, 1.086559e+03
1.078528e-01, 1.085930e+03
1.078889e-01, 1.085301e+03
1.079251e-01, 1.084673e+03
1.079612e-01, 1.084046e+03
1.079973e-01, 1.083420e+03
1.080334e-01, 1.082793e+03
1.080695e-01, 1.082167e+03
1.081056e-01, 1.081541e+03
1.081417e-01, 1.080915e+03
1.081778e-01, 1.080290e+03
1.082139e-01, 1.079664e+03
1.082501e-01, 1.079040e+03
1.082862e-01, 1.078415e+03
1.083223e-01, 1.077791e+03
1.083584e-01, 1.077168e+03
1.083944e-01, 1.076546e+03
1.084305e-01, 1.075924e+03
1.084666e-01, 1.075302e+03
1.085027e-01, 1.074681e+03
1.085388e-01, 1.074061e+03
1.085748e-01, 1.073442e+03
1.086109e-01, 1.072823e+03
1.086470e-01, 1.072205e+03
1.086830e-01, 1.071588e+03
1.087191e-01, 1.070971e+03
1.087551e-01, 1.070355e+03
1.087911e-01, 1.069740e+03
1.088272e-01, 1.069125e+03
1.088632e-01, 1.068511e+03
1.088992e-01, 1.067898e+03
1.089353e-01, 1.067286e+03
1.089713e-01, 1.066674e+03
1.090073e-01, 1.066063e+03
1.090433e-01, 1.065452e+03
1.090793e-01, 1.064842e+03
1.091153e-01, 1.064233e+03
1.091513e-01, 1.063625e+03
1.091873e-01, 1.063017e+03
1.092232e-01, 1.062410e+03
1.092592e-01, 1.061803e+03
1.092952e-01, 1.061197e+03
1.093312e-01, 1.060591e+03
1.093671e-01, 1.059986e+03
1.094031e-01, 1.059382e+03
1.094391e-01, 1.058778e+03
1.094751e-01, 1.058175e+03
1.095110e-01, 1.057572e+03
1.095470e-01, 1.056970e+03
1.095829e-01, 1.056369e+03
1.096189e-01, 1.055768e+03
1.096548e-01, 1.055169e+03
1.096908e-01, 1.054569e+03
1.097267e-01, 1.053970e+03
1.097626e-01, 1.053371e+03
1.097986e-01, 1.052772e+03
1.098345e-01, 1.052173e+03
1.098705e-01, 1.051575e+03
1.099064e-01, 1.050976e+03
1.099424e-01, 1.050378e+03
1.099784e-01, 1.049780e+03
1.100143e-01, 1.049181e+03
1.100503e-01, 1.048583e+03
1.100863e-01, 1.047984e+03
1.101222e-01, 1.047385e+03
1.101582e-01, 1.046786e+03
1.101942e-01, 1.046187e+03
1.102302e-01, 1.045588e+03
1.102662e-01, 1.044990e+03
1.103021e-01, 1.044392e+03
1.103381e-01, 1.043794e+03
1.103741e-01, 1.043196e+03
1.104101e-01, 1.042599e+03
1.104461e-01, 1.042001e+03
1.104820e-01, 1.041403e+03
1.105180e-01, 1.040806e+03
1.105540e-01, 1.040208e+03
1.105900e-01, 1.039611e+03
1.106260e-01, 1.039014e+03
1.106620e-01, 1.038417e+03
1.106980e-01, 1.037821e+03
1.107340e-01, 1.037225e+03
1.107700e-01, 1.036630e+03
1.108060e-01, 1.036035e+03
1.108420e-01, 1.035441e+03
1.108780e-01, 1.034848e+03
1.109139e-01, 1.034255e+03
1.109499e-01, 1.033663e+03
1.109859e-01, 1.033072e+03
1.110218e-01, 1.032481e+03
1.110578e-01, 1.031891e+03
1.110937e-01, 1.031301e+03
1.111297e-01, 1.030712e+03
1.111656e-01, 1.030124e+03
1.112016e-01, 1.029536e+03
1.112375e-01, 1.028949e+03
1.112734e-01, 1.028363e+03
1.113093e-01, 1.027777e+03
1.113453e-01, 1.027192e+03
1.113812e-01, 1.026608e+03
1.114171e-01, 1.026024e+03
1.114530e-01, 1.025441e+03
1.114889e-01, 1.024858e+03
1.115248e-01, 1.024276e+03
1.115607e-01, 1.023694e+03
1.115966e-01, 1.023112e+03
1.116326e-01, 1.022530e+03
1.116685e-01, 1.021948e+03
1.117044e-01, 1.021367e+03
1.117403e-01, 1.020786e+03
1.117762e-01, 1.020206e+03
1.118121e-01, 1.019626e+03
1.118481e-01, 1.019047e+03
1.118840e-01, 1.018468e+03
1.119199e-01, 1.017890e+03
1.119558e-01, 1.017312e+03
1.119917e-01, 1.016735e+03
1.120276e-01, 1.016158e+03
1.120635e-01, 1.015583e+03
1.120993e-01, 1.015007e+03
1.121352e-01, 1.014433e+03
1.121711e-01, 1.013859e+03
1.122070e-01, 1.013286e+03
1.122428e-01, 1.012713e+03
1.122787e-01, 1.012141e+03
1.123146e-01, 1.011570e+03
1.123504e-01, 1.011000e+03
1.123863e-01, 1.010430e+03
1.124221e-01, 1.009860e+03
1.124579e-01, 1.009292e+03
1.124938e-01, 1.008724e+03
1.125296e-01, 1.008156e+03
1.125654e-01, 1.007590e+03
1.126012e-01, 1.007024e+03
1.126371e-01, 1.006458e+03
1.126729e-01, 1.005894e+03
1.127087e-01, 1.005330e+03
1.127445e-01, 1.004766e+03
1.127803e-01, 1.004203e+03
1.128161e-01, 1.003641e+03
1.128519e-01, 1.003080e+03
1.128876e-01, 1.002519e+03
1.129234e-01, 1.001959e+03
1.129592e-01, 1.001398e+03
1.129950e-01, 1.000837e+03
1.130308e-01, 1.000276e+03
1.130666e-01, 9.997142e+02
1.131024e-01, 9.991521e+02
1.131382e-01, 9.985900e+02
1.131741e-01, 9.980280e+02
1.132099e-01, 9.974662e+02
1.132457e-01, 9.969046e+02
1.132815e-01, 9.963434e+02
1.133173e-01, 9.957826e+02
1.133531e-01, 9.952223e+02
1.133889e-01, 9.946622e+02
1.134247e-01, 9.941020e+02
1.134605e-01, 9.935424e+02
1.134963e-01, 9.929834e+02
1.135321e-01, 9.924248e+02
1.135679e-01, 9.918666e+02
1.136037e-01, 9.913086e+02
1.136395e-01, 9.907506e+02
1.136753e-01, 9.901923e+02
1.137111e-01, 9.896338e+02
1.137469e-01, 9.890751e+02
1.137827e-01, 9.885164e+02
1.138186e-01, 9.879579e+02
1.138544e-01, 9.873995e+02
1.138902e-01, 9.868415e+02
1.139260e-01, 9.862839e+02
1.139618e-01, 9.857268e+02
1.139976e-01, 9.851700e+02
1.140334e-01, 9.846136e+02
1.140693e-01, 9.840570e+02
1.141051e-01, 9.834999e+02
1.141409e-01, 9.829425e+02
1.141768e-01, 9.823848e+02
1.142126e-01, 9.818271e+02
1.142484e-01, 9.812694e+02
1.142843e-01, 9.807118e+02
1.143201e-01, 9.801542e+02
1.143560e-01, 9.795968e+02
1.143918e-01, 9.790396e+02
1.144277e-01, 9.784827e+02
1.144635e-01, 9.779263e+02
1.144993e-01, 9.773702e+02
1.145352e-01, 9.768146e+02
1.145710e-01, 9.762596e+02
1.146068e-01, 9.757050e+02
1.146426e-01, 9.751510e+02
1.146785e-01, 9.745975e+02
1.147143e-01, 9.740446e+02
1.147501e-01, 9.734922e+02
1.147859e-01, 9.729404e+02
1.148217e-01, 9.723892e+02
1.148575e-01, 9.718386e+02
1.148933e-01, 9.712886e+02
1.149291e-01, 9.707391e+02
1.149649e-01, 9.701903e+02
1.150007e-01, 9.696420e+02
1.150364e-01, 9.690943e+02
1.150722e-01, 9.685472e+02
1.151080e-01, 9.680007e+02
1.151437e-01, 9.674548e+02
1.151795e-01, 9.669095e+02
1.152153e-01, 9.663648e+02
1.152510e-01, 9.658206e+02
1.152868e-01, 9.652771e+02
1.153225e-01, 9.647341e+02
1.153582e-01, 9.641918e+02
1.153940e-01, 9.636500e+02
1.154297e-01, 9.631087e+02
1.154655e-01, 9.625677e+02
1.155012e-01, 9.620270e+02
1.155369e-01, 9.614866e+02
1.155727e-01, 9.609466e+02
1.156084e-01, 9.604071e+02
1.156441e-01, 9.598680e+02
1.156798e-01, 9.593294e+02
1.157156e-01, 9.587914e+02
1.157513e-01, 9.582538e+02
1.157870e-01, 9.577168e+02
1.158227e-01, 9.571804e+02
1.158584e-01, 9.566445e+02
1.158941e-01, 9.561092e+02
1.159298e-01, 9.555745e+02
1.159655e-01, 9.550404e+02
1.160012e-01, 9.545068e+02
1.160369e-01, 9.539739e+02
1.160725e-01, 9.534415e+02
1.161082e-01, 9.529097e+02
1.161439e-01, 9.523784e+02
1.161796e-01, 9.518478e+02
1.162152e-01, 9.513177e+02
1.162509e-01, 9.507883e+02
1.162865e-01, 9.502594e+02
1.163222e-01, 9.497311e+02
1.163578e-01, 9.492033e+02
1.163935e-01, 9.486762e+02
1.164291e-01, 9.481496e+02
1.164647e-01, 9.476236e+02
1.165004e-01, 9.470982e+02
1.165360e-01, 9.465734e+02
1.165716e-01, 9.460491e+02
1.166072e-01, 9.455255e+02
1.166429e-01, 9.450024e+02
1.166785e-01, 9.444799e+02
1.167141e-01, 9.439579e+02
1.167497e-01, 9.434365e+02
1.167853e-01, 9.429158e+02
1.168208e-01, 9.423955e+02
1.168564e-01, 9.418759e+02
1.168920e-01, 9.413568e+02
1.169276e-01, 9.408383e+02
1.169632e-01, 9.403204e+02
1.169987e-01, 9.398031e+02
1.170343e-01, 9.392863e+02
1.170699e-01, 9.387701e+02
1.171054e-01, 9.382544e+02
1.171410e-01, 9.377394e+02
1.171765e-01, 9.372249e+02
1.172121e-01, 9.367109e+02
1.172476e-01, 9.361974e+02
1.172832e-01, 9.356842e+02
1.173187e-01, 9.351711e+02
1.173543e-01, 9.346584e+02
1.173898e-01, 9.341460e+02
1.174254e-01, 9.336340e+02
1.174609e-01, 9.331225e+02
1.174965e-01, 9.326114e+02
1.175320e-01, 9.321009e+02
1.175675e-01, 9.315909e+02
1.176031e-01, 9.310814e+02
1.176386e-01, 9.305725e+02
1.176741e-01, 9.300641e+02
1.177096e-01, 9.295563e+02
1.177451e-01, 9.290490e+02
1.177807e-01, 9.285423e+02
1.178162e-01, 9.280361e+02
1.178517e-01, 9.275303e+02
1.178872e-01, 9.270250e+02
1.179227e-01, 9.265202e+02
1.179582e-01, 9.260159e+02
1.179937e-01, 9.255122e+02
1.180292e-01, 9.250090e+02
1.180647e-01, 9.245063e+02
1.181002e-01, 9.240041e+02
1.181356e-01, 9.235025e+02
1.181711e-01, 9.230015e+02
1.182066e-01, 9.225010e+02
1.182421e-01, 9.220008e+02
1.182775e-01, 9.215003e+02
1.183130e-01, 9.209993e+02
1.183485e-01, 9.204978e+02
1.183840e-01, 9.199960e+02
1.184195e-01, 9.194939e+02
1.184550e-01, 9.189917e+02
1.184905e-01, 9.184896e+02
1.185260e-01, 9.179875e+02
1.185616e-01, 9.174857e+02
1.185971e-01, 9.169842e+02
1.186325e-01, 9.164830e+02
1.186680e-01, 9.159821e+02
1.187035e-01, 9.154816e+02
1.187390e-01, 9.149816e+02
1.187745e-01, 9.144819e+02
1.188100e-01, 9.139828e+02
1.188455e-01, 9.134840e+02
1.188809e-01, 9.129858e+02
1.189164e-01, 9.124880e+02
1.189519e-01, 9.119907e+02
1.189873e-01, 9.114939e+02
1.190228e-01, 9.109976e+02
1.190583e-01, 9.105018e+02
1.190937e-01, 9.100065e+02
1.191292e-01, 9.095118e+02
1.191646e-01, 9.090175e+02
1.192001e-01, 9.085237e+02
1.192355e-01, 9.080305e+02
1.192709e-01, 9.075377e+02
1.193064e-01, 9.070455e+02
1.193418e-01, 9.065538e+02
1.193772e-01, 9.060626e+02
1.194126e-01, 9.055719e+02
1.194480e-01, 9.050817e+02
1.194834e-01, 9.045921e+02
1.195188e-01, 9.041029e+02
1.195543e-01, 9.036143e+02
1.195896e-01, 9.031262e+02
1.196250e-01, 9.026386e+02
1.196604e-01, 9.021515e+02
1.196958e-01, 9.016650e+02
1.197312e-01, 9.011789e+02
1.197666e-01, 9.006934e+02
1.198020e-01, 9.002084e+02
1.198373e-01, 8.997239e+02
1.198727e-01, 8.992399e+02
1.199081e-01, 8.987565e+02
1.199434e-01, 8.982735e+02
1.199788e-01, 8.977911e+02
1.200141e-01, 8.973092e+02
1.200495e-01, 8.968278e+02
1.200848e-01, 8.963469e+02
1.201202e-01, 8.958665e+02
1.201555e-01, 8.953866e+02
1.201908e-01, 8.949072e+02
1.202262e-01, 8.944283e+02
1.202615e-01, 8.939498e+02
1.202968e-01, 8.934717e+02
1.203321e-01, 8.929941e+02
1.203675e-01, 8.925170e+02
1.204028e-01, 8.920404e+02
1.204381e-01, 8.915643e+02
1.204734e-01, 8.910887e+02
1.205087e-01, 8.906137e+02
1.205440e-01, 8.901391e+02
1.205793e-01, 8.896650e+02
1.206146e-01, 8.891914e+02
1.206499e-01, 8.887183e+02
1.206852e-01, 8.882458e+02
1.207205e-01, 8.877734e+02
1.207558e-01, 8.873009e+02
1.207911e-01, 8.868281e+02
1.208264e-01, 8.863554e+02
1.208617e-01, 8.858826e+02
1.208970e-01, 8.854100e+02
1.209323e-01, 8.849377e+02
1.209676e-01, 8.844656e+02
1.210029e-01, 8.839939e+02
1.210382e-01, 8.835225e+02
1.210735e-01, 8.830515e+02
1.211088e-01, 8.825810e+02
1.211441e-01, 8.821107e+02
1.211794e-01, 8.816408e+02
1.212147e-01, 8.811710e+02
1.212500e-01, 8.807016e+02
1.212853e-01, 8.802325e+02
1.213205e-01, 8.797637e+02
1.213558e-01, 8.792954e+02
1.213911e-01, 8.788275e+02
1.214264e-01, 8.783599e+02
1.214617e-01, 8.778929e+02
1.214969e-01, 8.774263e+02
1.215322e-01, 8.769602e+02
1.215675e-01, 8.764945e+02
1.216028e-01, 8.760293e+02
1.216380e-01, 8.755646e+02
1.216733e-01, 8.751004e+02
1.217085e-01, 8.746366e+02
1.217438e-01, 8.741733e+02
1.217790e-01, 8.737105e+02
1.218143e-01, 8.732482e+02
1.218495e-01, 8.727862e+02
1.218848e-01, 8.723240e+02
1.219200e-01, 8.718613e+02
1.219553e-01, 8.713980e+02
1.219906e-01, 8.709342e+02
1.220258e-01, 8.704702e+02
1.220611e-01, 8.700060e+02
1.220964e-01, 8.695418e+02
1.221317e-01, 8.690773e+02
1.221670e-01, 8.686127e+02
1.222023e-01, 8.681478e+02
1.222376e-01, 8.676829e+02
1.222729e-01, 8.672180e+02
1.223082e-01, 8.667532e+02
1.223435e-01, 8.662886e+02
1.223789e-01, 8.658242e+02
1.224142e-01, 8.653602e+02
1.224495e-01, 8.648966e+02
1.224848e-01, 8.644333e+02
1.225201e-01, 8.639704e+02
1.225554e-01, 8.635079e+02
1.225907e-01, 8.630459e+02
1.226259e-01, 8.625843e+02
1.226612e-01, 8.621231e+02
1.226965e-01, 8.616624e+02
1.227318e-01, 8.612022e+02
1.227671e-01, 8.607424e+02
1.228023e-01, 8.602831e+02
1.228376e-01, 8.598243e+02
1.228729e-01, 8.593659e+02
1.229081e-01, 8.589080e+02
1.229434e-01, 8.584506e+02
1.229787e-01, 8.579936e+02
1.230139e-01, 8.575371e+02
1.230492e-01, 8.570811e+02
1.230844e-01, 8.566255e+02
1.231196e-01, 8.561704e+02
1.231549e-01, 8.557158e+02
1.231901e-01, 8.552617e+02
1.232253e-01, 8.548080e+02
1.232606e-01, 8.543548e+02
1.232958e-01, 8.539020e+02
1.233310e-01, 8.534497e+02
1.233662e-01, 8.529979e+02
1.234015e-01, 8.525465e+02
1.234367e-01, 8.520957e+02
1.234719e-01, 8.516452e+02
1.235071e-01, 8.511952e+02
1.235423e-01, 8.507457e+02
1.235775e-01, 8.502966e+02
1.236127e-01, 8.498480e+02
1.236479e-01, 8.493999e+02
1.236830e-01, 8.489522e+02
1.237182e-01, 8.485050e+02
1.237534e-01, 8.480582e+02
1.237886e-01, 8.476119e+02
1.238238e-01, 8.471660e+02
1.238589e-01, 8.467206e+02
1.238941e-01, 8.462757e+02
1.239293e-01, 8.458312e+02
1.239644e-01, 8.453872e+02
1.239996e-01, 8.449436e+02
1.240347e-01, 8.445005e+02
1.240699e-01, 8.440578e+02
1.241050e-01, 8.436155e+02
1.241402e-01, 8.431737e+02
1.241753e-01, 8.427323e+02
1.242105e-01, 8.422914e+02
1.242456e-01, 8.418509e+02
1.242807e-01, 8.414109e+02
1.243158e-01, 8.409713e+02
1.243510e-01, 8.405321e+02
1.243861e-01, 8.400934e+02
1.244212e-01, 8.396551e+02
1.244563e-01, 8.392173e+02
1.244914e-01, 8.387799e+02
1.245265e-01, 8.383429e+02
1.245616e-01, 8.379064e+02
1.245967e-01, 8.374701e+02
1.246319e-01, 8.370341e+02
1.246670e-01, 8.365985e+02
1.247021e-01, 8.361632e+02
1.247372e-01, 8.357282e+02
1.247723e-01, 8.352936e+02
1.248074e-01, 8.348595e+02
1.248425e-01, 8.344257e+02
1.248776e-01, 8.339924e+02
1.249126e-01, 8.335595e+02
1.249477e-01, 8.331270e+02
1.249828e-01, 8.326949e+02
1.250179e-01, 8.322633e+02
1.250530e-01, 8.318321e+02
1.250880e-01, 8.314014e+02
1.251231e-01, 8.309711e+02
1.251582e-01, 8.305412e+02
1.251932e-01, 8.301118e+02
1.252283e-01, 8.296828e+02
1.252634e-01, 8.292542e+02
1.252984e-01, 8.288261e+02
1.253335e-01, 8.283984e+02
1.253685e-01, 8.279711e+02
1.254036e-01, 8.275443e+02
1.254386e-01, 8.271179e+02
1.254736e-01, 8.266920e+02
1.255087e-01, 8.262665e+02
1.255437e-01, 8.258414e+02
1.255787e-01, 8.254165e+02
1.256138e-01, 8.249912e+02
1.256489e-01, 8.245651e+02
1.256839e-01, 8.241381e+02
1.257190e-01, 8.237103e+02
1.257541e-01, 8.232820e+02
1.257892e-01, 8.228534e+02
1.258243e-01, 8.224246e+02
1.258594e-01, 8.219957e+02
1.258945e-01, 8.215668e+02
1.259296e-01, 8.211381e+02
1.259647e-01, 8.207096e+02
1.259998e-01, 8.202813e+02
1.260349e-01, 8.198533e+02
1.260700e-01, 8.194255e+02
1.261051e-01, 8.189981e+02
1.261402e-01, 8.185711e+02
1.261752e-01, 8.181443e+02
1.262103e-01, 8.177180e+02
1.262454e-01, 8.172920e+02
1.262805e-01, 8.168664e+02
1.263155e-01, 8.164411e+02
1.263506e-01, 8.160163e+02
1.263857e-01, 8.155918e+02
1.264207e-01, 8.151676e+02
1.264558e-01, 8.147436e+02
1.264909e-01, 8.143199e+02
1.265259e-01, 8.138966e+02
1.265610e-01, 8.134735e+02
1.265961e-01, 8.130509e+02
1.266311e-01, 8.126285e+02
1.266662e-01, 8.122066e+02
1.267012e-01, 8.117850e+02
1.267363e-01, 8.113638e+02
1.267713e-01, 8.109431e+02
1.268064e-01, 8.105227e+02
1.268414e-01, 8.101027e+02
1.268765e-01, 8.096831e+02
1.269115e-01, 8.092639e+02
1.269465e-01, 8.088450e+02
1.269816e-01, 8.084266e+02
1.270166e-01, 8.080085e+02
1.270516e-01, 8.075909e+02
1.270866e-01, 8.071735e+02
1.271217e-01, 8.067558e+02
1.271567e-01, 8.063374e+02
1.271918e-01, 8.059183e+02
1.272269e-01, 8.054985e+02
1.272620e-01, 8.050779e+02
1.272970e-01, 8.046565e+02
1.273321e-01, 8.042348e+02
1.273672e-01, 8.038128e+02
1.274023e-01, 8.033907e+02
1.274375e-01, 8.029687e+02
1.274726e-01, 8.025468e+02
1.275077e-01, 8.021250e+02
1.275428e-01, 8.017036e+02
1.275779e-01, 8.012824e+02
1.276129e-01, 8.008615e+02
1.276480e-01, 8.004409e+02
1.276831e-01, 8.000206e+02
1.277182e-01, 7.996008e+02
1.277533e-01, 7.991812e+02
1.277884e-01, 7.987621e+02
1.278235e-01, 7.983432e+02
1.278586e-01, 7.979248e+02
1.278936e-01, 7.975067e+02
1.279287e-01, 7.970890e+02
1.279638e-01, 7.966716e+02
1.279988e-01, 7.962547e+02
1.280339e-01, 7.958382e+02
1.280690e-01, 7.954220e+02
1.281040e-01, 7.950063e+02
1.281391e-01, 7.945908e+02
1.281742e-01, 7.941755e+02
1.282092e-01, 7.937601e+02
1.282443e-01, 7.933446e+02
1.282793e-01, 7.929290e+02
1.283144e-01, 7.925135e+02
1.283495e-01, 7.920981e+02
1.283845e-01, 7.916829e+02
1.284196e-01, 7.912678e+02
1.284547e-01, 7.908531e+02
1.284897e-01, 7.904386e+02
1.285248e-01, 7.900244e+02
1.285599e-01, 7.896106e+02
1.285949e-01, 7.891971e+02
1.286300e-01, 7.887839e+02
1.286650e-01, 7.883711e+02
1.287001e-01, 7.879586e+02
1.287351e-01, 7.875466e+02
1.287702e-01, 7.871349e+02
1.288052e-01, 7.867236e+02
1.288403e-01, 7.863126e+02
1.288753e-01, 7.859021e+02
1.289103e-01, 7.854919e+02
1.289454e-01, 7.850822e+02
1.289804e-01, 7.846728e+02
1.290154e-01, 7.842638e+02
1.290504e-01, 7.838552e+02
1.290855e-01, 7.834469e+02
1.291205e-01, 7.830391e+02
1.291555e-01, 7.826317e+02
1.291905e-01, 7.822246e+02
1.292255e-01, 7.818180e+02
1.292605e-01, 7.814117e+02
1.292955e-01, 7.810058e+02
1.293305e-01, 7.806003e+02
1.293655e-01, 7.801952e+02
1.294005e-01, 7.797905e+02
1.294355e-01, 7.793862e+02
1.294705e-01, 7.789823e+02
1.295055e-01, 7.785787e+02
1.295404e-01, 7.781756e+02
1.295754e-01, 7.777728e+02
1.296104e-01, 7.773704e+02
1.296454e-01, 7.769684e+02
1.296803e-01, 7.765668e+02
1.297153e-01, 7.761656e+02
1.297503e-01, 7.757648e+02
1.297852e-01, 7.753643e+02
1.298202e-01, 7.749643e+02
1.298551e-01, 7.745646e+02
1.298901e-01, 7.741653e+02
1.299250e-01, 7.737664e+02
1.299600e-01, 7.733679e+02
1.299949e-01, 7.729697e+02
1.300299e-01, 7.725720e+02
1.300648e-01, 7.721746e+02
1.300998e-01, 7.717776e+02
1.301347e-01, 7.713810e+02
1.301696e-01, 7.709848e+02
1.302045e-01, 7.705889e+02
1.302395e-01, 7.701935e+02
1.302744e-01, 7.697984e+02
1.303093e-01, 7.694037e+02
1.303442e-01, 7.690094e+02
1.303791e-01, 7.686155e+02
1.304140e-01, 7.682219e+02
1.304489e-01, 7.678287e+02
1.304838e-01, 7.674359e+02
1.305187e-01, 7.670435e+02
1.305536e-01, 7.666515e+02
1.305885e-01, 7.662598e+02
1.306234e-01, 7.658685e+02
1.306583e-01, 7.654776e+02
1.306932e-01, 7.650871e+02
1.307281e-01, 7.646970e+02
1.307630e-01, 7.643072e+02
1.307978e-01, 7.639178e+02
1.308327e-01, 7.635288e+02
1.308676e-01, 7.631401e+02
1.309025e-01, 7.627519e+02
1.309373e-01, 7.623640e+02
1.309722e-01, 7.619764e+02
1.310070e-01, 7.615893e+02
1.310419e-01, 7.612025e+02
1.310767e-01, 7.608161e+02
1.311116e-01, 7.604301e+02
1.311464e-01, 7.600444e+02
1.311813e-01, 7.596592e+02
1.312161e-01, 7.592742e+02
1.312510e-01, 7.588897e+02
1.312858e-01, 7.585055e+02
1.313206e-01, 7.581217e+02
1.313555e-01, 7.577382e+02
1.313903e-01, 7.573552e+02
1.314251e-01, 7.569724e+02
1.314599e-01, 7.565901e+02
1.314948e-01, 7.562081e+02
1.315296e-01, 7.558265e+02
1.315644e-01, 7.554453e+02
1.315992e-01, 7.550644e+02
1.316340e-01, 7.546839e+02
1.316688e-01, 7.543037e+02
1.317036e-01, 7.539240e+02
1.317384e-01, 7.535445e+02
1.317732e-01, 7.531655e+02
1.318080e-01, 7.527868e+02
1.318428e-01, 7.524085e+02
1.318776e-01, 7.520305e+02
1.319124e-01, 7.516529e+02
1.319472e-01, 7.512757e+02
1.319819e-01, 7.508989e+02
1.320167e-01, 7.505224e+02
1.320515e-01, 7.501462e+02
1.320863e-01, 7.497704e+02
1.321210e-01, 7.493950e+02
1.321558e-01, 7.490199e+02
1.321906e-01, 7.486450e+02
1.322253e-01, 7.482704e+02
1.322601e-01, 7.478962e+02
1.322949e-01, 7.475222e+02
1.323296e-01, 7.471487e+02
1.323644e-01, 7.467754e+02
1.323991e-01, 7.464025e+02
1.324339e-01, 7.460300e+02
1.324686e-01, 7.456578e+02
1.325034e-01, 7.452859e+02
1.325382e-01, 7.449140e+02
1.325729e-01, 7.445423e+02
1.326077e-01, 7.441707e+02
1.326424e-01, 7.437992e+02
1.326772e-01, 7.434280e+02
1.327120e-01, 7.430571e+02
1.327467e-01, 7.426865e+02
1.327815e-01, 7.423161e+02
1.328162e-01, 7.419461e+02
1.328510e-01, 7.415764e+02
1.328857e-01, 7.412071e+02
1.329205e-01, 7.408380e+02
1.329552e-01, 7.404694e+02
1.329900e-01, 7.401011e+02
1.330247e-01, 7.397331e+02
1.330594e-01, 7.393655e+02
1.330942e-01, 7.389982e+02
1.331289e-01, 7.386313e+02
1.331636e-01, 7.382645e+02
1.331984e-01, 7.378974e+02
1.332331e-01, 7.375297e+02
1.332679e-01, 7.371615e+02
1.333026e-01, 7.367930e+02
1.333374e-01, 7.364241e+02
1.333721e-01, 7.360552e+02
1.334069e-01, 7.356861e+02
1.334416e-01, 7.353171e+02
1.334764e-01, 7.349481e+02
1.335112e-01, 7.345793e+02
1.335459e-01, 7.342107e+02
1.335807e-01, 7.338422e+02
1.336154e-01, 7.334740e+02
1.336502e-01, 7.331059e+02
1.336849e-01, 7.327382e+02
1.337197e-01, 7.323706e+02
1.337544e-01, 7.320033e+02
1.337892e-01, 7.316363e+02
1.338239e-01, 7.312695e+02
1.338586e-01, 7.309031e+02
1.338934e-01, 7.305369e+02
1.339281e-01, 7.301710e+02
1.339628e-01, 7.298055e+02
1.339976e-01, 7.294402e+02
1.340323e-01, 7.290753e+02
1.340670e-01, 7.287107e+02
1.341017e-01, 7.283464e+02
1.341365e-01, 7.279825e+02
1.341712e-01, 7.276188e+02
1.342059e-01, 7.272555e+02
1.342406e-01, 7.268925e+02
1.342753e-01, 7.265298e+02
1.343100e-01, 7.261672e+02
1.343447e-01, 7.258049e+02
1.343795e-01, 7.254428e+02
1.344142e-01, 7.250809e+02
1.344489e-01, 7.247193e+02
1.344836e-01, 7.243580e+02
1.345183e-01, 7.239970e+02
1.345530e-01, 7.236364e+02
1.345877e-01, 7.232760e+02
1.346224e-01, 7.229160e+02
1.346571e-01, 7.225562e+02
1.346918e-01, 7.221968e+02
1.347265e-01, 7.218378e+02
1.347612e-01, 7.214790e+02
1.347958e-01, 7.211206e+02
1.348305e-01, 7.207625e+02
1.348652e-01, 7.204048e+02
1.348999e-01, 7.200474e+02
1.349346e-01, 7.196903e+02
1.349692e-01, 7.193335e+02
1.350039e-01, 7.189770e+02
1.350386e-01, 7.186209e+02
1.350732e-01, 7.182651e+02
1.351079e-01, 7.179097e+02
1.351426e-01, 7.175545e+02
1.351772e-01, 7.171997e+02
1.352119e-01, 7.168452e+02
1.352465e-01, 7.164911e+02
1.352812e-01, 7.161372e+02
1.353158e-01, 7.157837e+02
1.353505e-01, 7.154305e+02
1.353851e-01, 7.150777e+02
1.354198e-01, 7.147251e+02
1.354544e-01, 7.143729e+02
1.354890e-01, 7.140210e+02
1.355237e-01, 7.136695e+02
1.355583e-01, 7.133182e+02
1.355929e-01, 7.129673e+02
1.356275e-01, 7.126167e+02
1.356622e-01, 7.122665e+02
1.356968e-01, 7.119165e+02
1.357314e-01, 7.115669e+02
1.357660e-01, 7.112176e+02
1.358006e-01, 7.108686e+02
1.358352e-01, 7.105199e+02
1.358698e-01, 7.101716e+02
1.359044e-01, 7.098235e+02
1.359390e-01, 7.094756e+02
1.359737e-01, 7.091281e+02
1.360083e-01, 7.087809e+02
1.360429e-01, 7.084340e+02
1.360775e-01, 7.080874e+02
1.361120e-01, 7.077412e+02
1.361466e-01, 7.073952e+02
1.361812e-01, 7.070496e+02
1.362158e-01, 7.067043e+02
1.362504e-01, 7.063593e+02
1.362850e-01, 7.060147e+02
1.363196e-01, 7.056703e+02
1.363541e-01, 7.053263e+02
1.363887e-01, 7.049826e+02
1.364233e-01, 7.046392e+02
1.364579e-01, 7.042957e+02
1.364925e-01, 7.039516e+02
1.365271e-01, 7.036071e+02
1.365617e-01, 7.032622e+02
1.365963e-01, 7.029169e+02
1.366310e-01, 7.025710e+02
1.366656e-01, 7.022245e+02
1.367003e-01, 7.018777e+02
1.367349e-01, 7.015305e+02
1.367696e-01, 7.011832e+02
1.368042e-01, 7.008359e+02
1.368389e-01, 7.004886e+02
1.368735e-01, 7.001414e+02
1.369082e-01, 6.997944e+02
1.369428e-01, 6.994476e+02
1.369775e-01, 6.991010e+02
1.370121e-01, 6.987546e+02
1.370468e-01, 6.984085e+02
1.370814e-01, 6.980626e+02
1.371161e-01, 6.977170e+02
1.371507e-01, 6.973717e+02
1.371854e-01, 6.970267e+02
1.372200e-01, 6.966820e+02
1.372546e-01, 6.963376e+02
1.372893e-01, 6.959934e+02
1.373239e-01, 6.956496e+02
1.373585e-01, 6.953061e+02
1.373932e-01, 6.949628e+02
1.374278e-01, 6.946199e+02
1.374624e-01, 6.942772e+02
1.374970e-01, 6.939349e+02
1.375317e-01, 6.935929e+02
1.375663e-01, 6.932512e+02
1.376009e-01, 6.929097e+02
1.376355e-01, 6.925686e+02
1.376701e-01, 6.922278e+02
1.377047e-01, 6.918873e+02
1.377393e-01, 6.915471e+02
1.377739e-01, 6.912072e+02
1.378085e-01, 6.908675e+02
1.378431e-01, 6.905282e+02
1.378777e-01, 6.901890e+02
1.379123e-01, 6.898499e+02
1.379469e-01, 6.895107e+02
1.379815e-01, 6.891714e+02
1.380162e-01, 6.888322e+02
1.380508e-01, 6.884930e+02
1.380854e-01, 6.881539e+02
1.381200e-01, 6.878149e+02
1.381546e-01, 6.874761e+02
1.381893e-01, 6.871376e+02
1.382239e-01, 6.867992e+02
1.382585e-01, 6.864612e+02
1.382931e-01, 6.861234e+02
1.383277e-01, 6.857858e+02
1.383623e-01, 6.854486e+02
1.383969e-01, 6.851117e+02
1.384315e-01, 6.847750e+02
1.384661e-01, 6.844387e+02
1.385008e-01, 6.841026e+02
1.385354e-01, 6.837668e+02
1.385700e-01, 6.834310e+02
1.386046e-01, 6.830954e+02
1.386392e-01, 6.827598e+02
1.386738e-01, 6.824244e+02
1.387084e-01, 6.820893e+02
1.387430e-01, 6.817543e+02
1.387776e-01, 6.814196e+02
1.388122e-01, 6.810852e+02
1.388468e-01, 6.807511e+02
1.388814e-01, 6.804173e+02
1.389160e-01, 6.800837e+02
1.389506e-01, 6.797505e+02
1.389852e-01, 6.794175e+02
1.390198e-01, 6.790849e+02
1.390544e-01, 6.787525e+02
1.390890e-01, 6.784204e+02
1.391236e-01, 6.780887e+02
1.391582e-01, 6.777572e+02
1.391928e-01, 6.774260e+02
1.392273e-01, 6.770951e+02
1.392619e-01, 6.767646e+02
1.392965e-01, 6.764343e+02
1.393311e-01, 6.761043e+02
1.393656e-01, 6.757746e+02
1.394002e-01, 6.754452e+02
1.394348e-01, 6.751161e+02
1.394693e-01, 6.747873e+02
1.395039e-01, 6.744588e+02
1.395385e-01, 6.741306e+02
1.395730e-01, 6.738027e+02
1.396076e-01, 6.734751e+02
1.396421e-01, 6.731478e+02
1.396767e-01, 6.728208e+02
1.397112e-01, 6.724940e+02
1.397458e-01, 6.721676e+02
1.397803e-01, 6.718414e+02
1.398149e-01, 6.715156e+02
1.398494e-01, 6.711900e+02
1.398839e-01, 6.708648e+02
1.399185e-01, 6.705398e+02
1.399530e-01, 6.702151e+02
1.399875e-01, 6.698908e+02
1.400221e-01, 6.695667e+02
1.400566e-01, 6.692429e+02
1.400911e-01, 6.689194e+02
1.401256e-01, 6.685962e+02
1.401601e-01, 6.682732e+02
1.401947e-01, 6.679506e+02
1.402292e-01, 6.676283e+02
1.402637e-01, 6.673062e+02
1.402982e-01, 6.669845e+02
1.403327e-01, 6.666630e+02
1.403672e-01, 6.663418e+02
1.404017e-01, 6.660209e+02
1.404362e-01, 6.657003e+02
1.404707e-01, 6.653800e+02
1.405052e-01, 6.650600e+02
1.405397e-01, 6.647403e+02
1.405742e-01, 6.644209e+02
1.406087e-01, 6.641017e+02
1.406432e-01, 6.637828e+02
1.406777e-01, 6.634643e+02
1.407121e-01, 6.631460e+02
1.407466e-01, 6.628280e+02
1.407811e-01, 6.625103e+02
1.408156e-01, 6.621929e+02
1.408501e-01, 6.618757e+02
1.408845e-01, 6.615589e+02
1.409190e-01, 6.612423e+02
1.409535e-01, 6.609260e+02
1.409879e-01, 6.606101e+02
1.410224e-01, 6.602944e+02
1.410568e-01, 6.599789e+02
1.410913e-01, 6.596638e+02
1.411258e-01, 6.593488e+02
1.411602e-01, 6.590340e+02
1.411947e-01, 6.587195e+02
1.412292e-01, 6.584052e+02
1.412636e-01, 6.580911e+02
1.412981e-01, 6.577773e+02
1.413325e-01, 6.574638e+02
1.413670e-01, 6.571505e+02
1.414014e-01, 6.568375e+02
1.414359e-01, 6.565248e+02
1.414703e-01, 6.562124e+02
1.415048e-01, 6.559003e+02
1.415392e-01, 6.555884e+02
1.415737e-01, 6.552768e+02
1.416081e-01, 6.549655e+02
1.416425e-01, 6.546545e+02
1.416770e-01, 6.543438e+02
1.417114e-01, 6.540334e+02
1.417458e-01, 6.537232e+02
1.417803e-01, 6.534134e+02
1.418147e-01, 6.531038e+02
1.418491e-01, 6.527945e+02
1.418835e-01, 6.524854e+02
1.419179e-01, 6.521767e+02
1.419524e-01, 6.518682e+02
1.419868e-01, 6.515601e+02
1.420212e-01, 6.512522e+02
1.420556e-01, 6.509445e+02
1.420900e-01, 6.506372e+02
1.421244e-01, 6.503301e+02
1.421588e-01, 6.500233e+02
1.421932e-01, 6.497168e+02
1.422276e-01, 6.494106e+02
1.422620e-01, 6.491046e+02
1.422964e-01, 6.487990e+02
1.423308e-01, 6.484936e+02
1.423652e-01, 6.481884e+02
1.423996e-01, 6.478836e+02
1.424340e-01, 6.475790e+02
1.424683e-01, 6.472747e+02
1.425027e-01, 6.469707e+02
1.425371e-01, 6.466670e+02
1.425715e-01, 6.463635e+02
1.426059e-01, 6.460603e+02
1.426402e-01, 6.457573e+02
1.426746e-01, 6.454540e+02
1.427090e-01, 6.451502e+02
1.427434e-01, 6.448457e+02
1.427778e-01, 6.445408e+02
1.428122e-01, 6.442357e+02
1.428467e-01, 6.439304e+02
1.428811e-01, 6.436249e+02
1.429155e-01, 6.433195e+02
1.429499e-01, 6.430142e+02
1.429843e-01, 6.427089e+02
1.430187e-01, 6.424038e+02
1.430531e-01, 6.420988e+02
1.430875e-01, 6.417940e+02
1.431219e-01, 6.414894e+02
1.431563e-01, 6.411850e+02
1.431907e-01, 6.408808e+02
1.432251e-01, 6.405768e+02
1.432595e-01, 6.402730e+02
1.432939e-01, 6.399695e+02
1.433283e-01, 6.396662e+02
1.433627e-01, 6.393632e+02
1.433971e-01, 6.390603e+02
1.434315e-01, 6.387577e+02
1.434659e-01, 6.384554e+02
1.435003e-01, 6.381533e+02
1.435346e-01, 6.378514e+02
1.435690e-01, 6.375498e+02
1.436034e-01, 6.372484e+02
1.436378e-01, 6.369473e+02
1.436722e-01, 6.366464e+02
1.437065e-01, 6.363458e+02
1.437409e-01, 6.360454e+02
1.437753e-01, 6.357453e+02
1.438096e-01, 6.354454e+02
1.438440e-01, 6.351458e+02
1.438784e-01, 6.348462e+02
1.439127e-01, 6.345459e+02
1.439471e-01, 6.342448e+02
1.439816e-01, 6.339430e+02
1.440160e-01, 6.336404e+02
1.440504e-01, 6.333374e+02
1.440848e-01, 6.330340e+02
1.441193e-01, 6.327305e+02
1.441537e-01, 6.324269e+02
1.441882e-01, 6.321232e+02
1.442226e-01, 6.318197e+02
1.442571e-01, 6.315162e+02
1.442915e-01, 6.312130e+02
1.443259e-01, 6.309098e+02
1.443604e-01, 6.306069e+02
1.443948e-01, 6.303042e+02
1.444292e-01, 6.300017e+02
1.444637e-01, 6.296994e+02
1.444981e-01, 6.293974e+02
1.445325e-01, 6.290956e+02
1.445669e-01, 6.287940e+02
1.446014e-01, 6.284927e+02
1.446358e-01, 6.281917e+02
1.446702e-01, 6.278908e+02
1.447046e-01, 6.275903e+02
1.447390e-01, 6.272900e+02
1.447734e-01, 6.269899e+02
1.448079e-01, 6.266901e+02
1.448423e-01, 6.263905e+02
1.448767e-01, 6.260912e+02
1.449111e-01, 6.257921e+02
1.449455e-01, 6.254933e+02
1.449799e-01, 6.251948e+02
1.450143e-01, 6.248965e+02
1.450487e-01, 6.245984e+02
1.450831e-01, 6.243006e+02
1.451175e-01, 6.240031e+02
1.451518e-01, 6.237058e+02
1.451862e-01, 6.234087e+02
1.452206e-01, 6.231119e+02
1.452550e-01, 6.228154e+02
1.452894e-01, 6.225191e+02
1.453238e-01, 6.222231e+02
1.453581e-01, 6.219273e+02
1.453925e-01, 6.216317e+02
1.454269e-01, 6.213365e+02
1.454612e-01, 6.210414e+02
1.454956e-01, 6.207466e+02
1.455300e-01, 6.204521e+02
1.455643e-01, 6.201578e+02
1.455987e-01, 6.198638e+02
1.456331e-01, 6.195700e+02
1.456674e-01, 6.192765e+02
1.457018e-01, 6.189832e+02
1.457361e-01, 6.186902e+02
1.457705e-01, 6.183974e+02
1.458048e-01, 6.181046e+02
1.458392e-01, 6.178118e+02
1.458736e-01, 6.175190e+02
1.459079e-01, 6.172262e+02
1.459423e-01, 6.169334e+02
1.459766e-01, 6.166408e+02
1.460110e-01, 6.163484e+02
1.460454e-01, 6.160562e+02
1.460797e-01, 6.157642e+02
1.461141e-01, 6.154724e+02
1.461484e-01, 6.151808e+02
1.461828e-01, 6.148894e+02
1.462172e-01, 6.145983e+02
1.462515e-01, 6.143075e+02
1.462859e-01, 6.140168e+02
1.463202e-01, 6.137265e+02
1.463545e-01, 6.134363e+02
1.463889e-01, 6.131465e+02
1.464232e-01, 6.128568e+02
1.464576e-01, 6.125675e+02
1.464919e-01, 6.122783e+02
1.465262e-01, 6.119894e+02
1.465606e-01, 6.117008e+02
1.465949e-01, 6.114124e+02
1.466292e-01, 6.111243e+02
1.466636e-01, 6.108364e+02
1.466979e-01, 6.105487e+02
1.467322e-01, 6.102613e+02
1.467665e-01, 6.099742e+02
1.468009e-01, 6.096873e+02
1.468352e-01, 6.094006e+02
1.468695e-01, 6.091142e+02
1.469038e-01, 6.088280e+02
1.469381e-01, 6.085421e+02
1.469724e-01, 6.082564e+02
1.470067e-01, 6.079710e+02
1.470410e-01, 6.076858e+02
1.470753e-01, 6.074009e+02
1.471096e-01, 6.071162e+02
1.471439e-01, 6.068318e+02
1.471782e-01, 6.065476e+02
1.472125e-01, 6.062636e+02
1.472468e-01, 6.059799e+02
1.472811e-01, 6.056964e+02
1.473154e-01, 6.054132e+02
1.473497e-01, 6.051302e+02
1.473840e-01, 6.048475e+02
1.474182e-01, 6.045650e+02
1.474525e-01, 6.042827e+02
1.474868e-01, 6.040007e+02
1.475211e-01, 6.037189e+02
1.475554e-01, 6.034374e+02
1.475896e-01, 6.031561e+02
1.476239e-01, 6.028751e+02
1.476582e-01, 6.025943e+02
1.476924e-01, 6.023137e+02
1.477267e-01, 6.020334e+02
1.477610e-01, 6.017533e+02
1.477952e-01, 6.014735e+02
1.478295e-01, 6.011939e+02
1.478637e-01, 6.009145e+02
1.478980e-01, 6.006354e+02
1.479322e-01, 6.003565e+02
1.479665e-01, 6.000778e+02
1.480007e-01, 5.997994e+02
1.480350e-01, 5.995213e+02
1.480692e-01, 5.992433e+02
1.481035e-01, 5.989657e+02
1.481377e-01, 5.986882e+02
1.481719e-01, 5.984110e+02
1.482062e-01, 5.981340e+02
1.482404e-01, 5.978573e+02
1.482746e-01, 5.975808e+02
1.483089e-01, 5.973045e+02
1.483431e-01, 5.970285e+02
1.483773e-01, 5.967527e+02
1.484115e-01, 5.964772e+02
1.484458e-01, 5.962018e+02
1.484800e-01, 5.959266e+02
1.485142e-01, 5.956516e+02
1.485484e-01, 5.953767e+02
1.485826e-01, 5.951020e+02
1.486168e-01, 5.948276e+02
1.486510e-01, 5.945533e+02
1.486852e-01, 5.942792e+02
1.487194e-01, 5.940051e+02
1.487536e-01, 5.937309e+02
1.487878e-01, 5.934567e+02
1.488221e-01, 5.931825e+02
1.488563e-01, 5.929084e+02
1.488905e-01, 5.926344e+02
1.489247e-01, 5.923605e+02
1.489589e-01, 5.920867e+02
1.489931e-01, 5.918132e+02
1.490273e-01, 5.915398e+02
1.490615e-01, 5.912666e+02
1.490957e-01, 5.909936e+02
1.491299e-01, 5.907209e+02
1.491641e-01, 5.904483e+02
1.491983e-01, 5.901760e+02
1.492325e-01, 5.899038e+02
1.492667e-01, 5.896319e+02
1.493009e-01, 5.893603e+02
1.493351e-01, 5.890888e+02
1.493693e-01, 5.888176e+02
1.494035e-01, 5.885466e+02
1.494377e-01, 5.882758e+02
1.494719e-01, 5.880053e+02
1.495061e-01, 5.877349e+02
1.495402e-01, 5.874648e+02
1.495744e-01, 5.871950e+02
1.496086e-01, 5.869253e+02
1.496428e-01, 5.866559e+02
1.496770e-01, 5.863867e+02
1.497111e-01, 5.861177e+02
1.497453e-01, 5.858490e+02
1.497795e-01, 5.855805e+02
1.498136e-01, 5.853122e+02
1.498478e-01, 5.850441e+02
1.498820e-01, 5.847763e+02
1.499161e-01, 5.845084e+02
1.499503e-01, 5.842404e+02
1.499844e-01, 5.839726e+02
1.500185e-01, 5.837050e+02
1.500526e-01, 5.834376e+02
1.500867e-01, 5.831706e+02
1.501208e-01, 5.829038e+02
1.501548e-01, 5.826372e+02
1.501889e-01, 5.823710e+02
1.502230e-01, 5.821050e+02
1.502570e-01, 5.818392e+02
1.502911e-01, 5.815737e+02
1.503251e-01, 5.813084e+02
1.503592e-01, 5.810433e+02
1.503933e-01, 5.807785e+02
1.504273e-01, 5.805139e+02
1.504614e-01, 5.802495e+02
1.504954e-01, 5.799854e+02
1.505294e-01, 5.797215e+02
1.505635e-01, 5.794578e+02
1.505975e-01, 5.791943e+02
1.506316e-01, 5.789310e+02
1.506656e-01, 5.786679e+02
1.506996e-01, 5.784051e+02
1.507337e-01, 5.781425e+02
1.507677e-01, 5.778801e+02
1.508017e-01, 5.776179e+02
1.508358e-01, 5.773560e+02
1.508698e-01, 5.770942e+02
1.509038e-01, 5.768327e+02
1.509378e-01, 5.765714e+02
1.509718e-01, 5.763103e+02
1.510059e-01, 5.760494e+02
1.510399e-01, 5.757888e+02
1.510739e-01, 5.755283e+02
1.511079e-01, 5.752681e+02
1.511419e-01, 5.750081e+02
1.511759e-01, 5.747481e+02
1.512100e-01, 5.744882e+02
1.512440e-01, 5.742282e+02
1.512780e-01, 5.739683e+02
1.513121e-01, 5.737084e+02
1.513461e-01, 5.734486e+02
1.513801e-01, 5.731889e+02
1.514142e-01, 5.729294e+02
1.514482e-01, 5.726700e+02
1.514822e-01, 5.724108e+02
1.515163e-01, 5.721518e+02
1.515503e-01, 5.718929e+02
1.515843e-01, 5.716343e+02
1.516184e-01, 5.713759e+02
1.516524e-01, 5.711176e+02
1.516864e-01, 5.708596e+02
1.517205e-01, 5.706018e+02
1.517545e-01, 5.703442e+02
1.517885e-01, 5.700868e+02
1.518225e-01, 5.698296e+02
1.518565e-01, 5.695727e+02
1.518906e-01, 5.693159e+02
1.519246e-01, 5.690594e+02
1.519586e-01, 5.688030e+02
1.519926e-01, 5.685469e+02
1.520266e-01, 5.682910e+02
1.520606e-01, 5.680353e+02
1.520946e-01, 5.677799e+02
1.521286e-01, 5.675246e+02
1.521627e-01, 5.672695e+02
1.521967e-01, 5.670147e+02
1.522307e-01, 5.667601e+02
1.522647e-01, 5.665056e+02
1.522987e-01, 5.662514e+02
1.523327e-01, 5.659974e+02
1.523666e-01, 5.657436e+02
1.524006e-01, 5.654901e+02
1.524346e-01, 5.652368e+02
1.524686e-01, 5.649839e+02
1.525026e-01, 5.647313e+02
1.525366e-01, 5.644789e+02
1.525706e-01, 5.642268e+02
1.526046e-01, 5.639749e+02
1.526385e-01, 5.637232e+02
1.526725e-01, 5.634717e+02
1.527065e-01, 5.632205e+02
1.527405e-01, 5.629694e+02
1.527744e-01, 5.627186e+02
1.528084e-01, 5.624680e+02
1.528424e-01, 5.622176e+02
1.528763e-01, 5.619674e+02
1.529103e-01, 5.617174e+02
1.529443e-01, 5.614676e+02
1.529782e-01, 5.612180e+02
1.530122e-01, 5.609686e+02
1.530461e-01, 5.607194e+02
1.530801e-01, 5.604705e+02
1.531140e-01, 5.602217e+02
1.531480e-01, 5.599731e+02
1.531820e-01, 5.597248e+02
1.532159e-01, 5.594766e+02
1.532498e-01, 5.592287e+02
1.532838e-01, 5.589810e+02
1.533177e-01, 5.587334e+02
1.533517e-01, 5.584861e+02
1.533856e-01, 5.582390e+02
1.534196e-01, 5.579921e+02
1.534535e-01, 5.577453e+02
1.534874e-01, 5.574988e+02
1.535214e-01, 5.572525e+02
1.535553e-01, 5.570064e+02
1.535892e-01, 5.567605e+02
1.536232e-01, 5.565148e+02
1.536571e-01, 5.562693e+02
1.536910e-01, 5.560238e+02
1.537250e-01, 5.557779e+02
1.537589e-01, 5.555316e+02
1.537929e-01, 5.552849e+02
1.538268e-01, 5.550379e+02
1.538607e-01, 5.547907e+02
1.538947e-01, 5.545434e+02
1.539286e-01, 5.542960e+02
1.539626e-01, 5.540486e+02
1.539965e-01, 5.538012e+02
1.540305e-01, 5.535538e+02
1.540644e-01, 5.533065e+02
1.540984e-01, 5.530593e+02
1.541323e-01, 5.528122e+02
1.541663e-01, 5.525652e+02
1.542002e-01, 5.523184e+02
1.542342e-01, 5.520717e+02
1.542681e-01, 5.518251e+02
1.543020e-01, 5.515787e+02
1.543360e-01, 5.513324e+02
1.543699e-01, 5.510863e+02
1.544038e-01, 5.508403e+02
1.544378e-01, 5.505946e+02
1.544717e-01, 5.503490e+02
1.545056e-01, 5.501035e+02
1.545396e-01, 5.498583e+02
1.545735e-01, 5.496132e+02
1.546074e-01, 5.493683e+02
1.546413e-01, 5.491235e+02
1.546753e-01, 5.488790e+02
1.547092e-01, 5.486346e+02
1.547431e-01, 5.483904e+02
1.547770e-01, 5.481464e+02
1.548109e-01, 5.479025e+02
1.548449e-01, 5.476589e+02
1.548788e-01, 5.474154e+02
1.549127e-01, 5.471721e+02
1.549466e-01, 5.469290e+02
1.549805e-01, 5.466861e+02
1.550144e-01, 5.464433e+02
1.550483e-01, 5.462007e+02
1.550822e-01, 5.459583e+02
1.551161e-01, 5.457160e+02
1.551500e-01, 5.454739e+02
1.551839e-01, 5.452319e+02
1.552179e-01, 5.449902e+02
1.552518e-01, 5.447486e+02
1.552857e-01, 5.445072e+02
1.553196e-01, 5.442659e+02
1.553535e-01, 5.440249e+02
1.553874e-01, 5.437840e+02
1.554212e-01, 5.435434e+02
1.554551e-01, 5.433029e+02
1.554890e-01, 5.430626e+02
1.555229e-01, 5.428225e+02
1.555568e-01, 5.425825e+02
1.555907e-01, 5.423428e+02
1.556246e-01, 5.421032e+02
1.556585e-01, 5.418638e+02
1.556924e-01, 5.416246e+02
1.557262e-01, 5.413855e+02
1.557601e-01, 5.411463e+02
1.557940e-01, 5.409074e+02
1.558278e-01, 5.406686e+02
1.558617e-01, 5.404300e+02
1.558955e-01, 5.401916e+02
1.559293e-01, 5.399534e+02
1.559632e-01, 5.397155e+02
1.559970e-01, 5.394777e+02
1.560309e-01, 5.392401e+02
1.560647e-01, 5.390027e+02
1.560985e-01, 5.387655e+02
1.561323e-01, 5.385285e+02
1.561662e-01, 5.382916e+02
1.562000e-01, 5.380550e+02
1.562338e-01, 5.378185e+02
1.562676e-01, 5.375822e+02
1.563015e-01, 5.373461e+02
1.563353e-01, 5.371101e+02
1.563691e-01, 5.368744e+02
1.564029e-01, 5.366388e+02
1.564367e-01, 5.364034e+02
1.564705e-01, 5.361682e+02
1.565043e-01, 5.359332e+02
1.565382e-01, 5.356984e+02
1.565720e-01, 5.354637e+02
1.566058e-01, 5.352292e+02
1.566396e-01, 5.349949e+02
1.566734e-01, 5.347608e+02
1.567072e-01, 5.345269e+02
1.567410e-01, 5.342931e+02
1.567748e-01, 5.340596e+02
1.568086e-01, 5.338261e+02
1.568424e-01, 5.335927e+02
1.568762e-01, 5.333591e+02
1.569100e-01, 5.331253e+02
1.569438e-01, 5.328913e+02
1.569776e-01, 5.326573e+02
1.570114e-01, 5.324232e+02
1.570452e-01, 5.321892e+02
1.570790e-01, 5.319552e+02
1.571128e-01, 5.317214e+02
1.571466e-01, 5.314876e+02
1.571805e-01, 5.312541e+02
1.572143e-01, 5.310206e+02
1.572481e-01, 5.307873e+02
1.572819e-01, 5.305542e+02
1.573157e-01, 5.303213e+02
1.573495e-01, 5.300885e+02
1.573833e-01, 5.298559e+02
1.574171e-01, 5.296235e+02
1.574509e-01, 5.293912e+02
1.574846e-01, 5.291592e+02
1.575184e-01, 5.289273e+02
1.575522e-01, 5.286956e+02
1.575860e-01, 5.284640e+02
1.576198e-01, 5.282327e+02
1.576536e-01, 5.280015e+02
1.576874e-01, 5.277704e+02
1.577212e-01, 5.275394e+02
1.577550e-01, 5.273082e+02
1.577888e-01, 5.270770e+02
1.578226e-01, 5.268457e+02
1.578564e-01, 5.266144e+02
1.578902e-01, 5.263832e+02
1.579240e-01, 5.261520e+02
1.579579e-01, 5.259209e+02
1.579917e-01, 5.256898e+02
1.580255e-01, 5.254590e+02
1.580593e-01, 5.252282e+02
1.580931e-01, 5.249976e+02
1.581269e-01, 5.247672e+02
1.581607e-01, 5.245369e+02
1.581946e-01, 5.243068e+02
1.582284e-01, 5.240769e+02
1.582622e-01, 5.238471e+02
1.582960e-01, 5.236175e+02
1.583298e-01, 5.233880e+02
1.583636e-01, 5.231587e+02
1.583974e-01, 5.229294e+02
1.584312e-01, 5.227004e+02
1.584650e-01, 5.224714e+02
1.584988e-01, 5.222427e+02
1.585326e-01, 5.220141e+02
1.585664e-01, 5.217857e+02
1.586002e-01, 5.215575e+02
1.586340e-01, 5.213294e+02
1.586678e-01, 5.211015e+02
1.587016e-01, 5.208738e+02
1.587354e-01, 5.206463e+02
1.587692e-01, 5.204189e+02
1.588030e-01, 5.201917e+02
1.588368e-01, 5.199647e+02
1.588706e-01, 5.197379e+02
1.589044e-01, 5.195113e+02
1.589382e-01, 5.192848e+02
1.589720e-01, 5.190585e+02
1.590058e-01, 5.188324e+02
1.590396e-01, 5.186064e+02
1.590734e-01, 5.183807e+02
1.591071e-01, 5.181551e+02
1.591409e-01, 5.179296e+02
1.591747e-01, 5.177044e+02
1.592085e-01, 5.174793e+02
1.592423e-01, 5.172544e+02
1.592760e-01, 5.170297e+02
1.593098e-01, 5.168051e+02
1.593436e-01, 5.165807e+02
1.593774e-01, 5.163564e+02
1.594112e-01, 5.161317e+02
1.594450e-01, 5.159066e+02
1.594788e-01, 5.156812e+02
1.595126e-01, 5.154556e+02
1.595465e-01, 5.152299e+02
1.595803e-01, 5.150042e+02
1.596141e-01, 5.147785e+02
1.596479e-01, 5.145528e+02
1.596818e-01, 5.143273e+02
1.597156e-01, 5.141018e+02
1.597494e-01, 5.138765e+02
1.597833e-01, 5.136513e+02
1.598171e-01, 5.134263e+02
1.598509e-01, 5.132014e+02
1.598847e-01, 5.129767e+02
1.599186e-01, 5.127521e+02
1.599524e-01, 5.125276e+02
1.599862e-01, 5.123034e+02
1.600200e-01, 5.120793e+02
1.600538e-01, 5.118554e+02
1.600877e-01, 5.116316e+02
1.601215e-01, 5.114080e+02
1.601553e-01, 5.111846e+02
1.601891e-01, 5.109613e+02
1.602229e-01, 5.107382e+02
1.602567e-01, 5.105152e+02
1.602906e-01, 5.102925e+02
1.603244e-01, 5.100699e+02
1.603582e-01, 5.098474e+02
1.603920e-01, 5.096252e+02
1.604258e-01, 5.094031e+02
1.604596e-01, 5.091811e+02
1.604934e-01, 5.089594e+02
1.605272e-01, 5.087378e+02
1.605610e-01, 5.085163e+02
1.605948e-01, 5.082950e+02
1.606286e-01, 5.080739e+02
1.606624e-01, 5.078530e+02
1.606962e-01, 5.076322e+02
1.607300e-01, 5.074116e+02
1.607638e-01, 5.071912e+02
1.607976e-01, 5.069709e+02
1.608314e-01, 5.067508e+02
1.608651e-01, 5.065308e+02
1.608989e-01, 5.063111e+02
1.609327e-01, 5.060915e+02
1.609665e-01, 5.058720e+02
1.610003e-01, 5.056527e+02
1.610341e-01, 5.054336e+02
1.610679e-01, 5.052146e+02
1.611016e-01, 5.049958e+02
1.611354e-01, 5.047771e+02
1.611692e-01, 5.045585e+02
1.612030e-01, 5.043402e+02
1.612367e-01, 5.041221e+02
1.612705e-01, 5.039041e+02
1.613043e-01, 5.036863e+02
1.613380e-01, 5.034686e+02
1.613718e-01, 5.032511e+02
1.614056e-01, 5.030338e+02
1.614393e-01, 5.028167e+02
1.614731e-01, 5.025997e+02
1.615069e-01, 5.023826e+02
1.615406e-01, 5.021656e+02
1.615744e-01, 5.019487e+02
1.616082e-01, 5.017318e+02
1.616420e-01, 5.015151e+02
1.616757e-01, 5.012985e+02
1.617095e-01, 5.010820e+02
1.617433e-01, 5.008657e+02
1.617771e-01, 5.006495e+02
1.618108e-01, 5.004335e+02
1.618446e-01, 5.002177e+02
1.618784e-01, 5.000020e+02
1.619121e-01, 4.997865e+02
1.619459e-01, 4.995711e+02
1.619797e-01, 4.993559e+02
1.620134e-01, 4.991409e+02
1.620472e-01, 4.989260e+02
1.620810e-01, 4.987113e+02
1.621147e-01, 4.984968e+02
1.621485e-01, 4.982824e+02
1.621822e-01, 4.980682e+02
1.622160e-01, 4.978541e+02
1.622497e-01, 4.976403e+02
1.622835e-01, 4.974265e+02
1.623172e-01, 4.972130e+02
1.623510e-01, 4.969996e+02
1.623847e-01, 4.967863e+02
1.624185e-01, 4.965732e+02
1.624522e-01, 4.963603e+02
1.624860e-01, 4.961476e+02
1.625197e-01, 4.959350e+02
1.625535e-01, 4.957226e+02
1.625872e-01, 4.955103e+02
1.626210e-01, 4.952982e+02
1.626547e-01, 4.950862e+02
1.626884e-01, 4.948744e+02
1.627222e-01, 4.946628e+02
1.627559e-01, 4.944514e+02
1.627897e-01, 4.942401e+02
1.628234e-01, 4.940289e+02
1.628571e-01, 4.938179e+02
1.628908e-01, 4.936071e+02
1.629246e-01, 4.933964e+02
1.629583e-01, 4.931859e+02
1.629920e-01, 4.929756e+02
1.630258e-01, 4.927654e+02
1.630595e-01, 4.925554e+02
1.630932e-01, 4.923455e+02
1.631269e-01, 4.921358e+02
1.631606e-01, 4.919263e+02
1.631944e-01, 4.917169e+02
1.632281e-01, 4.915077e+02
1.632618e-01, 4.912986e+02
1.632955e-01, 4.910897e+02
1.633292e-01, 4.908810e+02
1.633629e-01, 4.906724e+02
1.633967e-01, 4.904639e+02
1.634304e-01, 4.902557e+02
1.634641e-01, 4.900476e+02
1.634978e-01, 4.898396e+02
1.635315e-01, 4.896318e+02
1.635652e-01, 4.894242e+02
1.635989e-01, 4.892167e+02
1.636326e-01, 4.890094e+02
1.636663e-01, 4.888022e+02
1.637000e-01, 4.885952e+02
1.637337e-01, 4.883883e+02
1.637674e-01, 4.881816e+02
1.638011e-01, 4.879751e+02
1.638348e-01, 4.877687e+02
1.638685e-01, 4.875625e+02
1.639022e-01, 4.873565e+02
1.639359e-01, 4.871506e+02
1.639696e-01, 4.869448e+02
1.640032e-01, 4.867392e+02
1.640369e-01, 4.865338e+02
1.640706e-01, 4.863285e+02
1.641043e-01, 4.861234e+02
1.641380e-01, 4.859182e+02
1.641716e-01, 4.857131e+02
1.642053e-01, 4.855081e+02
1.642390e-01, 4.853034e+02
1.642726e-01, 4.850989e+02
1.643063e-01, 4.848946e+02
1.643399e-01, 4.846905e+02
1.643736e-01, 4.844866e+02
1.644072e-01, 4.842828e+02
1.644409e-01, 4.840792e+02
1.644745e-01, 4.838758e+02
1.645082e-01, 4.836725e+02
1.645418e-01, 4.834694e+02
1.645755e-01, 4.832664e+02
1.646091e-01, 4.830636e+02
1.646427e-01, 4.828610e+02
1.646764e-01, 4.826585e+02
1.647100e-01, 4.824562e+02
1.647437e-01, 4.822540e+02
1.647773e-01, 4.820519e+02
1.648109e-01, 4.818501e+02
1.648446e-01, 4.816483e+02
1.648782e-01, 4.814468e+02
1.649118e-01, 4.812453e+02
1.649454e-01, 4.810441e+02
1.649791e-01, 4.808430e+02
1.650127e-01, 4.806420e+02
1.650463e-01, 4.804412e+02
1.650799e-01, 4.802405e+02
1.651136e-01, 4.800400e+02
1.651472e-01, 4.798397e+02
1.651808e-01, 4.796395e+02
1.652144e-01, 4.794394e+02
1.652480e-01, 4.792395e+02
1.652816e-01, 4.790398e+02
1.653153e-01, 4.788402e+02
1.653489e-01, 4.786407e+02
1.653825e-01, 4.784414e+02
1.654161e-01, 4.782423e+02
1.654497e-01, 4.780433e+02
1.654833e-01, 4.778444e+02
1.655169e-01, 4.776457e+02
1.655505e-01, 4.774472e+02
1.655841e-01, 4.772488e+02
1.656177e-01, 4.770506e+02
1.656513e-01, 4.768525e+02
1.656849e-01, 4.766545e+02
1.657185e-01, 4.764567e+02
1.657521e-01, 4.762591e+02
1.657857e-01, 4.760616e+02
1.658193e-01, 4.758642e+02
1.658529e-01, 4.756670e+02
1.658865e-01, 4.754700e+02
1.659201e-01, 4.752731e+02
1.659537e-01, 4.750763e+02
1.659873e-01, 4.748795e+02
1.660208e-01, 4.746828e+02
1.660544e-01, 4.744863e+02
1.660880e-01, 4.742899e+02
1.661215e-01, 4.740937e+02
1.661551e-01, 4.738977e+02
1.661887e-01, 4.737019e+02
1.662222e-01, 4.735062e+02
1.662558e-01, 4.733107e+02
1.662893e-01, 4.731154e+02
1.663229e-01, 4.729202e+02
1.663564e-01, 4.727251e+02
1.663900e-01, 4.725302e+02
1.664235e-01, 4.723355e+02
1.664571e-01, 4.721409e+02
1.664906e-01, 4.719464e+02
1.665242e-01, 4.717521e+02
1.665577e-01, 4.715579e+02
1.665913e-01, 4.713639e+02
1.666248e-01, 4.711700e+02
1.666583e-01, 4.709763e+02
1.666919e-01, 4.707827e+02
1.667254e-01, 4.705893e+02
1.667590e-01, 4.703960e+02
1.667925e-01, 4.702028e+02
1.668260e-01, 4.700098e+02
1.668596e-01, 4.698166e+02
1.668931e-01, 4.696233e+02
1.669267e-01, 4.694297e+02
1.669603e-01, 4.692356e+02
1.669939e-01, 4.690408e+02
1.670275e-01, 4.688454e+02
1.670611e-01, 4.686495e+02
1.670947e-01, 4.684533e+02
1.671283e-01, 4.682569e+02
1.671619e-01, 4.680604e+02
1.671955e-01, 4.678638e+02
1.672291e-01, 4.676671e+02
1.672627e-01, 4.674705e+02
1.672964e-01, 4.672738e+02
1.673300e-01, 4.670773e+02
1.673636e-01, 4.668808e+02
1.673972e-01, 4.666844e+02
1.674308e-01, 4.664880e+02
1.674644e-01, 4.662917e+02
1.674980e-01, 4.660955e+02
1.675316e-01, 4.658993e+02
1.675652e-01, 4.657033e+02
1.675989e-01, 4.655073e+02
1.676325e-01, 4.653115e+02
1.676661e-01, 4.651158e+02
1.676997e-01, 4.649202e+02
1.677333e-01, 4.647247e+02
1.677669e-01, 4.645293e+02
1.678005e-01, 4.643341e+02
1.678341e-01, 4.641390e+02
1.678677e-01, 4.639440e+02
1.679013e-01, 4.637492e+02
1.679349e-01, 4.635545e+02
1.679685e-01, 4.633599e+02
1.680021e-01, 4.631654e+02
1.680357e-01, 4.629711e+02
1.680693e-01, 4.627769e+02
1.681029e-01, 4.625828e+02
1.681365e-01, 4.623889e+02
1.681701e-01, 4.621951e+02
1.682037e-01, 4.620014e+02
1.682373e-01, 4.618079e+02
1.682709e-01, 4.616144e+02
1.683044e-01, 4.614212e+02
1.683380e-01, 4.612279e+02
1.683716e-01, 4.610345e+02
1.684053e-01, 4.608406e+02
1.684389e-01, 4.606465e+02
1.684725e-01, 4.604520e+02
1.685061e-01, 4.602575e+02
1.685398e-01, 4.600628e+02
1.685734e-01, 4.598680e+02
1.686070e-01, 4.596733e+02
1.686406e-01, 4.594785e+02
1.686743e-01, 4.592838e+02
1.687079e-01, 4.590892e+02
1.687415e-01, 4.588947e+02
1.687752e-01, 4.587002e+02
1.688088e-01, 4.585059e+02
1.688424e-01, 4.583117e+02
1.688760e-01, 4.581175e+02
1.689096e-01, 4.579229e+02
1.689432e-01, 4.577283e+02
1.689768e-01, 4.575338e+02
1.690104e-01, 4.573395e+02
1.690439e-01, 4.571454e+02
1.690774e-01, 4.569515e+02
1.691110e-01, 4.567578e+02
1.691445e-01, 4.565644e+02
1.691780e-01, 4.563711e+02
1.692115e-01, 4.561780e+02
1.692450e-01, 4.559851e+02
1.692785e-01, 4.557924e+02
1.693120e-01, 4.555998e+02
1.693455e-01, 4.554073e+02
1.693790e-01, 4.552151e+02
1.694125e-01, 4.550229e+02
1.694460e-01, 4.548309e+02
1.694795e-01, 4.546391e+02
1.695130e-01, 4.544474e+02
1.695465e-01, 4.542558e+02
1.695800e-01, 4.540644e+02
1.696135e-01, 4.538730e+02
1.696470e-01, 4.536819e+02
1.696804e-01, 4.534908e+02
1.697139e-01, 4.532999e+02
1.697474e-01, 4.531092e+02
1.697809e-01, 4.529185e+02
1.698144e-01, 4.527280e+02
1.698479e-01, 4.525377e+02
1.698813e-01, 4.523474e+02
1.699148e-01, 4.521573e+02
1.699483e-01, 4.519674e+02
1.699818e-01, 4.517775e+02
1.700152e-01, 4.515878e+02
1.700487e-01, 4.513982e+02
1.700822e-01, 4.512088e+02
1.701156e-01, 4.510195e+02
1.701491e-01, 4.508303e+02
1.701826e-01, 4.506412e+02
1.702160e-01, 4.504523e+02
1.702495e-01, 4.502635e+02
1.702830e-01, 4.500749e+02
1.703164e-01, 4.498863e+02
1.703499e-01, 4.496980e+02
1.703833e-01, 4.495097e+02
1.704168e-01, 4.493216e+02
1.704503e-01, 4.491336e+02
1.704837e-01, 4.489457e+02
1.705172e-01, 4.487579e+02
1.705506e-01, 4.485703e+02
1.705841e-01, 4.483828e+02
1.706175e-01, 4.481955e+02
1.706510e-01, 4.480083e+02
1.706844e-01, 4.478212e+02
1.707179e-01, 4.476342e+02
1.707513e-01, 4.474474e+02
1.707848e-01, 4.472607e+02
1.708182e-01, 4.470741e+02
1.708516e-01, 4.468877e+02
1.708851e-01, 4.467014e+02
1.709185e-01, 4.465152e+02
1.709520e-01, 4.463292e+02
1.709854e-01, 4.461432e+02
1.710188e-01, 4.459575e+02
1.710523e-01, 4.457718e+02
1.710857e-01, 4.455863e+02
1.711191e-01, 4.454009e+02
1.711526e-01, 4.452156e+02
1.711860e-01, 4.450304e+02
1.712194e-01, 4.448454e+02
1.712529e-01, 4.446605e+02
1.712863e-01, 4.444758e+02
1.713197e-01, 4.442912e+02
1.713531e-01, 4.441067e+02
1.713866e-01, 4.439223e+02
1.714200e-01, 4.437380e+02
1.714534e-01, 4.435539e+02
1.714868e-01, 4.433699e+02
1.715202e-01, 4.431861e+02
1.715537e-01, 4.430024e+02
1.715871e-01, 4.428188e+02
1.716205e-01, 4.426353e+02
1.716539e-01, 4.424519e+02
1.716873e-01, 4.422687e+02
1.717207e-01, 4.420856e+02
1.717541e-01, 4.419027e+02
1.717875e-01, 4.417198e+02
1.718210e-01, 4.415371e+02
1.718544e-01, 4.413546e+02
1.718878e-01, 4.411721e+02
1.719212e-01, 4.409898e+02
1.719546e-01, 4.408076e+02
1.719880e-01, 4.406255e+02
1.720214e-01, 4.404436e+02
1.720548e-01, 4.402618e+02
1.720882e-01, 4.400801e+02
1.721216e-01, 4.398986e+02
1.721550e-01, 4.397171e+02
1.721884e-01, 4.395358e+02
1.722218e-01, 4.393546e+02
1.722551e-01, 4.391736e+02
1.722885e-01, 4.389927e+02
1.723219e-01, 4.388119e+02
1.723553e-01, 4.386312e+02
1.723887e-01, 4.384506e+02
1.724221e-01, 4.382702e+02
1.724555e-01, 4.380899e+02
1.724889e-01, 4.379098e+02
1.725222e-01, 4.377297e+02
1.725556e-01, 4.375498e+02
1.725890e-01, 4.373700e+02
1.726224e-01, 4.371903e+02
1.726558e-01, 4.370108e+02
1.726891e-01, 4.368314e+02
1.727225e-01, 4.366521e+02
1.727559e-01, 4.364729e+02
1.727893e-01, 4.362939e+02
1.728226e-01, 4.361150e+02
1.728560e-01, 4.359362e+02
1.728894e-01, 4.357575e+02
1.729227e-01, 4.355790e+02
1.729561e-01, 4.354005e+02
1.729895e-01, 4.352222e+02
1.730228e-01, 4.350441e+02
1.730562e-01, 4.348660e+02
1.730896e-01, 4.346881e+02
1.731229e-01, 4.345103e+02
1.731563e-01, 4.343327e+02
1.731897e-01, 4.341551e+02
1.732230e-01, 4.339777e+02
1.732564e-01, 4.338004e+02
1.732897e-01, 4.336232e+02
1.733231e-01, 4.334462e+02
1.733564e-01, 4.332693e+02
1.733898e-01, 4.330925e+02
1.734231e-01, 4.329158e+02
1.734565e-01, 4.327393e+02
1.734898e-01, 4.325629e+02
1.735232e-01, 4.323866e+02
1.735565e-01, 4.322104e+02
1.735899e-01, 4.320344e+02
1.736232e-01, 4.318584e+02
1.736566e-01, 4.316826e+02
1.736899e-01, 4.315069e+02
1.737232e-01, 4.313314e+02
1.737566e-01, 4.311559e+02
1.737899e-01, 4.309806e+02
1.738233e-01, 4.308054e+02
1.738566e-01, 4.306304e+02
1.738899e-01, 4.304554e+02
1.739233e-01, 4.302806e+02
1.739566e-01, 4.301059e+02
1.739899e-01, 4.299313e+02
1.740233e-01, 4.297568e+02
1.740566e-01, 4.295825e+02
1.740899e-01, 4.294083e+02
1.741232e-01, 4.292342e+02
1.741566e-01, 4.290602e+02
1.741899e-01, 4.288863e+02
1.742232e-01, 4.287126e+02
1.742565e-01, 4.285390e+02
1.742899e-01, 4.283655e+02
1.743232e-01, 4.281921e+02
1.743565e-01, 4.280189e+02
1.743898e-01, 4.278457e+02
1.744231e-01, 4.276727e+02
1.744564e-01, 4.274998e+02
1.744898e-01, 4.273271e+02
1.745231e-01, 4.271544e+02
1.745564e-01, 4.269819e+02
1.745897e-01, 4.268095e+02
1.746230e-01, 4.266372e+02
1.746563e-01, 4.264650e+02
1.746896e-01, 4.262929e+02
1.747229e-01, 4.261209e+02
1.747563e-01, 4.259490e+02
1.747896e-01, 4.257771e+02
1.748229e-01, 4.256054e+02
1.748562e-01, 4.254337e+02
1.748895e-01, 4.252622e+02
1.749228e-01, 4.250908e+02
1.749561e-01, 4.249195e+02
1.749895e-01, 4.247483e+02
1.750228e-01, 4.245772e+02
1.750561e-01, 4.244063e+02
1.750894e-01, 4.242354e+02
1.751227e-01, 4.240647e+02
1.751560e-01, 4.238941e+02
1.751893e-01, 4.237236e+02
1.752226e-01, 4.235533e+02
1.752559e-01, 4.233830e+02
1.752892e-01, 4.232129e+02
1.753225e-01, 4.230429e+02
1.753558e-01, 4.228730e+02
1.753891e-01, 4.227032e+02
1.754224e-01, 4.225336e+02
1.754557e-01, 4.223641e+02
1.754890e-01, 4.221946e+02
1.755223e-01, 4.220253e+02
1.755556e-01, 4.218562e+02
1.755889e-01, 4.216871e+02
1.756222e-01, 4.215182e+02
1.756555e-01, 4.213494e+02
1.756888e-01, 4.211806e+02
1.757221e-01, 4.210121e+02
1.757554e-01, 4.208436e+02
1.757886e-01, 4.206752e+02
1.758219e-01, 4.205070e+02
1.758552e-01, 4.203389e+02
1.758885e-01, 4.201709e+02
1.759218e-01, 4.200030e+02
1.759551e-01, 4.198352e+02
1.759883e-01, 4.196676e+02
1.760216e-01, 4.195001e+02
1.760549e-01, 4.193326e+02
1.760882e-01, 4.191653e+02
1.761215e-01, 4.189982e+02
1.761547e-01, 4.188311e+02
1.761880e-01, 4.186641e+02
1.762213e-01, 4.184973e+02
1.762546e-01, 4.183306e+02
1.762878e-01, 4.181640e+02
1.763211e-01, 4.179975e+02
1.763544e-01, 4.178311e+02
1.763876e-01, 4.176649e+02
1.764209e-01, 4.174987e+02
1.764542e-01, 4.173327e+02
1.764874e-01, 4.171668e+02
1.765207e-01, 4.170010e+02
1.765539e-01, 4.168353e+02
1.765872e-01, 4.166698e+02
1.766205e-01, 4.165043e+02
1.766537e-01, 4.163390e+02
1.766870e-01, 4.161738e+02
1.767202e-01, 4.160087e+02
1.767535e-01, 4.158437e+02
1.767868e-01, 4.156788e+02
1.768200e-01, 4.155141e+02
1.768533e-01, 4.153494e+02
1.768865e-01, 4.151849e+02
1.769198e-01, 4.150205e+02
1.769530e-01, 4.148562e+02
1.769863e-01, 4.146920e+02
1.770195e-01, 4.145279e+02
1.770527e-01, 4.143640e+02
1.770860e-01, 4.142001e+02
1.771192e-01, 4.140364e+02
1.771525e-01, 4.138728e+02
1.771857e-01, 4.137093e+02
1.772190e-01, 4.135459e+02
1.772522e-01, 4.133826e+02
1.772854e-01, 4.132195e+02
1.773187e-01, 4.130564e+02
1.773519e-01, 4.128935e+02
1.773852e-01, 4.127306e+02
1.774184e-01, 4.125679e+02
1.774516e-01, 4.124053e+02
1.774849e-01, 4.122428e+02
1.775181e-01, 4.120805e+02
1.775513e-01, 4.119182e+02
1.775845e-01, 4.117561e+02
1.776178e-01, 4.115940e+02
1.776510e-01, 4.114321e+02
1.776842e-01, 4.112703e+02
1.777174e-01, 4.111086e+02
1.777507e-01, 4.109470e+02
1.777839e-01, 4.107855e+02
1.778171e-01, 4.106242e+02
1.778503e-01, 4.104629e+02
1.778836e-01, 4.103018e+02
1.779168e-01, 4.101407e+02
1.779500e-01, 4.099798e+02
1.779832e-01, 4.098190e+02
1.780164e-01, 4.096583e+02
1.780496e-01, 4.094977e+02
1.780829e-01, 4.093373e+02
1.781161e-01, 4.091769e+02
1.781493e-01, 4.090166e+02
1.781825e-01, 4.088565e+02
1.782157e-01, 4.086965e+02
1.782489e-01, 4.085366e+02
1.782821e-01, 4.083767e+02
1.783153e-01, 4.082170e+02
1.783485e-01, 4.080575e+02
1.783817e-01, 4.078980e+02
1.784149e-01, 4.077386e+02
1.784481e-01, 4.075793e+02
1.784813e-01, 4.074202e+02
1.785145e-01, 4.072611e+02
1.785477e-01, 4.071022e+02
1.785809e-01, 4.069434e+02
1.786141e-01, 4.067847e+02
1.786473e-01, 4.066261e+02
1.786805e-01, 4.064676e+02
1.787137e-01, 4.063092e+02
1.787469e-01, 4.061509e+02
1.787801e-01, 4.059928e+02
1.788133e-01, 4.058347e+02
1.788465e-01, 4.056768e+02
1.788797e-01, 4.055189e+02
1.789129e-01, 4.053612e+02
1.789460e-01, 4.052036e+02
1.789792e-01, 4.050460e+02
1.790124e-01, 4.048886e+02
1.790456e-01, 4.047313e+02
1.790788e-01, 4.045741e+02
1.791120e-01, 4.044171e+02
1.791451e-01, 4.042601e+02
1.791783e-01, 4.041032e+02
1.792115e-01, 4.039465e+02
1.792447e-01, 4.037898e+02
1.792779e-01, 4.036333e+02
1.793110e-01, 4.034768e+02
1.793442e-01, 4.033205e+02
1.793774e-01, 4.031643e+02
1.794106e-01, 4.030081e+02
1.794437e-01, 4.028521e+02
1.794769e-01, 4.026962e+02
1.795101e-01, 4.025404e+02
1.795432e-01, 4.023848e+02
1.795764e-01, 4.022292e+02
1.796096e-01, 4.020737e+02
1.796427e-01, 4.019183e+02
1.796759e-01, 4.017631e+02
1.797091e-01, 4.016079e+02
1.797422e-01, 4.014527e+02
1.797754e-01, 4.012975e+02
1.798086e-01, 4.011423e+02
1.798417e-01, 4.009872e+02
1.798749e-01, 4.008320e+02
1.799081e-01, 4.006770e+02
1.799412e-01, 4.005220e+02
1.799744e-01, 4.003670e+02
1.800076e-01, 4.002122e+02
1.800407e-01, 4.000575e+02
1.800739e-01, 3.999028e+02
1.801071e-01, 3.997483e+02
1.801402e-01, 3.995938e+02
1.801734e-01, 3.994395e+02
1.802066e-01, 3.992852e+02
1.802397e-01, 3.991311e+02
1.802729e-01, 3.989770e+02
1.803061e-01, 3.988231e+02
1.803392e-01, 3.986693e+02
1.803724e-01, 3.985155e+02
1.804056e-01, 3.983619e+02
1.804387e-01, 3.982084e+02
1.804719e-01, 3.980550e+02
1.805051e-01, 3.979016e+02
1.805382e-01, 3.977484e+02
1.805714e-01, 3.975953e+02
1.806045e-01, 3.974423e+02
1.806377e-01, 3.972894e+02
1.806708e-01, 3.971366e+02
1.807040e-01, 3.969838e+02
1.807372e-01, 3.968312e+02
1.807703e-01, 3.966787e+02
1.808035e-01, 3.965263e+02
1.808366e-01, 3.963740e+02
1.808698e-01, 3.962218e+02
1.809029e-01, 3.960697e+02
1.809361e-01, 3.959177e+02
1.809692e-01, 3.957658e+02
1.810024e-01, 3.956140e+02
1.810355e-01, 3.954623e+02
1.810687e-01, 3.953107e+02
1.811018e-01, 3.951592e+02
1.811350e-01, 3.950078e+02
1.811681e-01, 3.948565e+02
1.812013e-01, 3.947053e+02
1.812344e-01, 3.945542e+02
1.812676e-01, 3.944032e+02
1.813007e-01, 3.942523e+02
1.813338e-01, 3.941015e+02
1.813670e-01, 3.939508e+02
1.814001e-01, 3.938002e+02
1.814333e-01, 3.936497e+02
1.814664e-01, 3.934993e+02
1.814995e-01, 3.933490e+02
1.815327e-01, 3.931988e+02
1.815658e-01, 3.930487e+02
1.815989e-01, 3.928987e+02
1.816321e-01, 3.927488e+02
1.816652e-01, 3.925990e+02
1.816983e-01, 3.924493e+02
1.817315e-01, 3.922997e+02
1.817646e-01, 3.921502e+02
1.817977e-01, 3.920008e+02
1.818309e-01, 3.918515e+02
1.818640e-01, 3.917023e+02
1.818971e-01, 3.915532e+02
1.819303e-01, 3.914042e+02
1.819634e-01, 3.912553e+02
1.819965e-01, 3.911065e+02
1.820296e-01, 3.909578e+02
1.820628e-01, 3.908091e+02
1.820959e-01, 3.906606e+02
1.821290e-01, 3.905122e+02
1.821621e-01, 3.903639e+02
1.821953e-01, 3.902157e+02
1.822284e-01, 3.900676e+02
1.822615e-01, 3.899195e+02
1.822946e-01, 3.897716e+02
1.823277e-01, 3.896238e+02
1.823609e-01, 3.894761e+02
1.823940e-01, 3.893284e+02
1.824271e-01, 3.891809e+02
1.824602e-01, 3.890335e+02
1.824933e-01, 3.888861e+02
1.825264e-01, 3.887389e+02
1.825595e-01, 3.885917e+02
1.825927e-01, 3.884447e+02
1.826258e-01, 3.882977e+02
1.826589e-01, 3.881509e+02
1.826920e-01, 3.880042e+02
1.827251e-01, 3.878575e+02
1.827582e-01, 3.877110e+02
1.827913e-01, 3.875645e+02
1.828244e-01, 3.874182e+02
1.828575e-01, 3.872720e+02
1.828906e-01, 3.871258e+02
1.829237e-01, 3.869798e+02
1.829568e-01, 3.868338e+02
1.829899e-01, 3.866879e+02
1.830230e-01, 3.865422e+02
1.830561e-01, 3.863965e+02
1.830892e-01, 3.862509e+02
1.831223e-01, 3.861055e+02
1.831554e-01, 3.859601e+02
1.831885e-01, 3.858148e+02
1.832216e-01, 3.856696e+02
1.832547e-01, 3.855245e+02
1.832878e-01, 3.853795e+02
1.833209e-01, 3.852346e+02
1.833540e-01, 3.850898e+02
1.833871e-01, 3.849451e+02
1.834202e-01, 3.848005e+02
1.834532e-01, 3.846560e+02
1.834863e-01, 3.845116e+02
1.835194e-01, 3.843672e+02
1.835525e-01, 3.842230e+02
1.835856e-01, 3.840789e+02
1.836187e-01, 3.839348e+02
1.836518e-01, 3.837909e+02
1.836849e-01, 3.836470e+02
1.837179e-01, 3.835033e+02
1.837510e-01, 3.833596e+02
1.837841e-01, 3.832161e+02
1.838172e-01, 3.830726e+02
1.838503e-01, 3.829292e+02
1.838833e-01, 3.827859e+02
1.839164e-01, 3.826427e+02
1.839495e-01, 3.824997e+02
1.839826e-01, 3.823567e+02
1.840157e-01, 3.822138e+02
1.840487e-01, 3.820709e+02
1.840818e-01, 3.819282e+02
1.841149e-01, 3.817856e+02
1.841480e-01, 3.816431e+02
1.841810e-01, 3.815006e+02
1.842141e-01, 3.813583e+02
1.842472e-01, 3.812161e+02
1.842802e-01, 3.810739e+02
1.843133e-01, 3.809318e+02
1.843464e-01, 3.807899e+02
1.843794e-01, 3.806480e+02
1.844125e-01, 3.805062e+02
1.844456e-01, 3.803645e+02
1.844787e-01, 3.802230e+02
1.845117e-01, 3.800815e+02
1.845448e-01, 3.799401e+02
1.845778e-01, 3.797988e+02
1.846109e-01, 3.796575e+02
1.846440e-01, 3.795164e+02
1.846770e-01, 3.793754e+02
1.847101e-01, 3.792345e+02
1.847431e-01, 3.790936e+02
1.847762e-01, 3.789529e+02
1.848093e-01, 3.788122e+02
1.848423e-01, 3.786716e+02
1.848754e-01, 3.785312e+02
1.849084e-01, 3.783908e+02
1.849415e-01, 3.782505e+02
1.849745e-01, 3.781103e+02
1.850076e-01, 3.779702e+02
1.850407e-01, 3.778302e+02
1.850737e-01, 3.776903e+02
1.851068e-01, 3.775505e+02
1.851398e-01, 3.774107e+02
1.851728e-01, 3.772710e+02
1.852059e-01, 3.771309e+02
1.852389e-01, 3.769905e+02
1.852720e-01, 3.768497e+02
1.853050e-01, 3.767086e+02
1.853380e-01, 3.765672e+02
1.853710e-01, 3.764256e+02
1.854041e-01, 3.762839e+02
1.854371e-01, 3.761421e+02
1.854701e-01, 3.760002e+02
1.855031e-01, 3.758582e+02
1.855361e-01, 3.757162e+02
1.855691e-01, 3.755742e+02
1.856021e-01, 3.754323e+02
1.856351e-01, 3.752903e+02
1.856681e-01, 3.751483e+02
1.857011e-01, 3.750064e+02
1.857341e-01, 3.748644e+02
1.857671e-01, 3.747224e+02
1.858001e-01, 3.745804e+02
1.858332e-01, 3.744384e+02
1.858662e-01, 3.742964e+02
1.858992e-01, 3.741544e+02
1.859322e-01, 3.740124e+02
1.859652e-01, 3.738705e+02
1.859982e-01, 3.737286e+02
1.860312e-01, 3.735868e+02
1.860643e-01, 3.734451e+02
1.860973e-01, 3.733034e+02
1.861303e-01, 3.731618e+02
1.861633e-01, 3.730202e+02
1.861963e-01, 3.728788e+02
1.862293e-01, 3.727374e+02
1.862624e-01, 3.725961e+02
1.862954e-01, 3.724548e+02
1.863284e-01, 3.723137e+02
1.863614e-01, 3.721726e+02
1.863944e-01, 3.720316e+02
1.864274e-01, 3.718906e+02
1.864604e-01, 3.717498e+02
1.864934e-01, 3.716090e+02
1.865264e-01, 3.714683e+02
1.865595e-01, 3.713277e+02
1.865925e-01, 3.711871e+02
1.866255e-01, 3.710467e+02
1.866585e-01, 3.709063e+02
1.866915e-01, 3.707660e+02
1.867245e-01, 3.706257e+02
1.867575e-01, 3.704856e+02
1.867905e-01, 3.703454e+02
1.868235e-01, 3.702052e+02
1.868565e-01, 3.700651e+02
1.868896e-01, 3.699250e+02
1.869226e-01, 3.697850e+02
1.869556e-01, 3.696450e+02
1.869886e-01, 3.695051e+02
1.870216e-01, 3.693652e+02
1.870546e-01, 3.692255e+02
1.870877e-01, 3.690858e+02
1.871207e-01, 3.689462e+02
1.871537e-01, 3.688066e+02
1.871867e-01, 3.686672e+02
1.872197e-01, 3.685278e+02
1.872527e-01, 3.683885e+02
1.872858e-01, 3.682493e+02
1.873188e-01, 3.681102e+02
1.873518e-01, 3.679711e+02
1.873848e-01, 3.678321e+02
1.874178e-01, 3.676932e+02
1.874508e-01, 3.675544e+02
1.874839e-01, 3.674157e+02
1.875169e-01, 3.672770e+02
1.875499e-01, 3.671384e+02
1.875829e-01, 3.669999e+02
1.876159e-01, 3.668615e+02
1.876489e-01, 3.667231e+02
1.876819e-01, 3.665849e+02
1.877149e-01, 3.664467e+02
1.877480e-01, 3.663086e+02
1.877810e-01, 3.661706e+02
1.878140e-01, 3.660326e+02
1.878470e-01, 3.658948e+02
1.878800e-01, 3.657570e+02
1.879130e-01, 3.656193e+02
1.879460e-01, 3.654817e+02
1.879790e-01, 3.653441e+02
1.880120e-01, 3.652067e+02
1.880450e-01, 3.650693e+02
1.880780e-01, 3.649320e+02
1.881110e-01, 3.647948e+02
1.881440e-01, 3.646576e+02
1.881770e-01, 3.645206e+02
1.882101e-01, 3.643836e+02
1.882431e-01, 3.642467e+02
1.882761e-01, 3.641099e+02
1.883091e-01, 3.639731e+02
1.883421e-01, 3.638365e+02
1.883751e-01, 3.636999e+02
1.884081e-01, 3.635634e+02
1.884411e-01, 3.634270e+02
1.884741e-01, 3.632907e+02
1.885071e-01, 3.631544e+02
1.885401e-01, 3.630182e+02
1.885731e-01, 3.628822e+02
1.886061e-01, 3.627461e+02
1.886390e-01, 3.626102e+02
1.886720e-01, 3.624744e+02
1.887050e-01, 3.623386e+02
1.887380e-01, 3.622029e+02
1.887710e-01, 3.620673e+02
1.888040e-01, 3.619318e+02
1.888370e-01, 3.617963e+02
1.888700e-01, 3.616609e+02
1.889030e-01, 3.615255e+02
1.889360e-01, 3.613899e+02
1.889690e-01, 3.612543e+02
1.890020e-01, 3.611188e+02
1.890350e-01, 3.609832e+02
1.890679e-01, 3.608476e+02
1.891009e-01, 3.607122e+02
1.891339e-01, 3.605768e+02
1.891669e-01, 3.604414e+02
1.891999e-01, 3.603062e+02
1.892329e-01, 3.601710e+02
1.892658e-01, 3.600360e+02
1.892988e-01, 3.599010e+02
1.893318e-01, 3.597661e+02
1.893648e-01, 3.596313e+02
1.893978e-01, 3.594966e+02
1.894308e-01, 3.593620e+02
1.894637e-01, 3.592274e+02
1.894967e-01, 3.590930e+02
1.895297e-01, 3.589586e+02
1.895627e-01, 3.588244e+02
1.895957e-01, 3.586902e+02
1.896286e-01, 3.585561e+02
1.896616e-01, 3.584221e+02
1.896946e-01, 3.582881e+02
1.897276e-01, 3.581543e+02
1.897606e-01, 3.580205e+02
1.897935e-01, 3.578868e+02
1.898265e-01, 3.577532e+02
1.898595e-01, 3.576197e+02
1.898925e-01, 3.574862e+02
1.899255e-01, 3.573529e+02
1.899584e-01, 3.572196e+02
1.899914e-01, 3.570864e+02
1.900244e-01, 3.569532e+02
1.900574e-01, 3.568202e+02
1.900903e-01, 3.566872e+02
1.901233e-01, 3.565544e+02
1.901563e-01, 3.564215e+02
1.901893e-01, 3.562888e+02
1.902222e-01, 3.561562e+02
1.902552e-01, 3.560236e+02
1.902882e-01, 3.558911e+02
1.903212e-01, 3.557587e+02
1.903541e-01, 3.556264e+02
1.903871e-01, 3.554941e+02
1.904201e-01, 3.553619e+02
1.904530e-01, 3.552298e+02
1.904860e-01, 3.550978e+02
1.905190e-01, 3.549659e+02
1.905520e-01, 3.548340e+02
1.905849e-01, 3.547022e+02
1.906179e-01, 3.545705e+02
1.906509e-01, 3.544389e+02
1.906838e-01, 3.543073e+02
1.907168e-01, 3.541758e+02
1.907498e-01, 3.540444e+02
1.907827e-01, 3.539131e+02
1.908157e-01, 3.537819e+02
1.908487e-01, 3.536507e+02
1.908816e-01, 3.535196e+02
1.909146e-01, 3.533886e+02
1.909476e-01, 3.532577e+02
1.909805e-01, 3.531268e+02
1.910135e-01, 3.529961e+02
1.910465e-01, 3.528654e+02
1.910794e-01, 3.527348e+02
1.911124e-01, 3.526042e+02
1.911454e-01, 3.524738e+02
1.911783e-01, 3.523434e+02
1.912113e-01, 3.522131e+02
1.912442e-01, 3.520828e+02
1.912772e-01, 3.519527e+02
1.913102e-01, 3.518226e+02
1.913431e-01, 3.516926e+02
1.913761e-01, 3.515627e+02
1.914090e-01, 3.514328e+02
1.914420e-01, 3.513031e+02
1.914749e-01, 3.511734e+02
1.915079e-01, 3.510438e+02
1.915409e-01, 3.509143e+02
1.915738e-01, 3.507848e+02
1.916068e-01, 3.506554e+02
1.916397e-01, 3.505261e+02
1.916727e-01, 3.503969e+02
1.917056e-01, 3.502678e+02
1.917386e-01, 3.501387e+02
1.917715e-01, 3.500097e+02
1.918045e-01, 3.498808e+02
1.918375e-01, 3.497519e+02
1.918704e-01, 3.496232e+02
1.919034e-01, 3.494945e+02
1.919363e-01, 3.493659e+02
1.919693e-01, 3.492374e+02
1.920022e-01, 3.491089e+02
1.920352e-01, 3.489805e+02
1.920681e-01, 3.488523e+02
1.921011e-01, 3.487240e+02
1.921340e-01, 3.485959e+02
1.921670e-01, 3.484678e+02
1.921999e-01, 3.483398e+02
1.922328e-01, 3.482119e+02
1.922658e-01, 3.480841e+02
1.922987e-01, 3.479563e+02
1.923317e-01, 3.478287e+02
1.923646e-01, 3.477011e+02
1.923976e-01, 3.475735e+02
1.924305e-01, 3.474461e+02
1.924635e-01, 3.473187e+02
1.924964e-01, 3.471914e+02
1.925293e-01, 3.470642e+02
1.925623e-01, 3.469370e+02
1.925952e-01, 3.468100e+02
1.926282e-01, 3.466830e+02
1.926611e-01, 3.465561e+02
1.926940e-01, 3.464292e+02
1.927270e-01, 3.463025e+02
1.927599e-01, 3.461758e+02
1.927929e-01, 3.460492e+02
1.928258e-01, 3.459227e+02
1.928587e-01, 3.457962e+02
1.928917e-01, 3.456698e+02
1.929246e-01, 3.455435e+02
1.929575e-01, 3.454173e+02
1.929905e-01, 3.452912e+02
1.930234e-01, 3.451651e+02
1.930563e-01, 3.450391e+02
1.930893e-01, 3.449132e+02
1.931222e-01, 3.447873e+02
1.931551e-01, 3.446616e+02
1.931881e-01, 3.445359e+02
1.932210e-01, 3.444103e+02
1.932539e-01, 3.442847e+02
1.932869e-01, 3.441593e+02
1.933198e-01, 3.440339e+02
1.933527e-01, 3.439086e+02
1.933857e-01, 3.437833e+02
1.934186e-01, 3.436582e+02
1.934515e-01, 3.435331e+02
1.934844e-01, 3.434081e+02
1.935174e-01, 3.432831e+02
1.935503e-01, 3.431583e+02
1.935832e-01, 3.430335e+02
1.936161e-01, 3.429088e+02
1.936491e-01, 3.427842e+02
1.936820e-01, 3.426596e+02
1.937149e-01, 3.425351e+02
1.937478e-01, 3.424107e+02
1.937808e-01, 3.422863e+02
1.938137e-01, 3.421619e+02
1.938466e-01, 3.420375e+02
1.938796e-01, 3.419132e+02
1.939125e-01, 3.417889e+02
1.939455e-01, 3.416647e+02
1.939784e-01, 3.415406e+02
1.940113e-01, 3.414165e+02
1.940443e-01, 3.412926e+02
1.940772e-01, 3.411686e+02
1.941101e-01, 3.410448e+02
1.941431e-01, 3.409210e+02
1.941760e-01, 3.407973e+02
1.942089e-01, 3.406737e+02
1.942419e-01, 3.405502e+02
1.942748e-01, 3.404267e+02
1.943077e-01, 3.403033e+02
1.943407e-01, 3.401800e+02
1.943736e-01, 3.400568e+02
1.944065e-01, 3.399336e+02
1.944395e-01, 3.398105e+02
1.944724e-01, 3.396875e+02
1.945053e-01, 3.395645e+02
1.945383e-01, 3.394417e+02
1.945712e-01, 3.393189e+02
1.946041e-01, 3.391961e+02
1.946370e-01, 3.390735e+02
1.946700e-01, 3.389509e+02
1.947029e-01, 3.388284e+02
1.947358e-01, 3.387060e+02
1.947688e-01, 3.385837e+02
1.948017e-01, 3.384614e+02
1.948346e-01, 3.383392e+02
1.948675e-01, 3.382171e+02
1.949005e-01, 3.380950e+02
1.949334e-01, 3.379730e+02
1.949663e-01, 3.378511e+02
1.949992e-01, 3.377293e+02
1.950321e-01, 3.376076e+02
1.950651e-01, 3.374859e+02
1.950980e-01, 3.373643e+02
1.951309e-01, 3.372427e+02
1.951638e-01, 3.371213e+02
1.951967e-01, 3.369999e+02
1.952297e-01, 3.368786e+02
1.952626e-01, 3.367573e+02
1.952955e-01, 3.366362e+02
1.953284e-01, 3.365151e+02
1.953613e-01, 3.363941e+02
1.953942e-01, 3.362731e+02
1.954272e-01, 3.361523e+02
1.954601e-01, 3.360315e+02
1.954930e-01, 3.359108e+02
1.955259e-01, 3.357901e+02
1.955588e-01, 3.356695e+02
1.955917e-01, 3.355490e+02
1.956246e-01, 3.354286e+02
1.956575e-01, 3.353083e+02
1.956905e-01, 3.351880e+02
1.957234e-01, 3.350678e+02
1.957563e-01, 3.349476e+02
1.957892e-01, 3.348276e+02
1.958221e-01, 3.347076e+02
1.958550e-01, 3.345877e+02
1.958879e-01, 3.344678e+02
1.959208e-01, 3.343481e+02
1.959537e-01, 3.342284e+02
1.959866e-01, 3.341087e+02
1.960195e-01, 3.339892e+02
1.960524e-01, 3.338697e+02
1.960853e-01, 3.337503e+02
1.961182e-01, 3.336310e+02
1.961511e-01, 3.335117e+02
1.961840e-01, 3.333925e+02
1.962169e-01, 3.332734e+02
1.962498e-01, 3.331544e+02
1.962827e-01, 3.330354e+02
1.963156e-01, 3.329165e+02
1.963485e-01, 3.327977e+02
1.963814e-01, 3.326789e+02
1.964143e-01, 3.325603e+02
1.964472e-01, 3.324417e+02
1.964801e-01, 3.323231e+02
1.965130e-01, 3.322047e+02
1.965459e-01, 3.320863e+02
1.965788e-01, 3.319679e+02
1.966117e-01, 3.318497e+02
1.966446e-01, 3.317315e+02
1.966775e-01, 3.316134e+02
1.967104e-01, 3.314954e+02
1.967433e-01, 3.313774e+02
1.967762e-01, 3.312596e+02
1.968091e-01, 3.311417e+02
1.968419e-01, 3.310240e+02
1.968748e-01, 3.309063e+02
1.969077e-01, 3.307887e+02
1.969406e-01, 3.306712e+02
1.969735e-01, 3.305537e+02
1.970064e-01, 3.304364e+02
1.970393e-01, 3.303190e+02
1.970722e-01, 3.302018e+02
1.971050e-01, 3.300846e+02
1.971379e-01, 3.299675e+02
1.971708e-01, 3.298505e+02
1.972037e-01, 3.297335e+02
1.972366e-01, 3.296167e+02
1.972695e-01, 3.294998e+02
1.973023e-01, 3.293831e+02
1.973352e-01, 3.292664e+02
1.973681e-01, 3.291498e+02
1.974010e-01, 3.290333e+02
1.974339e-01, 3.289168e+02
1.974667e-01, 3.288004e+02
1.974996e-01, 3.286841e+02
1.975325e-01, 3.285679e+02
1.975654e-01, 3.284517e+02
1.975983e-01, 3.283356e+02
1.976311e-01, 3.282195e+02
1.976640e-01, 3.281036e+02
1.976969e-01, 3.279877e+02
1.977298e-01, 3.278719e+02
1.977626e-01, 3.277561e+02
1.977955e-01, 3.276404e+02
1.978284e-01, 3.275248e+02
1.978613e-01, 3.274093e+02
1.978941e-01, 3.272938e+02
1.979270e-01, 3.271784e+02
1.979599e-01, 3.270631e+02
1.979927e-01, 3.269478e+02
1.980256e-01, 3.268326e+02
1.980585e-01, 3.267175e+02
1.980913e-01, 3.266024e+02
1.981242e-01, 3.264875e+02
1.981571e-01, 3.263725e+02
1.981899e-01, 3.262577e+02
1.982228e-01, 3.261429e+02
1.982557e-01, 3.260282e+02
1.982885e-01, 3.259136e+02
1.983214e-01, 3.257990e+02
1.983543e-01, 3.256845e+02
1.983871e-01, 3.255701e+02
1.984200e-01, 3.254558e+02
1.984529e-01, 3.253415e+02
1.984857e-01, 3.252273e+02
1.985186e-01, 3.251131e+02
1.985514e-01, 3.249990e+02
1.985843e-01, 3.248850e+02
1.986172e-01, 3.247711e+02
1.986500e-01, 3.246572e+02
1.986829e-01, 3.245434e+02
1.987157e-01, 3.244297e+02
1.987486e-01, 3.243160e+02
1.987814e-01, 3.242024e+02
1.988143e-01, 3.240889e+02
1.988471e-01, 3.239755e+02
1.988800e-01, 3.238621e+02
1.989129e-01, 3.237488e+02
1.989457e-01, 3.236355e+02
1.989786e-01, 3.235223e+02
1.990114e-01, 3.234092e+02
1.990443e-01, 3.232962e+02
1.990771e-01, 3.231832e+02
1.991100e-01, 3.230703e+02
1.991428e-01, 3.229575e+02
1.991757e-01, 3.228447e+02
1.992085e-01, 3.227320e+02
1.992414e-01, 3.226194e+02
1.992742e-01, 3.225068e+02
1.993071e-01, 3.223943e+02
1.993399e-01, 3.222819e+02
1.993727e-01, 3.221695e+02
1.994056e-01, 3.220573e+02
1.994384e-01, 3.219450e+02
1.994713e-01, 3.218329e+02
1.995041e-01, 3.217208e+02
1.995370e-01, 3.216088e+02
1.995698e-01, 3.214968e+02
1.996026e-01, 3.213849e+02
1.996355e-01, 3.212731e+02
1.996683e-01, 3.211614e+02
1.997012e-01, 3.210497e+02
1.997340e-01, 3.209381e+02
1.997668e-01, 3.208266e+02
1.997997e-01, 3.207151e+02
1.998325e-01, 3.206037e+02
1.998654e-01, 3.204923e+02
1.998982e-01, 3.203811e+02
1.999310e-01, 3.202698e+02
1.999639e-01, 3.201584e+02
1.999968e-01, 3.200468e+02
2.000297e-01, 3.199350e+02
2.000626e-01, 3.198231e+02
2.000955e-01, 3.197110e+02
2.001284e-01, 3.195989e+02
2.001613e-01, 3.194868e+02
2.001942e-01, 3.193747e+02
2.002271e-01, 3.192625e+02
2.002600e-01, 3.191504e+02
2.002929e-01, 3.190384e+02
2.003258e-01, 3.189264e+02
2.003588e-01, 3.188144e+02
2.003917e-01, 3.187025e+02
2.004246e-01, 3.185907e+02
2.004575e-01, 3.184789e+02
2.004904e-01, 3.183672e+02
2.005233e-01, 3.182556e+02
2.005562e-01, 3.181440e+02
2.005892e-01, 3.180325e+02
2.006221e-01, 3.179210e+02
2.006550e-01, 3.178096e+02
2.006879e-01, 3.176983e+02
2.007208e-01, 3.175870e+02
2.007537e-01, 3.174758e+02
2.007866e-01, 3.173647e+02
2.008195e-01, 3.172536e+02
2.008525e-01, 3.171426e+02
2.008854e-01, 3.170317e+02
2.009183e-01, 3.169208e+02
2.009512e-01, 3.168100e+02
2.009841e-01, 3.166993e+02
2.010170e-01, 3.165886e+02
2.010499e-01, 3.164780e+02
2.010828e-01, 3.163674e+02
2.011157e-01, 3.162569e+02
2.011486e-01, 3.161465e+02
2.011815e-01, 3.160362e+02
2.012144e-01, 3.159259e+02
2.012473e-01, 3.158157e+02
2.012802e-01, 3.157055e+02
2.013131e-01, 3.155954e+02
2.013461e-01, 3.154854e+02
2.013790e-01, 3.153754e+02
2.014119e-01, 3.152655e+02
2.014448e-01, 3.151557e+02
2.014777e-01, 3.150459e+02
2.015106e-01, 3.149362e+02
2.015435e-01, 3.148266e+02
2.015764e-01, 3.147170e+02
2.016093e-01, 3.146075e+02
2.016422e-01, 3.144981e+02
2.016751e-01, 3.143887e+02
2.017080e-01, 3.142794e+02
2.017409e-01, 3.141701e+02
2.017738e-01, 3.140609e+02
2.018066e-01, 3.139518e+02
2.018395e-01, 3.138427e+02
2.018724e-01, 3.137337e+02
2.019053e-01, 3.136248e+02
2.019382e-01, 3.135159e+02
2.019711e-01, 3.134071e+02
2.020040e-01, 3.132984e+02
2.020369e-01, 3.131897e+02
2.020698e-01, 3.130811e+02
2.021027e-01, 3.129725e+02
2.021356e-01, 3.128641e+02
2.021685e-01, 3.127556e+02
2.022014e-01, 3.126473e+02
2.022343e-01, 3.125390e+02
2.022671e-01, 3.124307e+02
2.023000e-01, 3.123226e+02
2.023329e-01, 3.122145e+02
2.023658e-01, 3.121064e+02
2.023987e-01, 3.119985e+02
2.024316e-01, 3.118905e+02
2.024645e-01, 3.117827e+02
2.024974e-01, 3.116749e+02
2.025303e-01, 3.115672e+02
2.025631e-01, 3.114595e+02
2.025960e-01, 3.113519e+02
2.026289e-01, 3.112444e+02
2.026618e-01, 3.111369e+02
2.026947e-01, 3.110295e+02
2.027276e-01, 3.109222e+02
2.027604e-01, 3.108149e+02
2.027933e-01, 3.107077e+02
2.028262e-01, 3.106005e+02
2.028591e-01, 3.104934e+02
2.028920e-01, 3.103864e+02
2.029248e-01, 3.102794e+02
2.029577e-01, 3.101725e+02
2.029906e-01, 3.100657e+02
2.030235e-01, 3.099589e+02
2.030564e-01, 3.098522e+02
2.030892e-01, 3.097455e+02
2.031221e-01, 3.096389e+02
2.031550e-01, 3.095324e+02
2.031879e-01, 3.094259e+02
2.032207e-01, 3.093195e+02
2.032536e-01, 3.092132e+02
2.032865e-01, 3.091069e+02
2.033194e-01, 3.090007e+02
2.033522e-01, 3.088946e+02
2.033851e-01, 3.087885e+02
2.034180e-01, 3.086824e+02
2.034509e-01, 3.085765e+02
2.034837e-01, 3.084706e+02
2.035166e-01, 3.083647e+02
2.035495e-01, 3.082590e+02
2.035823e-01, 3.081533e+02
2.036152e-01, 3.080476e+02
2.036481e-01, 3.079420e+02
2.036810e-01, 3.078365e+02
2.037138e-01, 3.077310e+02
2.037467e-01, 3.076256e+02
2.037796e-01, 3.075203e+02
2.038124e-01, 3.074150e+02
2.038453e-01, 3.073098e+02
2.038782e-01, 3.072046e+02
2.039110e-01, 3.070995e+02
2.039439e-01, 3.069945e+02
2.039767e-01, 3.068895e+02
2.040096e-01, 3.067846e+02
2.040425e-01, 3.066797e+02
2.040753e-01, 3.065750e+02
2.041082e-01, 3.064702e+02
2.041411e-01, 3.063656e+02
2.041739e-01, 3.062610e+02
2.042068e-01, 3.061564e+02
2.042396e-01, 3.060519e+02
2.042725e-01, 3.059475e+02
2.043054e-01, 3.058431e+02
2.043382e-01, 3.057388e+02
2.043711e-01, 3.056346e+02
2.044039e-01, 3.055304e+02
2.044368e-01, 3.054263e+02
2.044696e-01, 3.053223e+02
2.045025e-01, 3.052183e+02
2.045354e-01, 3.051143e+02
2.045682e-01, 3.050105e+02
2.046011e-01, 3.049066e+02
2.046339e-01, 3.048029e+02
2.046668e-01, 3.046992e+02
2.046996e-01, 3.045956e+02
2.047325e-01, 3.044920e+02
2.047653e-01, 3.043885e+02
2.047982e-01, 3.042850e+02
2.048310e-01, 3.041817e+02
2.048639e-01, 3.040783e+02
2.048967e-01, 3.039751e+02
2.049296e-01, 3.038719e+02
2.049624e-01, 3.037687e+02
2.049953e-01, 3.036656e+02
2.050281e-01, 3.035626e+02
2.050610e-01, 3.034596e+02
2.050938e-01, 3.033567e+02
2.051267e-01, 3.032539e+02
2.051595e-01, 3.031511e+02
2.051924e-01, 3.030484e+02
2.052252e-01, 3.029457e+02
2.052581e-01, 3.028431e+02
2.052909e-01, 3.027406e+02
2.053238e-01, 3.026381e+02
2.053566e-01, 3.025357e+02
2.053894e-01, 3.024333e+02
2.054223e-01, 3.023310e+02
2.054551e-01, 3.022287e+02
2.054880e-01, 3.021266e+02
2.055208e-01, 3.020244e+02
2.055536e-01, 3.019224e+02
2.055865e-01, 3.018204e+02
2.056193e-01, 3.017184e+02
2.056522e-01, 3.016165e+02
2.056850e-01, 3.015147e+02
2.057178e-01, 3.014129e+02
2.057507e-01, 3.013112e+02
2.057835e-01, 3.012096e+02
2.058163e-01, 3.011080e+02
2.058492e-01, 3.010065e+02
2.058820e-01, 3.009050e+02
2.059149e-01, 3.008036e+02
2.059477e-01, 3.007022e+02
2.059805e-01, 3.006009e+02
2.060134e-01, 3.004997e+02
2.060462e-01, 3.003985e+02
2.060790e-01, 3.002974e+02
2.061119e-01, 3.001963e+02
2.061447e-01, 3.000953e+02
2.061775e-01, 2.999944e+02
2.062103e-01, 2.998935e+02
2.062432e-01, 2.997927e+02
2.062760e-01, 2.996919e+02
2.063088e-01, 2.995912e+02
2.063417e-01, 2.994906e+02
2.063745e-01, 2.993900e+02
2.064073e-01, 2.992895e+02
2.064401e-01, 2.991890e+02
2.064730e-01, 2.990886e+02
2.065058e-01, 2.989882e+02
2.065386e-01, 2.988880e+02
2.065714e-01, 2.987877e+02
2.066043e-01, 2.986875e+02
2.066371e-01, 2.985874e+02
2.066699e-01, 2.984874e+02
2.067027e-01, 2.983874e+02
2.067356e-01, 2.982874e+02
2.067684e-01, 2.981875e+02
2.068012e-01, 2.980877e+02
2.068340e-01, 2.979879e+02
2.068669e-01, 2.978882e+02
2.068997e-01, 2.977886e+02
2.069325e-01, 2.976890e+02
2.069653e-01, 2.975894e+02
2.069981e-01, 2.974899e+02
2.070309e-01, 2.973905e+02
2.070638e-01, 2.972912e+02
2.070966e-01, 2.971919e+02
2.071294e-01, 2.970926e+02
2.071622e-01, 2.969934e+02
2.071950e-01, 2.968943e+02
2.072278e-01, 2.967952e+02
2.072607e-01, 2.966962e+02
2.072935e-01, 2.965972e+02
2.073263e-01, 2.964983e+02
2.073591e-01, 2.963995e+02
2.073919e-01, 2.963007e+02
2.074247e-01, 2.962020e+02
2.074575e-01, 2.961033e+02
2.074903e-01, 2.960047e+02
2.075232e-01, 2.959061e+02
2.075560e-01, 2.958076e+02
2.075888e-01, 2.957092e+02
2.076216e-01, 2.956108e+02
2.076544e-01, 2.955125e+02
2.076872e-01, 2.954142e+02
2.077200e-01, 2.953160e+02
2.077528e-01, 2.952178e+02
2.077856e-01, 2.951197e+02
2.078184e-01, 2.950217e+02
2.078512e-01, 2.949237e+02
2.078840e-01, 2.948258e+02
2.079168e-01, 2.947279e+02
2.079497e-01, 2.946301e+02
2.079825e-01, 2.945323e+02
2.080153e-01, 2.944346e+02
2.080481e-01, 2.943370e+02
2.080809e-01, 2.942394e+02
2.081137e-01, 2.941418e+02
2.081465e-01, 2.940444e+02
2.081793e-01, 2.939469e+02
2.082121e-01, 2.938496e+02
2.082449e-01, 2.937523e+02
2.082777e-01, 2.936550e+02
2.083105e-01, 2.935578e+02
2.083433e-01, 2.934605e+02
2.083761e-01, 2.933631e+02
2.084090e-01, 2.932656e+02
2.084418e-01, 2.931681e+02
2.084746e-01, 2.930705e+02
2.085075e-01, 2.929729e+02
2.085403e-01, 2.928752e+02
2.085732e-01, 2.927776e+02
2.086060e-01, 2.926801e+02
2.086389e-01, 2.925825e+02
2.086718e-01, 2.924850e+02
2.087046e-01, 2.923875e+02
2.087375e-01, 2.922901e+02
2.087703e-01, 2.921927e+02
2.088032e-01, 2.920954e+02
2.088360e-01, 2.919981e+02
2.088689e-01, 2.919009e+02
2.089017e-01, 2.918038e+02
2.089346e-01, 2.917067e+02
2.089675e-01, 2.916096e+02
2.090003e-01, 2.915126e+02
2.090332e-01, 2.914157e+02
2.090660e-01, 2.913188e+02
2.090989e-01, 2.912219e+02
2.091317e-01, 2.911252e+02
2.091646e-01, 2.910284e+02
2.091974e-01, 2.909318e+02
2.092303e-01, 2.908351e+02
2.092631e-01, 2.907386e+02
2.092960e-01, 2.906421e+02
2.093288e-01, 2.905456e+02
2.093617e-01, 2.904492e+02
2.093945e-01, 2.903529e+02
2.094274e-01, 2.902566e+02
2.094602e-01, 2.901604e+02
2.094931e-01, 2.900642e+02
2.095259e-01, 2.899681e+02
2.095588e-01, 2.898720e+02
2.095916e-01, 2.897760e+02
2.096245e-01, 2.896800e+02
2.096573e-01, 2.895841e+02
2.096901e-01, 2.894883e+02
2.097230e-01, 2.893925e+02
2.097558e-01, 2.892968e+02
2.097887e-01, 2.892011e+02
2.098215e-01, 2.891054e+02
2.098544e-01, 2.890099e+02
2.098872e-01, 2.889143e+02
2.099200e-01, 2.888189e+02
2.099529e-01, 2.887235e+02
2.099857e-01, 2.886281e+02
2.100186e-01, 2.885328e+02
2.100514e-01, 2.884375e+02
2.100843e-01, 2.883423e+02
2.101171e-01, 2.882472e+02
2.101499e-01, 2.881521e+02
2.101828e-01, 2.880571e+02
2.102156e-01, 2.879621e+02
2.102484e-01, 2.878672e+02
2.102813e-01, 2.877723e+02
2.103141e-01, 2.876775e+02
2.103470e-01, 2.875827e+02
2.103798e-01, 2.874880e+02
2.104126e-01, 2.873933e+02
2.104455e-01, 2.872987e+02
2.104783e-01, 2.872042e+02
2.105111e-01, 2.871097e+02
2.105440e-01, 2.870152e+02
2.105768e-01, 2.869208e+02
2.106096e-01, 2.868265e+02
2.106425e-01, 2.867322e+02
2.106753e-01, 2.866380e+02
2.107081e-01, 2.865438e+02
2.107410e-01, 2.864497e+02
2.107738e-01, 2.863556e+02
2.108066e-01, 2.862616e+02
2.108395e-01, 2.861676e+02
2.108723e-01, 2.860737e+02
2.109051e-01, 2.859799e+02
2.109380e-01, 2.858861e+02
2.109708e-01, 2.857923e+02
2.110036e-01, 2.856986e+02
2.110364e-01, 2.856050e+02
2.110693e-01, 2.855114e+02
2.111021e-01, 2.854178e+02
2.111349e-01, 2.853243e+02
2.111677e-01, 2.852309e+02
2.112006e-01, 2.851375e+02
2.112334e-01, 2.850442e+02
2.112662e-01, 2.849509e+02
2.112990e-01, 2.848577e+02
2.113319e-01, 2.847645e+02
2.113647e-01, 2.846714e+02
2.113975e-01, 2.845783e+02
2.114303e-01, 2.844853e+02
2.114632e-01, 2.843924e+02
2.114960e-01, 2.842995e+02
2.115288e-01, 2.842066e+02
2.115616e-01, 2.841138e+02
2.115944e-01, 2.840211e+02
2.116273e-01, 2.839284e+02
2.116601e-01, 2.838357e+02
2.116929e-01, 2.837431e+02
2.117257e-01, 2.836506e+02
2.117585e-01, 2.835581e+02
2.117914e-01, 2.834657e+02
2.118242e-01, 2.833733e+02
2.118570e-01, 2.832810e+02
2.118898e-01, 2.831887e+02
2.119226e-01, 2.830965e+02
2.119554e-01, 2.830043e+02
2.119883e-01, 2.829122e+02
2.120211e-01, 2.828201e+02
2.120539e-01, 2.827281e+02
2.120867e-01, 2.826361e+02
2.121195e-01, 2.825442e+02
2.121523e-01, 2.824523e+02
2.121851e-01, 2.823605e+02
2.122180e-01, 2.822688e+02
2.122508e-01, 2.821771e+02
2.122836e-01, 2.820854e+02
2.123164e-01, 2.819938e+02
2.123492e-01, 2.819023e+02
2.123820e-01, 2.818108e+02
2.124148e-01, 2.817193e+02
2.124476e-01, 2.816279e+02
2.124804e-01, 2.815366e+02
2.125132e-01, 2.814453e+02
2.125461e-01, 2.813541e+02
2.125789e-01, 2.812629e+02
2.126117e-01, 2.811717e+02
2.126445e-01, 2.810807e+02
2.126773e-01, 2.809896e+02
2.127101e-01, 2.808986e+02
2.127429e-01, 2.808077e+02
2.127757e-01, 2.807168e+02
2.128085e-01, 2.806260e+02
2.128413e-01, 2.805352e+02
2.128741e-01, 2.804445e+02
2.129069e-01, 2.803538e+02
2.129397e-01, 2.802632e+02
2.129725e-01, 2.801724e+02
2.130054e-01, 2.800812e+02
2.130382e-01, 2.799895e+02
2.130711e-01, 2.798974e+02
2.131040e-01, 2.798050e+02
2.131368e-01, 2.797123e+02
2.131697e-01, 2.796194e+02
2.132026e-01, 2.795264e+02
2.132354e-01, 2.794332e+02
2.132683e-01, 2.793400e+02
2.133012e-01, 2.792467e+02
2.133341e-01, 2.791534e+02
2.133669e-01, 2.790600e+02
2.133998e-01, 2.789666e+02
2.134327e-01, 2.788733e+02
2.134655e-01, 2.787799e+02
2.134984e-01, 2.786866e+02
2.135313e-01, 2.785932e+02
2.135641e-01, 2.784999e+02
2.135970e-01, 2.784066e+02
2.136299e-01, 2.783134e+02
2.136627e-01, 2.782202e+02
2.136956e-01, 2.781270e+02
2.137284e-01, 2.780338e+02
2.137613e-01, 2.779407e+02
2.137942e-01, 2.778477e+02
2.138270e-01, 2.777546e+02
2.138599e-01, 2.776616e+02
2.138927e-01, 2.775687e+02
2.139256e-01, 2.774758e+02
2.139584e-01, 2.773829e+02
2.139913e-01, 2.772901e+02
2.140242e-01, 2.771973e+02
2.140570e-01, 2.771046e+02
2.140899e-01, 2.770119e+02
2.141227e-01, 2.769192e+02
2.141556e-01, 2.768266e+02
2.141884e-01, 2.767340e+02
2.142213e-01, 2.766415e+02
2.142541e-01, 2.765490e+02
2.142870e-01, 2.764566e+02
2.143198e-01, 2.763642e+02
2.143527e-01, 2.762719e+02
2.143855e-01, 2.761796e+02
2.144184e-01, 2.760874e+02
2.144512e-01, 2.759952e+02
2.144841e-01, 2.759030e+02
2.145169e-01, 2.758109e+02
2.145498e-01, 2.757189e+02
2.145826e-01, 2.756269e+02
2.146155e-01, 2.755349e+02
2.146483e-01, 2.754430e+02
2.146811e-01, 2.753512e+02
2.147140e-01, 2.752593e+02
2.147468e-01, 2.751676e+02
2.147797e-01, 2.750758e+02
2.148125e-01, 2.749842e+02
2.148454e-01, 2.748925e+02
2.148782e-01, 2.748010e+02
2.149111e-01, 2.747093e+02
2.149439e-01, 2.746175e+02
2.149768e-01, 2.745253e+02
2.150097e-01, 2.744327e+02
2.150426e-01, 2.743399e+02
2.150755e-01, 2.742469e+02
2.151084e-01, 2.741537e+02
2.151414e-01, 2.740603e+02
2.151743e-01, 2.739669e+02
2.152072e-01, 2.738733e+02
2.152402e-01, 2.737797e+02
2.152731e-01, 2.736861e+02
2.153060e-01, 2.735924e+02
2.153390e-01, 2.734988e+02
2.153719e-01, 2.734051e+02
2.154049e-01, 2.733115e+02
2.154378e-01, 2.732179e+02
2.154707e-01, 2.731243e+02
2.155037e-01, 2.730308e+02
2.155366e-01, 2.729373e+02
2.155696e-01, 2.728438e+02
2.156025e-01, 2.727504e+02
2.156355e-01, 2.726570e+02
2.156684e-01, 2.725636e+02
2.157013e-01, 2.724703e+02
2.157343e-01, 2.723771e+02
2.157672e-01, 2.722838e+02
2.158002e-01, 2.721907e+02
2.158331e-01, 2.720976e+02
2.158660e-01, 2.720045e+02
2.158990e-01, 2.719115e+02
2.159319e-01, 2.718185e+02
2.159649e-01, 2.717256e+02
2.159978e-01, 2.716327e+02
2.160307e-01, 2.715399e+02
2.160637e-01, 2.714471e+02
2.160966e-01, 2.713544e+02
2.161295e-01, 2.712618e+02
2.161625e-01, 2.711691e+02
2.161954e-01, 2.710766e+02
2.162283e-01, 2.709840e+02
2.162613e-01, 2.708916e+02
2.162942e-01, 2.707992e+02
2.163271e-01, 2.707068e+02
2.163601e-01, 2.706145e+02
2.163930e-01, 2.705222e+02
2.164259e-01, 2.704300e+02
2.164588e-01, 2.703378e+02
2.164918e-01, 2.702457e+02
2.165247e-01, 2.701536e+02
2.165576e-01, 2.700616e+02
2.165905e-01, 2.699696e+02
2.166235e-01, 2.698777e+02
2.166564e-01, 2.697858e+02
2.166893e-01, 2.696940e+02
2.167222e-01, 2.696022e+02
2.167552e-01, 2.695105e+02
2.167881e-01, 2.694188e+02
2.168210e-01, 2.693272e+02
2.168539e-01, 2.692356e+02
2.168868e-01, 2.691441e+02
2.169198e-01, 2.690526e+02
2.169527e-01, 2.689612e+02
2.169856e-01, 2.688698e+02
2.170185e-01, 2.687785e+02
2.170514e-01, 2.686872e+02
2.170843e-01, 2.685960e+02
2.171172e-01, 2.685048e+02
2.171502e-01, 2.684136e+02
2.171831e-01, 2.683226e+02
2.172160e-01, 2.682315e+02
2.172489e-01, 2.681406e+02
2.172818e-01, 2.680496e+02
2.173147e-01, 2.679587e+02
2.173476e-01, 2.678679e+02
2.173805e-01, 2.677771e+02
2.174134e-01, 2.676864e+02
2.174464e-01, 2.675957e+02
2.174793e-01, 2.675051e+02
2.175122e-01, 2.674145e+02
2.175451e-01, 2.673239e+02
2.175780e-01, 2.672334e+02
2.176109e-01, 2.671430e+02
2.176438e-01, 2.670526e+02
2.176767e-01, 2.669623e+02
2.177096e-01, 2.668720e+02
2.177425e-01, 2.667817e+02
2.177754e-01, 2.666915e+02
2.178083e-01, 2.666014e+02
2.178412e-01, 2.665113e+02
2.178741e-01, 2.664212e+02
2.179070e-01, 2.663312e+02
2.179399e-01, 2.662413e+02
2.179728e-01, 2.661514e+02
2.180057e-01, 2.660615e+02
2.180386e-01, 2.659717e+02
2.180715e-01, 2.658820e+02
2.181044e-01, 2.657923e+02
2.181373e-01, 2.657026e+02
2.181702e-01, 2.656130e+02
2.182031e-01, 2.655235e+02
2.182359e-01, 2.654340e+02
2.182688e-01, 2.653445e+02
2.183017e-01, 2.652551e+02
2.183346e-01, 2.651657e+02
2.183675e-01, 2.650764e+02
2.184004e-01, 2.649871e+02
2.184333e-01, 2.648979e+02
2.184662e-01, 2.648087e+02
2.184991e-01, 2.647196e+02
2.185319e-01, 2.646305e+02
2.185648e-01, 2.645415e+02
2.185977e-01, 2.644525e+02
2.186306e-01, 2.643636e+02
2.186635e-01, 2.642747e+02
2.186964e-01, 2.641859e+02
2.187293e-01, 2.640971e+02
2.187621e-01, 2.640084e+02
2.187950e-01, 2.639197e+02
2.188279e-01, 2.638310e+02
2.188608e-01, 2.637424e+02
2.188937e-01, 2.636539e+02
2.189265e-01, 2.635654e+02
2.189594e-01, 2.634770e+02
2.189923e-01, 2.633886e+02
2.190252e-01, 2.633002e+02
2.190581e-01, 2.632119e+02
2.190909e-01, 2.631236e+02
2.191238e-01, 2.630354e+02
2.191567e-01, 2.629473e+02
2.191896e-01, 2.628592e+02
2.192224e-01, 2.627711e+02
2.192553e-01, 2.626831e+02
2.192882e-01, 2.625951e+02
2.193210e-01, 2.625072e+02
2.193539e-01, 2.624193e+02
2.193868e-01, 2.623315e+02
2.194197e-01, 2.622437e+02
2.194525e-01, 2.621560e+02
2.194854e-01, 2.620683e+02
2.195183e-01, 2.619807e+02
2.195511e-01, 2.618931e+02
2.195840e-01, 2.618056e+02
2.196169e-01, 2.617181e+02
2.196497e-01, 2.616306e+02
2.196826e-01, 2.615432e+02
2.197155e-01, 2.614559e+02
2.197483e-01, 2.613686e+02
2.197812e-01, 2.612813e+02
2.198141e-01, 2.611941e+02
2.198469e-01, 2.611070e+02
2.198798e-01, 2.610199e+02
2.199126e-01, 2.609328e+02
2.199455e-01, 2.608458e+02
2.199784e-01, 2.607588e+02
2.200112e-01, 2.606719e+02
2.200441e-01, 2.605850e+02
2.200769e-01, 2.604982e+02
2.201098e-01, 2.604114e+02
2.201427e-01, 2.603247e+02
2.201755e-01, 2.602380e+02
2.202084e-01, 2.601514e+02
2.202412e-01, 2.600648e+02
2.202741e-01, 2.599782e+02
2.203069e-01, 2.598917e+02
2.203398e-01, 2.598053e+02
2.203726e-01, 2.597189e+02
2.204055e-01, 2.596325e+02
2.204384e-01, 2.595462e+02
2.204712e-01, 2.594599e+02
2.205041e-01, 2.593737e+02
2.205369e-01, 2.592876e+02
2.205698e-01, 2.592014e+02
2.206026e-01, 2.591154e+02
2.206355e-01, 2.590293e+02
2.206683e-01, 2.589434e+02
2.207011e-01, 2.588574e+02
2.207340e-01, 2.587715e+02
2.207668e-01, 2.586857e+02
2.207997e-01, 2.585999e+02
2.208325e-01, 2.585142e+02
2.208654e-01, 2.584285e+02
2.208982e-01, 2.583428e+02
2.209311e-01, 2.582572e+02
2.209639e-01, 2.581717e+02
2.209968e-01, 2.580861e+02
2.210296e-01, 2.580007e+02
2.210624e-01, 2.579153e+02
2.210953e-01, 2.578299e+02
2.211281e-01, 2.577446e+02
2.211610e-01, 2.576593e+02
2.211938e-01, 2.575740e+02
2.212266e-01, 2.574888e+02
2.212595e-01, 2.574037e+02
2.212923e-01, 2.573186e+02
2.213251e-01, 2.572336e+02
2.213580e-01, 2.571486e+02
2.213908e-01, 2.570636e+02
2.214236e-01, 2.569787e+02
2.214565e-01, 2.568938e+02
2.214893e-01, 2.568090e+02
2.215222e-01, 2.567242e+02
2.215550e-01, 2.566395e+02
2.215878e-01, 2.565548e+02
2.216206e-01, 2.564702e+02
2.216535e-01, 2.563856e+02
2.216863e-01, 2.563011e+02
2.217191e-01, 2.562166e+02
2.217520e-01, 2.561321e+02
2.217848e-01, 2.560477e+02
2.218176e-01, 2.559634e+02
2.218505e-01, 2.558790e+02
2.218833e-01, 2.557948e+02
2.219161e-01, 2.557106e+02
2.219489e-01, 2.556264e+02
2.219818e-01, 2.555423e+02
2.220146e-01, 2.554582e+02
2.220474e-01, 2.553741e+02
2.220802e-01, 2.552901e+02
2.221131e-01, 2.552062e+02
2.221459e-01, 2.551223e+02
2.221787e-01, 2.550384e+02
2.222115e-01, 2.549546e+02
2.222443e-01, 2.548709e+02
2.222772e-01, 2.547871e+02
2.223100e-01, 2.547035e+02
2.223428e-01, 2.546198e+02
2.223756e-01, 2.545363e+02
2.224084e-01, 2.544527e+02
2.224413e-01, 2.543692e+02
2.224741e-01, 2.542858e+02
2.225069e-01, 2.542024e+02
2.225397e-01, 2.541190e+02
2.225725e-01, 2.540357e+02
2.226053e-01, 2.539524e+02
2.226382e-01, 2.538692e+02
2.226710e-01, 2.537860e+02
2.227038e-01, 2.537029e+02
2.227366e-01, 2.536198e+02
2.227694e-01, 2.535368e+02
2.228022e-01, 2.534538e+02
2.228350e-01, 2.533708e+02
2.228678e-01, 2.532879e+02
2.229006e-01, 2.532051e+02
2.229335e-01, 2.531223e+02
2.229663e-01, 2.530395e+02
2.229991e-01, 2.529568e+02
2.230319e-01, 2.528741e+02
2.230647e-01, 2.527915e+02
2.230975e-01, 2.527089e+02
2.231303e-01, 2.526263e+02
2.231631e-01, 2.525438e+02
2.231959e-01, 2.524614e+02
2.232287e-01, 2.523789e+02
2.232615e-01, 2.522966e+02
2.232943e-01, 2.522143e+02
2.233271e-01, 2.521320e+02
2.233599e-01, 2.520497e+02
2.233927e-01, 2.519675e+02
2.234255e-01, 2.518854e+02
2.234583e-01, 2.518033e+02
2.234911e-01, 2.517212e+02
2.235239e-01, 2.516392e+02
2.235567e-01, 2.515573e+02
2.235895e-01, 2.514753e+02
2.236223e-01, 2.513935e+02
2.236551e-01, 2.513116e+02
2.236879e-01, 2.512298e+02
2.237207e-01, 2.511481e+02
2.237535e-01, 2.510664e+02
2.237863e-01, 2.509847e+02
2.238191e-01, 2.509031e+02
2.238519e-01, 2.508216e+02
2.238847e-01, 2.507400e+02
2.239175e-01, 2.506585e+02
2.239503e-01, 2.505771e+02
2.239831e-01, 2.504957e+02
2.240159e-01, 2.504144e+02
2.240486e-01, 2.503331e+02
2.240814e-01, 2.502518e+02
2.241142e-01, 2.501706e+02
2.241470e-01, 2.500894e+02
2.241798e-01, 2.500083e+02
2.242126e-01, 2.499272e+02
2.242454e-01, 2.498462e+02
2.242782e-01, 2.497652e+02
2.243110e-01, 2.496842e+02
2.243437e-01, 2.496033e+02
2.243765e-01, 2.495224e+02
2.244093e-01, 2.494416e+02
2.244421e-01, 2.493608e+02
2.244749e-01, 2.492801e+02
2.245077e-01, 2.491994e+02
2.245404e-01, 2.491187e+02
2.245732e-01, 2.490381e+02
2.246060e-01, 2.489576e+02
2.246388e-01, 2.488771e+02
2.246716e-01, 2.487966e+02
2.247044e-01, 2.487162e+02
2.247371e-01, 2.486358e+02
2.247699e-01, 2.485554e+02
2.248027e-01, 2.484751e+02
2.248355e-01, 2.483949e+02
2.248682e-01, 2.483146e+02
2.249010e-01, 2.482345e+02
2.249338e-01, 2.481543e+02
2.249666e-01, 2.480743e+02
2.249993e-01, 2.479942e+02
2.250321e-01, 2.479142e+02
2.250649e-01, 2.478343e+02
2.250977e-01, 2.477544e+02
2.251304e-01, 2.476745e+02
2.251632e-01, 2.475947e+02
2.251960e-01, 2.475149e+02
2.252288e-01, 2.474351e+02
2.252615e-01, 2.473554e+02
2.252943e-01, 2.472758e+02
2.253271e-01, 2.471962e+02
2.253598e-01, 2.471166e+02
2.253926e-01, 2.470371e+02
2.254254e-01, 2.469576e+02
2.254581e-01, 2.468781e+02
2.254909e-01, 2.467987e+02
2.255237e-01, 2.467194e+02
2.255564e-01, 2.466401e+02
2.255892e-01, 2.465608e+02
2.256220e-01, 2.464816e+02
2.256547e-01, 2.464024e+02
2.256875e-01, 2.463233e+02
2.257203e-01, 2.462442e+02
2.257530e-01, 2.461651e+02
2.257858e-01, 2.460861e+02
2.258186e-01, 2.460071e+02
2.258513e-01, 2.459282e+02
2.258841e-01, 2.458493e+02
2.259168e-01, 2.457704e+02
2.259496e-01, 2.456916e+02
2.259824e-01, 2.456129e+02
2.260151e-01, 2.455342e+02
2.260479e-01, 2.454555e+02
2.260806e-01, 2.453769e+02
2.261134e-01, 2.452983e+02
2.261462e-01, 2.452197e+02
2.261789e-01, 2.451412e+02
2.262117e-01, 2.450627e+02
2.262444e-01, 2.449843e+02
2.262772e-01, 2.449059e+02
2.263099e-01, 2.448276e+02
2.263427e-01, 2.447493e+02
2.263754e-01, 2.446710e+02
2.264082e-01, 2.445928e+02
2.264409e-01, 2.445147e+02
2.264737e-01, 2.444365e+02
2.265065e-01, 2.443584e+02
2.265392e-01, 2.442804e+02
2.265720e-01, 2.442024e+02
2.266047e-01, 2.441244e+02
2.266375e-01, 2.440465e+02
2.266702e-01, 2.439686e+02
2.267029e-01, 2.438908e+02
2.267357e-01, 2.438130e+02
2.267684e-01, 2.437353e+02
2.268012e-01, 2.436575e+02
2.268339e-01, 2.435799e+02
2.268667e-01, 2.435022e+02
2.268994e-01, 2.434247e+02
2.269322e-01, 2.433471e+02
2.269649e-01, 2.432696e+02
2.269977e-01, 2.431921e+02
2.270304e-01, 2.431147e+02
2.270631e-01, 2.430373e+02
2.270959e-01, 2.429600e+02
2.271286e-01, 2.428827e+02
2.271614e-01, 2.428054e+02
2.271941e-01, 2.427282e+02
2.272269e-01, 2.426511e+02
2.272596e-01, 2.425739e+02
2.272923e-01, 2.424968e+02
2.273251e-01, 2.424198e+02
2.273578e-01, 2.423428e+02
2.273905e-01, 2.422658e+02
2.274233e-01, 2.421889e+02
2.274560e-01, 2.421120e+02
2.274888e-01, 2.420352e+02
2.275215e-01, 2.419584e+02
2.275542e-01, 2.418816e+02
2.275870e-01, 2.418049e+02
2.276197e-01, 2.417282e+02
2.276524e-01, 2.416516e+02
2.276852e-01, 2.415750e+02
2.277179e-01, 2.414984e+02
2.277506e-01, 2.414219e+02
2.277834e-01, 2.413454e+02
2.278161e-01, 2.412690e+02
2.278488e-01, 2.411926e+02
2.278816e-01, 2.411162e+02
2.279143e-01, 2.410399e+02
2.279470e-01, 2.409636e+02
2.279797e-01, 2.408874e+02
2.280125e-01, 2.408112e+02
2.280452e-01, 2.407351e+02
2.280779e-01, 2.406590e+02
2.281107e-01, 2.405829e+02
2.281434e-01, 2.405069e+02
2.281761e-01, 2.404309e+02
2.282088e-01, 2.403549e+02
2.282416e-01, 2.402790e+02
2.282743e-01, 2.402031e+02
2.283070e-01, 2.401273e+02
2.283397e-01, 2.400515e+02
2.283725e-01, 2.399758e+02
2.284052e-01, 2.399001e+02
2.284379e-01, 2.398244e+02
2.284706e-01, 2.397488e+02
2.285033e-01, 2.396732e+02
2.285361e-01, 2.395977e+02
2.285688e-01, 2.395222e+02
2.286015e-01, 2.394467e+02
2.286342e-01, 2.393713e+02
2.286669e-01, 2.392959e+02
2.286997e-01, 2.392205e+02
2.287324e-01, 2.391452e+02
2.287651e-01, 2.390700e+02
2.287978e-01, 2.389947e+02
2.288305e-01, 2.389196e+02
2.288632e-01, 2.388444e+02
2.288960e-01, 2.387693e+02
2.289287e-01, 2.386942e+02
2.289614e-01, 2.386192e+02
2.289941e-01, 2.385442e+02
2.290268e-01, 2.384693e+02
2.290595e-01, 2.383944e+02
2.290922e-01, 2.383195e+02
2.291249e-01, 2.382447e+02
2.291577e-01, 2.381699e+02
2.291904e-01, 2.380952e+02
2.292231e-01, 2.380205e+02
2.292558e-01, 2.379458e+02
2.292885e-01, 2.378712e+02
2.293212e-01, 2.377966e+02
2.293539e-01, 2.377220e+02
2.293866e-01, 2.376475e+02
2.294193e-01, 2.375730e+02
2.294520e-01, 2.374986e+02
2.294847e-01, 2.374242e+02
2.295174e-01, 2.373499e+02
2.295501e-01, 2.372756e+02
2.295829e-01, 2.372013e+02
2.296156e-01, 2.371270e+02
2.296483e-01, 2.370529e+02
2.296810e-01, 2.369787e+02
2.297137e-01, 2.369046e+02
2.297464e-01, 2.368305e+02
2.297791e-01, 2.367565e+02
2.298118e-01, 2.366825e+02
2.298445e-01, 2.366085e+02
2.298772e-01, 2.365346e+02
2.299099e-01, 2.364607e+02
2.299426e-01, 2.363869e+02
2.299753e-01, 2.363131e+02
2.300080e-01, 2.362393e+02
2.300407e-01, 2.361656e+02
2.300734e-01, 2.360919e+02
2.301061e-01, 2.360182e+02
2.301388e-01, 2.359446e+02
2.301715e-01, 2.358711e+02
2.302042e-01, 2.357975e+02
2.302369e-01, 2.357240e+02
2.302695e-01, 2.356506e+02
2.303022e-01, 2.355772e+02
2.303349e-01, 2.355038e+02
2.303676e-01, 2.354304e+02
2.304003e-01, 2.353571e+02
2.304330e-01, 2.352839e+02
2.304657e-01, 2.352107e+02
2.304984e-01, 2.351375e+02
2.305311e-01, 2.350643e+02
2.305638e-01, 2.349912e+02
2.305965e-01, 2.349182e+02
2.306292e-01, 2.348451e+02
2.306618e-01, 2.347721e+02
2.306945e-01, 2.346992e+02
2.307272e-01, 2.346263e+02
2.307599e-01, 2.345534e+02
2.307926e-01, 2.344806e+02
2.308253e-01, 2.344078e+02
2.308580e-01, 2.343350e+02
2.308907e-01, 2.342623e+02
2.309233e-01, 2.341896e+02
2.309560e-01, 2.341170e+02
2.309887e-01, 2.340443e+02
2.310214e-01, 2.339718e+02
2.310541e-01, 2.338992e+02
2.310868e-01, 2.338267e+02
2.311195e-01, 2.337543e+02
2.311521e-01, 2.336819e+02
2.311848e-01, 2.336095e+02
2.312175e-01, 2.335372e+02
2.312502e-01, 2.334648e+02
2.312829e-01, 2.333926e+02
2.313155e-01, 2.333204e+02
2.313482e-01, 2.332482e+02
2.313809e-01, 2.331760e+02
2.314136e-01, 2.331039e+02
2.314463e-01, 2.330318e+02
2.314789e-01, 2.329598e+02
2.315116e-01, 2.328878e+02
2.315443e-01, 2.328158e+02
2.315770e-01, 2.327439e+02
2.316096e-01, 2.326720e+02
2.316423e-01, 2.326002e+02
2.316750e-01, 2.325283e+02
2.317077e-01, 2.324566e+02
2.317403e-01, 2.323847e+02
2.317730e-01, 2.323129e+02
2.318056e-01, 2.322412e+02
2.318383e-01, 2.321695e+02
2.318709e-01, 2.320979e+02
2.319035e-01, 2.320264e+02
2.319361e-01, 2.319551e+02
2.319687e-01, 2.318838e+02
2.320013e-01, 2.318125e+02
2.320339e-01, 2.317414e+02
2.320665e-01, 2.316703e+02
2.320991e-01, 2.315993e+02
2.321317e-01, 2.315283e+02
2.321643e-01, 2.314574e+02
2.321969e-01, 2.313865e+02
2.322295e-01, 2.313157e+02
2.322621e-01, 2.312449e+02
2.322947e-01, 2.311741e+02
2.323273e-01, 2.311034e+02
2.323598e-01, 2.310327e+02
2.323924e-01, 2.309621e+02
2.324250e-01, 2.308915e+02
2.324576e-01, 2.308210e+02
2.324902e-01, 2.307505e+02
2.325228e-01, 2.306800e+02
2.325553e-01, 2.306095e+02
2.325879e-01, 2.305391e+02
2.326205e-01, 2.304688e+02
2.326531e-01, 2.303984e+02
2.326857e-01, 2.303281e+02
2.327182e-01, 2.302579e+02
2.327508e-01, 2.301876e+02
2.327834e-01, 2.301174e+02
2.328160e-01, 2.300473e+02
2.328485e-01, 2.299772e+02
2.328811e-01, 2.299071e+02
2.329137e-01, 2.298370e+02
2.329463e-01, 2.297670e+02
2.329788e-01, 2.296971e+02
2.330114e-01, 2.296271e+02
2.330440e-01, 2.295572e+02
2.330765e-01, 2.294873e+02
2.331091e-01, 2.294175e+02
2.331417e-01, 2.293477e+02
2.331742e-01, 2.292779e+02
2.332068e-01, 2.292082e+02
2.332394e-01, 2.291385e+02
2.332720e-01, 2.290689e+02
2.333045e-01, 2.289992e+02
2.333371e-01, 2.289297e+02
2.333696e-01, 2.288601e+02
2.334022e-01, 2.287906e+02
2.334348e-01, 2.287211e+02
2.334673e-01, 2.286517e+02
2.334999e-01, 2.285823e+02
2.335325e-01, 2.285129e+02
2.335650e-01, 2.284435e+02
2.335976e-01, 2.283742e+02
2.336301e-01, 2.283050e+02
2.336627e-01, 2.282357e+02
2.336953e-01, 2.281665e+02
2.337278e-01, 2.280974e+02
2.337604e-01, 2.280282e+02
2.337929e-01, 2.279591e+02
2.338255e-01, 2.278901e+02
2.338580e-01, 2.278210e+02
2.338906e-01, 2.277520e+02
2.339232e-01, 2.276831e+02
2.339557e-01, 2.276142e+02
2.339883e-01, 2.275453e+02
2.340208e-01, 2.274764e+02
2.340534e-01, 2.274076e+02
2.340859e-01, 2.273388e+02
2.341185e-01, 2.272701e+02
2.341510e-01, 2.272013e+02
2.341836e-01, 2.271327e+02
2.342161e-01, 2.270640e+02
2.342487e-01, 2.269954e+02
2.342812e-01, 2.269268e+02
2.343138e-01, 2.268583e+02
2.343463e-01, 2.267898e+02
2.343789e-01, 2.267213e+02
2.344114e-01, 2.266528e+02
2.344439e-01, 2.265844e+02
2.344765e-01, 2.265160e+02
2.345090e-01, 2.264477e+02
2.345416e-01, 2.263794e+02
2.345741e-01, 2.263111e+02
2.346067e-01, 2.262429e+02
2.346392e-01, 2.261747e+02
2.346717e-01, 2.261065e+02
2.347043e-01, 2.260384e+02
2.347368e-01, 2.259703e+02
2.347694e-01, 2.259022e+02
2.348019e-01, 2.258342e+02
2.348344e-01, 2.257662e+02
2.348670e-01, 2.256982e+02
2.348995e-01, 2.256303e+02
2.349320e-01, 2.255624e+02
2.349646e-01, 2.254945e+02
2.349971e-01, 2.254267e+02
2.350296e-01, 2.253589e+02
2.350622e-01, 2.252911e+02
2.350947e-01, 2.252234e+02
2.351272e-01, 2.251557e+02
2.351598e-01, 2.250880e+02
2.351923e-01, 2.250204e+02
2.352248e-01, 2.249528e+02
2.352574e-01, 2.248852e+02
2.352899e-01, 2.248177e+02
2.353224e-01, 2.247502e+02
2.353549e-01, 2.246827e+02
2.353875e-01, 2.246153e+02
2.354200e-01, 2.245479e+02
2.354525e-01, 2.244805e+02
2.354850e-01, 2.244132e+02
2.355176e-01, 2.243459e+02
2.355501e-01, 2.242786e+02
2.355826e-01, 2.242114e+02
2.356151e-01, 2.241442e+02
2.356477e-01, 2.240770e+02
2.356802e-01, 2.240099e+02
2.357127e-01, 2.239428e+02
2.357452e-01, 2.238757e+02
2.357777e-01, 2.238086e+02
2.358103e-01, 2.237416e+02
2.358428e-01, 2.236747e+02
2.358753e-01, 2.236077e+02
2.359078e-01, 2.235408e+02
2.359403e-01, 2.234740e+02
2.359729e-01, 2.234071e+02
2.360054e-01, 2.233403e+02
2.360379e-01, 2.232735e+02
2.360704e-01, 2.232068e+02
2.361029e-01, 2.231401e+02
2.361354e-01, 2.230734e+02
2.361679e-01, 2.230068e+02
2.362005e-01, 2.229401e+02
2.362330e-01, 2.228736e+02
2.362655e-01, 2.228070e+02
2.362980e-01, 2.227405e+02
2.363305e-01, 2.226740e+02
2.363630e-01, 2.226076e+02
2.363955e-01, 2.225412e+02
2.364280e-01, 2.224748e+02
2.364605e-01, 2.224084e+02
2.364930e-01, 2.223421e+02
2.365255e-01, 2.222758e+02
2.365580e-01, 2.222095e+02
2.365906e-01, 2.221433e+02
2.366231e-01, 2.220771e+02
2.366556e-01, 2.220110e+02
2.366881e-01, 2.219448e+02
2.367206e-01, 2.218787e+02
2.367531e-01, 2.218127e+02
2.367856e-01, 2.217466e+02
2.368181e-01, 2.216806e+02
2.368506e-01, 2.216147e+02
2.368831e-01, 2.215487e+02
2.369156e-01, 2.214828e+02
2.369481e-01, 2.214170e+02
2.369806e-01, 2.213511e+02
2.370131e-01, 2.212853e+02
2.370456e-01, 2.212195e+02
2.370781e-01, 2.211538e+02
2.371105e-01, 2.210881e+02
2.371430e-01, 2.210224e+02
2.371755e-01, 2.209567e+02
2.372080e-01, 2.208911e+02
2.372405e-01, 2.208255e+02
2.372730e-01, 2.207600e+02
2.373055e-01, 2.206944e+02
2.373380e-01, 2.206289e+02
2.373705e-01, 2.205635e+02
2.374030e-01, 2.204980e+02
2.374355e-01, 2.204326e+02
2.374680e-01, 2.203673e+02
2.375005e-01, 2.203019e+02
2.375329e-01, 2.202366e+02
2.375654e-01, 2.201714e+02
2.375979e-01, 2.201061e+02
2.376304e-01, 2.200409e+02
2.376629e-01, 2.199757e+02
2.376954e-01, 2.199106e+02
2.377279e-01, 2.198454e+02
2.377603e-01, 2.197804e+02
2.377928e-01, 2.197153e+02
2.378253e-01, 2.196503e+02
2.378578e-01, 2.195853e+02
2.378903e-01, 2.195203e+02
2.379228e-01, 2.194554e+02
2.379552e-01, 2.193905e+02
2.379877e-01, 2.193256e+02
2.380202e-01, 2.192608e+02
2.380527e-01, 2.191959e+02
2.380851e-01, 2.191312e+02
2.381176e-01, 2.190664e+02
2.381501e-01, 2.190017e+02
2.381826e-01, 2.189370e+02
2.382151e-01, 2.188723e+02
2.382475e-01, 2.188077e+02
2.382800e-01, 2.187431e+02
2.383125e-01, 2.186786e+02
2.383450e-01, 2.186140e+02
2.383774e-01, 2.185495e+02
2.384099e-01, 2.184850e+02
2.384424e-01, 2.184206e+02
2.384748e-01, 2.183562e+02
2.385073e-01, 2.182918e+02
2.385398e-01, 2.182274e+02
2.385723e-01, 2.181631e+02
2.386047e-01, 2.180988e+02
2.386372e-01, 2.180346e+02
2.386697e-01, 2.179703e+02
2.387021e-01, 2.179061e+02
2.387346e-01, 2.178420e+02
2.387671e-01, 2.177778e+02
2.387995e-01, 2.177137e+02
2.388320e-01, 2.176496e+02
2.388645e-01, 2.175856e+02
2.388969e-01, 2.175215e+02
2.389294e-01, 2.174576e+02
2.389619e-01, 2.173936e+02
2.389943e-01, 2.173297e+02
2.390268e-01, 2.172658e+02
2.390592e-01, 2.172019e+02
2.390917e-01, 2.171380e+02
2.391242e-01, 2.170742e+02
2.391566e-01, 2.170104e+02
2.391891e-01, 2.169467e+02
2.392215e-01, 2.168830e+02
2.392540e-01, 2.168193e+02
2.392865e-01, 2.167556e+02
2.393189e-01, 2.166920e+02
2.393514e-01, 2.166284e+02
2.393838e-01, 2.165648e+02
2.394163e-01, 2.165013e+02
2.394487e-01, 2.164377e+02
2.394812e-01, 2.163743e+02
2.395136e-01, 2.163108e+02
2.395461e-01, 2.162474e+02
2.395786e-01, 2.161840e+02
2.396110e-01, 2.161206e+02
2.396435e-01, 2.160573e+02
2.396759e-01, 2.159939e+02
2.397084e-01, 2.159307e+02
2.397408e-01, 2.158674e+02
2.397733e-01, 2.158042e+02
2.398057e-01, 2.157410e+02
2.398382e-01, 2.156778e+02
2.398706e-01, 2.156147e+02
2.399031e-01, 2.155516e+02
2.399355e-01, 2.154885e+02
2.399679e-01, 2.154255e+02
2.400004e-01, 2.153625e+02
2.400328e-01, 2.152995e+02
2.400653e-01, 2.152365e+02
2.400977e-01, 2.151736e+02
2.401302e-01, 2.151107e+02
2.401626e-01, 2.150478e+02
2.401951e-01, 2.149849e+02
2.402275e-01, 2.149221e+02
2.402599e-01, 2.148593e+02
2.402924e-01, 2.147966e+02
2.403248e-01, 2.147339e+02
2.403573e-01, 2.146712e+02
2.403897e-01, 2.146085e+02
2.404221e-01, 2.145458e+02
2.404546e-01, 2.144832e+02
2.404870e-01, 2.144206e+02
2.405195e-01, 2.143581e+02
2.405519e-01, 2.142956e+02
2.405843e-01, 2.142331e+02
2.406168e-01, 2.141706e+02
2.406492e-01, 2.141081e+02
2.406816e-01, 2.140457e+02
2.407141e-01, 2.139833e+02
2.407465e-01, 2.139210e+02
2.407789e-01, 2.138586e+02
2.408114e-01, 2.137963e+02
2.408438e-01, 2.137341e+02
2.408762e-01, 2.136718e+02
2.409087e-01, 2.136096e+02
2.409411e-01, 2.135474e+02
2.409735e-01, 2.134853e+02
2.410060e-01, 2.134231e+02
2.410384e-01, 2.133610e+02
2.410708e-01, 2.132990e+02
2.411032e-01, 2.132369e+02
2.411357e-01, 2.131749e+02
2.411681e-01, 2.131129e+02
2.412005e-01, 2.130509e+02
2.412329e-01, 2.129890e+02
2.412654e-01, 2.129271e+02
2.412978e-01, 2.128652e+02
2.413302e-01, 2.128034e+02
2.413626e-01, 2.127415e+02
2.413951e-01, 2.126797e+02
2.414275e-01, 2.126180e+02
2.414599e-01, 2.125562e+02
2.414923e-01, 2.124945e+02
2.415248e-01, 2.124328e+02
2.415572e-01, 2.123712e+02
2.415896e-01, 2.123096e+02
2.416220e-01, 2.122480e+02
2.416544e-01, 2.121864e+02
2.416869e-01, 2.121248e+02
2.417193e-01, 2.120633e+02
2.417517e-01, 2.120018e+02
2.417841e-01, 2.119404e+02
2.418165e-01, 2.118789e+02
2.418489e-01, 2.118175e+02
2.418814e-01, 2.117562e+02
2.419138e-01, 2.116948e+02
2.419462e-01, 2.116335e+02
2.419786e-01, 2.115722e+02
2.420110e-01, 2.115109e+02
2.420434e-01, 2.114497e+02
2.420758e-01, 2.113885e+02
2.421083e-01, 2.113273e+02
2.421407e-01, 2.112661e+02
2.421731e-01, 2.112050e+02
2.422055e-01, 2.111439e+02
2.422379e-01, 2.110828e+02
2.422703e-01, 2.110217e+02
2.423027e-01, 2.109607e+02
2.423351e-01, 2.108997e+02
2.423675e-01, 2.108387e+02
2.423999e-01, 2.107778e+02
2.424324e-01, 2.107169e+02
2.424648e-01, 2.106560e+02
2.424972e-01, 2.105951e+02
2.425296e-01, 2.105343e+02
2.425620e-01, 2.104735e+02
2.425944e-01, 2.104127e+02
2.426268e-01, 2.103520e+02
2.426592e-01, 2.102912e+02
2.426916e-01, 2.102305e+02
2.427240e-01, 2.101699e+02
2.427564e-01, 2.101092e+02
2.427888e-01, 2.100486e+02
2.428212e-01, 2.099880e+02
2.428536e-01, 2.099274e+02
2.428860e-01, 2.098669e+02
2.429184e-01, 2.098064e+02
2.429508e-01, 2.097459e+02
2.429832e-01, 2.096854e+02
2.430156e-01, 2.096250e+02
2.430480e-01, 2.095646e+02
2.430804e-01, 2.095042e+02
2.431128e-01, 2.094439e+02
2.431452e-01, 2.093836e+02
2.431776e-01, 2.093233e+02
2.432100e-01, 2.092630e+02
2.432424e-01, 2.092027e+02
2.432748e-01, 2.091425e+02
2.433072e-01, 2.090823e+02
2.433396e-01, 2.090222e+02
2.433720e-01, 2.089620e+02
2.434043e-01, 2.089019e+02
2.434367e-01, 2.088418e+02
2.434691e-01, 2.087818e+02
2.435015e-01, 2.087217e+02
2.435339e-01, 2.086617e+02
2.435663e-01, 2.086017e+02
2.435987e-01, 2.085418e+02
2.436311e-01, 2.084819e+02
2.436635e-01, 2.084220e+02
2.436959e-01, 2.083621e+02
2.437282e-01, 2.083022e+02
2.437606e-01, 2.082424e+02
2.437930e-01, 2.081826e+02
2.438254e-01, 2.081229e+02
2.438578e-01, 2.080631e+02
2.438902e-01, 2.080034e+02
2.439226e-01, 2.079437e+02
2.439549e-01, 2.078840e+02
2.439873e-01, 2.078244e+02
2.440197e-01, 2.077648e+02
2.440521e-01, 2.077052e+02
2.440845e-01, 2.076456e+02
2.441169e-01, 2.075861e+02
2.441492e-01, 2.075266e+02
2.441816e-01, 2.074671e+02
2.442140e-01, 2.074077e+02
2.442464e-01, 2.073482e+02
2.442788e-01, 2.072888e+02
2.443111e-01, 2.072294e+02
2.443435e-01, 2.071701e+02
2.443759e-01, 2.071108e+02
2.444083e-01, 2.070514e+02
2.444407e-01, 2.069922e+02
2.444730e-01, 2.069329e+02
2.445054e-01, 2.068737e+02
2.445378e-01, 2.068145e+02
2.445702e-01, 2.067553e+02
2.446025e-01, 2.066962e+02
2.446349e-01, 2.066371e+02
2.446673e-01, 2.065780e+02
2.446997e-01, 2.065189e+02
2.447320e-01, 2.064598e+02
2.447644e-01, 2.064008e+02
2.447968e-01, 2.063418e+02
2.448292e-01, 2.062829e+02
2.448615e-01, 2.062239e+02
2.448939e-01, 2.061650e+02
2.449263e-01, 2.061061e+02
2.449586e-01, 2.060472e+02
2.449910e-01, 2.059884e+02
2.450234e-01, 2.059296e+02
2.450558e-01, 2.058708e+02
2.450881e-01, 2.058120e+02
2.451205e-01, 2.057533e+02
2.451529e-01, 2.056946e+02
2.451852e-01, 2.056359e+02
2.452176e-01, 2.055772e+02
2.452500e-01, 2.055186e+02
2.452823e-01, 2.054600e+02
2.453147e-01, 2.054014e+02
2.453471e-01, 2.053428e+02
2.453794e-01, 2.052843e+02
2.454118e-01, 2.052257e+02
2.454441e-01, 2.051673e+02
2.454765e-01, 2.051088e+02
2.455089e-01, 2.050504e+02
2.455412e-01, 2.049919e+02
2.455736e-01, 2.049336e+02
2.456060e-01, 2.048752e+02
2.456383e-01, 2.048169e+02
2.456707e-01, 2.047585e+02
2.457030e-01, 2.047003e+02
2.457354e-01, 2.046420e+02
2.457678e-01, 2.045838e+02
2.458001e-01, 2.045255e+02
2.458325e-01, 2.044674e+02
2.458648e-01, 2.044092e+02
2.458972e-01, 2.043511e+02
2.459296e-01, 2.042929e+02
2.459619e-01, 2.042348e+02
2.459943e-01, 2.041768e+02
2.460266e-01, 2.041187e+02
2.460590e-01, 2.040607e+02
2.460913e-01, 2.040027e+02
2.461237e-01, 2.039448e+02
2.461561e-01, 2.038868e+02
2.461884e-01, 2.038289e+02
2.462208e-01, 2.037710e+02
2.462531e-01, 2.037132e+02
2.462855e-01, 2.036553e+02
2.463178e-01, 2.035975e+02
2.463502e-01, 2.035397e+02
2.463825e-01, 2.034819e+02
2.464149e-01, 2.034242e+02
2.464472e-01, 2.033665e+02
2.464796e-01, 2.033088e+02
2.465119e-01, 2.032511e+02
2.465443e-01, 2.031935e+02
2.465766e-01, 2.031359e+02
2.466090e-01, 2.030783e+02
2.466413e-01, 2.030207e+02
2.466737e-01, 2.029631e+02
2.467060e-01, 2.029056e+02
2.467384e-01, 2.028481e+02
2.467707e-01, 2.027906e+02
2.468031e-01, 2.027332e+02
2.468354e-01, 2.026758e+02
2.468678e-01, 2.026184e+02
2.469001e-01, 2.025610e+02
2.469325e-01, 2.025036e+02
2.469648e-01, 2.024463e+02
2.469971e-01, 2.023890e+02
2.470295e-01, 2.023317e+02
2.470618e-01, 2.022745e+02
2.470942e-01, 2.022172e+02
2.471265e-01, 2.021600e+02
2.471589e-01, 2.021028e+02
2.471912e-01, 2.020457e+02
2.472235e-01, 2.019886e+02
2.472559e-01, 2.019314e+02
2.472882e-01, 2.018744e+02
2.473206e-01, 2.018173e+02
2.473529e-01, 2.017603e+02
2.473853e-01, 2.017032e+02
2.474176e-01, 2.016462e+02
2.474499e-01, 2.015893e+02
2.474823e-01, 2.015323e+02
2.475146e-01, 2.014754e+02
2.475469e-01, 2.014185e+02
2.475793e-01, 2.013617e+02
2.476116e-01, 2.013048e+02
2.476440e-01, 2.012480e+02
2.476763e-01, 2.011912e+02
2.477086e-01, 2.011344e+02
2.477410e-01, 2.010776e+02
2.477733e-01, 2.010209e+02
2.478056e-01, 2.009642e+02
2.478380e-01, 2.009075e+02
2.478703e-01, 2.008509e+02
2.479027e-01, 2.007942e+02
2.479350e-01, 2.007376e+02
2.479673e-01, 2.006810e+02
2.479997e-01, 2.006245e+02
2.480320e-01, 2.005679e+02
2.480643e-01, 2.005114e+02
2.480967e-01, 2.004549e+02
2.481290e-01, 2.003985e+02
2.481613e-01, 2.003420e+02
2.481937e-01, 2.002856e+02
2.482260e-01, 2.002292e+02
2.482583e-01, 2.001728e+02
2.482906e-01, 2.001165e+02
2.483230e-01, 2.000601e+02
2.483553e-01, 2.000038e+02
2.483876e-01, 1.999476e+02
2.484200e-01, 1.998913e+02
2.484523e-01, 1.998351e+02
2.484846e-01, 1.997788e+02
2.485170e-01, 1.997227e+02
2.485493e-01, 1.996665e+02
2.485816e-01, 1.996104e+02
2.486139e-01, 1.995542e+02
2.486463e-01, 1.994981e+02
2.486786e-01, 1.994421e+02
2.487109e-01, 1.993860e+02
2.487432e-01, 1.993300e+02
2.487756e-01, 1.992740e+02
2.488079e-01, 1.992180e+02
2.488402e-01, 1.991621e+02
2.488725e-01, 1.991061e+02
2.489049e-01, 1.990502e+02
2.489372e-01, 1.989944e+02
2.489695e-01, 1.989385e+02
2.490018e-01, 1.988827e+02
2.490342e-01, 1.988268e+02
2.490665e-01, 1.987711e+02
2.490988e-01, 1.987153e+02
2.491311e-01, 1.986595e+02
2.491635e-01, 1.986038e+02
2.491958e-01, 1.985481e+02
2.492281e-01, 1.984924e+02
2.492604e-01, 1.984368e+02
2.492928e-01, 1.983812e+02
2.493251e-01, 1.983256e+02
2.493574e-01, 1.982700e+02
2.493897e-01, 1.982144e+02
2.494220e-01, 1.981589e+02
2.494544e-01, 1.981034e+02
2.494867e-01, 1.980479e+02
2.495190e-01, 1.979924e+02
2.495513e-01, 1.979370e+02
2.495836e-01, 1.978815e+02
2.496160e-01, 1.978261e+02
2.496483e-01, 1.977708e+02
2.496806e-01, 1.977154e+02
2.497129e-01, 1.976601e+02
2.497452e-01, 1.976048e+02
2.497775e-01, 1.975495e+02
2.498099e-01, 1.974942e+02
2.498422e-01, 1.974390e+02
2.498745e-01, 1.973838e+02
2.499068e-01, 1.973286e+02
2.499391e-01, 1.972734e+02
2.499714e-01, 1.972183e+02
2.500038e-01, 1.971632e+02
2.500361e-01, 1.971081e+02
2.500684e-01, 1.970530e+02
2.501007e-01, 1.969979e+02
2.501330e-01, 1.969429e+02
2.501653e-01, 1.968879e+02
2.501976e-01, 1.968329e+02
2.502299e-01, 1.967779e+02
2.502623e-01, 1.967230e+02
2.502946e-01, 1.966681e+02
2.503269e-01, 1.966132e+02
2.503592e-01, 1.965583e+02
2.503915e-01, 1.965035e+02
2.504238e-01, 1.964486e+02
2.504561e-01, 1.963938e+02
2.504884e-01, 1.963390e+02
2.505208e-01, 1.962843e+02
2.505531e-01, 1.962296e+02
2.505854e-01, 1.961748e+02
2.506177e-01, 1.961201e+02
2.506500e-01, 1.960655e+02
2.506823e-01, 1.960108e+02
2.507146e-01, 1.959562e+02
2.507469e-01, 1.959016e+02
2.507792e-01, 1.958470e+02
2.508115e-01, 1.957925e+02
2.508438e-01, 1.957379e+02
2.508762e-01, 1.956834e+02
2.509085e-01, 1.956289e+02
2.509408e-01, 1.955745e+02
2.509731e-01, 1.955200e+02
2.510054e-01, 1.954656e+02
2.510377e-01, 1.954112e+02
2.510700e-01, 1.953568e+02
2.511023e-01, 1.953025e+02
2.511346e-01, 1.952482e+02
2.511669e-01, 1.951939e+02
2.511992e-01, 1.951396e+02
2.512315e-01, 1.950853e+02
2.512638e-01, 1.950311e+02
2.512961e-01, 1.949769e+02
2.513284e-01, 1.949227e+02
2.513607e-01, 1.948685e+02
2.513930e-01, 1.948143e+02
2.514253e-01, 1.947602e+02
2.514577e-01, 1.947061e+02
2.514900e-01, 1.946520e+02
2.515223e-01, 1.945980e+02
2.515546e-01, 1.945439e+02
2.515869e-01, 1.944899e+02
2.516192e-01, 1.944359e+02
2.516515e-01, 1.943819e+02
2.516838e-01, 1.943280e+02
2.517161e-01, 1.942741e+02
2.517484e-01, 1.942202e+02
2.517807e-01, 1.941663e+02
2.518130e-01, 1.941124e+02
2.518453e-01, 1.940586e+02
2.518776e-01, 1.940048e+02
2.519099e-01, 1.939510e+02
2.519422e-01, 1.938972e+02
2.519745e-01, 1.938434e+02
2.520068e-01, 1.937897e+02
2.520391e-01, 1.937360e+02
2.520714e-01, 1.936823e+02
2.521037e-01, 1.936287e+02
2.521360e-01, 1.935750e+02
2.521683e-01, 1.935214e+02
2.522006e-01, 1.934678e+02
2.522328e-01, 1.934143e+02
2.522651e-01, 1.933607e+02
2.522974e-01, 1.933072e+02
2.523297e-01, 1.932537e+02
2.523620e-01, 1.932002e+02
2.523943e-01, 1.931467e+02
2.524266e-01, 1.930933e+02
2.524589e-01, 1.930399e+02
2.524912e-01, 1.929865e+02
2.525235e-01, 1.929331e+02
2.525558e-01, 1.928798e+02
2.525881e-01, 1.928264e+02
2.526204e-01, 1.927731e+02
2.526527e-01, 1.927198e+02
2.526850e-01, 1.926666e+02
2.527173e-01, 1.926133e+02
2.527496e-01, 1.925601e+02
2.527819e-01, 1.925069e+02
2.528142e-01, 1.924537e+02
2.528464e-01, 1.924006e+02
2.528787e-01, 1.923475e+02
2.529110e-01, 1.922944e+02
2.529433e-01, 1.922413e+02
2.529756e-01, 1.921882e+02
2.530079e-01, 1.921352e+02
2.530402e-01, 1.920821e+02
2.530725e-01, 1.920291e+02
2.531048e-01, 1.919762e+02
2.531371e-01, 1.919232e+02
2.531694e-01, 1.918703e+02
2.532017e-01, 1.918174e+02
2.532339e-01, 1.917645e+02
2.532662e-01, 1.917116e+02
2.532985e-01, 1.916588e+02
2.533308e-01, 1.916059e+02
2.533631e-01, 1.915531e+02
2.533954e-01, 1.915004e+02
2.534277e-01, 1.914476e+02
2.534600e-01, 1.913949e+02
2.534923e-01, 1.913421e+02
2.535245e-01, 1.912895e+02
2.535568e-01, 1.912368e+02
2.535891e-01, 1.911841e+02
2.536214e-01, 1.911315e+02
2.536537e-01, 1.910789e+02
2.536860e-01, 1.910263e+02
2.537183e-01, 1.909737e+02
2.537506e-01, 1.909212e+02
2.537828e-01, 1.908687e+02
2.538151e-01, 1.908162e+02
2.538474e-01, 1.907637e+02
2.538797e-01, 1.907113e+02
2.539120e-01, 1.906588e+02
2.539443e-01, 1.906064e+02
2.539765e-01, 1.905540e+02
2.540088e-01, 1.905017e+02
2.540411e-01, 1.904493e+02
2.540734e-01, 1.903970e+02
2.541057e-01, 1.903447e+02
2.541380e-01, 1.902924e+02
2.541703e-01, 1.902401e+02
2.542025e-01, 1.901879e+02
2.542348e-01, 1.901357e+02
2.542671e-01, 1.900835e+02
2.542994e-01, 1.900313e+02
2.543317e-01, 1.899792e+02
2.543640e-01, 1.899270e+02
2.543962e-01, 1.898749e+02
2.544285e-01, 1.898228e+02
2.544608e-01, 1.897708e+02
2.544931e-01, 1.897187e+02
2.545254e-01, 1.896667e+02
2.545576e-01, 1.896147e+02
2.545899e-01, 1.895627e+02
2.546222e-01, 1.895108e+02
2.546545e-01, 1.894588e+02
2.546868e-01, 1.894069e+02
2.547190e-01, 1.893550e+02
2.547513e-01, 1.893031e+02
2.547836e-01, 1.892513e+02
2.548159e-01, 1.891995e+02
2.548482e-01, 1.891477e+02
2.548804e-01, 1.890959e+02
2.549127e-01, 1.890441e+02
2.549450e-01, 1.889924e+02
2.549773e-01, 1.889406e+02
2.550096e-01, 1.888889e+02
2.550418e-01, 1.888372e+02
2.550741e-01, 1.887856e+02
2.551064e-01, 1.887340e+02
2.551387e-01, 1.886823e+02
2.551709e-01, 1.886307e+02
2.552032e-01, 1.885792e+02
2.552355e-01, 1.885276e+02
2.552678e-01, 1.884761e+02
2.553001e-01, 1.884246e+02
2.553323e-01, 1.883731e+02
2.553646e-01, 1.883216e+02
2.553969e-01, 1.882702e+02
2.554292e-01, 1.882188e+02
2.554614e-01, 1.881674e+02
2.554937e-01, 1.881160e+02
2.555260e-01, 1.880646e+02
2.555583e-01, 1.880133e+02
2.555905e-01, 1.879620e+02
2.556228e-01, 1.879107e+02
2.556551e-01, 1.878594e+02
2.556874e-01, 1.878081e+02
2.557196e-01, 1.877569e+02
2.557519e-01, 1.877057e+02
2.557842e-01, 1.876545e+02
2.558165e-01, 1.876033e+02
2.558487e-01, 1.875522e+02
2.558810e-01, 1.875011e+02
2.559133e-01, 1.874499e+02
2.559455e-01, 1.873989e+02
2.559778e-01, 1.873478e+02
2.560101e-01, 1.872968e+02
2.560424e-01, 1.872457e+02
2.560746e-01, 1.871947e+02
2.561069e-01, 1.871438e+02
2.561392e-01, 1.870928e+02
2.561715e-01, 1.870419e+02
2.562037e-01, 1.869909e+02
2.562360e-01, 1.869401e+02
2.562683e-01, 1.868892e+02
2.563005e-01, 1.868383e+02
2.563328e-01, 1.867875e+02
2.563651e-01, 1.867367e+02
2.563974e-01, 1.866859e+02
2.564296e-01, 1.866351e+02
2.564619e-01, 1.865844e+02
2.564942e-01, 1.865337e+02
2.565264e-01, 1.864830e+02
2.565587e-01, 1.864323e+02
2.565910e-01, 1.863816e+02
2.566232e-01, 1.863310e+02
2.566555e-01, 1.862803e+02
2.566878e-01, 1.862297e+02
2.567200e-01, 1.861792e+02
2.567523e-01, 1.861286e+02
2.567846e-01, 1.860781e+02
2.568168e-01, 1.860276e+02
2.568491e-01, 1.859771e+02
2.568814e-01, 1.859266e+02
2.569136e-01, 1.858761e+02
2.569459e-01, 1.858257e+02
2.569782e-01, 1.857753e+02
2.570105e-01, 1.857249e+02
2.570427e-01, 1.856745e+02
2.570750e-01, 1.856242e+02
2.571073e-01, 1.855739e+02
2.571395e-01, 1.855236e+02
2.571718e-01, 1.854733e+02
2.572040e-01, 1.854230e+02
2.572363e-01, 1.853728e+02
2.572686e-01, 1.853225e+02
2.573008e-01, 1.852723e+02
2.573331e-01, 1.852222e+02
2.573654e-01, 1.851720e+02
2.573976e-01, 1.851219e+02
2.574299e-01, 1.850717e+02
2.574622e-01, 1.850216e+02
2.574944e-01, 1.849716e+02
2.575267e-01, 1.849215e+02
2.575590e-01, 1.848715e+02
2.575912e-01, 1.848215e+02
2.576235e-01, 1.847715e+02
2.576557e-01, 1.847215e+02
2.576880e-01, 1.846715e+02
2.577203e-01, 1.846216e+02
2.577525e-01, 1.845717e+02
2.577848e-01, 1.845218e+02
2.578171e-01, 1.844719e+02
2.578493e-01, 1.844221e+02
2.578816e-01, 1.843723e+02
2.579138e-01, 1.843224e+02
2.579461e-01, 1.842727e+02
2.579784e-01, 1.842229e+02
2.580106e-01, 1.841731e+02
2.580429e-01, 1.841234e+02
2.580752e-01, 1.840737e+02
2.581074e-01, 1.840240e+02
2.581397e-01, 1.839744e+02
2.581719e-01, 1.839247e+02
2.582042e-01, 1.838751e+02
2.582365e-01, 1.838255e+02
2.582687e-01, 1.837759e+02
2.583010e-01, 1.837264e+02
2.583332e-01, 1.836768e+02
2.583655e-01, 1.836273e+02
2.583978e-01, 1.835777e+02
2.584300e-01, 1.835283e+02
2.584623e-01, 1.834788e+02
2.584945e-01, 1.834293e+02
2.585268e-01, 1.833799e+02
2.585590e-01, 1.833304e+02
2.585913e-01, 1.832811e+02
2.586235e-01, 1.832317e+02
2.586558e-01, 1.831824e+02
2.586880e-01, 1.831330e+02
2.587203e-01, 1.830837e+02
2.587526e-01, 1.830345e+02
2.587848e-01, 1.829852e+02
2.588171e-01, 1.829360e+02
2.588493e-01, 1.828868e+02
2.588816e-01, 1.828376e+02
2.589138e-01, 1.827885e+02
2.589461e-01, 1.827393e+02
2.589783e-01, 1.826902e+02
2.590106e-01, 1.826411e+02
2.590428e-01, 1.825921e+02
2.590751e-01, 1.825430e+02
2.591073e-01, 1.824940e+02
2.591396e-01, 1.824450e+02
2.591718e-01, 1.823960e+02
2.592041e-01, 1.823470e+02
2.592364e-01, 1.822981e+02
2.592686e-01, 1.822491e+02
2.593009e-01, 1.822002e+02
2.593331e-01, 1.821513e+02
2.593654e-01, 1.821025e+02
2.593976e-01, 1.820536e+02
2.594299e-01, 1.820048e+02
2.594621e-01, 1.819560e+02
2.594944e-01, 1.819072e+02
2.595266e-01, 1.818584e+02
2.595589e-01, 1.818097e+02
2.595911e-01, 1.817609e+02
2.596234e-01, 1.817122e+02
2.596556e-01, 1.816636e+02
2.596879e-01, 1.816149e+02
2.597201e-01, 1.815662e+02
2.597524e-01, 1.815176e+02
2.597846e-01, 1.814690e+02
2.598169e-01, 1.814204e+02
2.598491e-01, 1.813718e+02
2.598814e-01, 1.813233e+02
2.599136e-01, 1.812748e+02
2.599459e-01, 1.812263e+02
2.599781e-01, 1.811778e+02
2.600104e-01, 1.811293e+02
2.600426e-01, 1.810809e+02
2.600749e-01, 1.810324e+02
2.601071e-01, 1.809840e+02
2.601394e-01, 1.809356e+02
2.601716e-01, 1.808873e+02
2.602039e-01, 1.808389e+02
2.602361e-01, 1.807906e+02
2.602684e-01, 1.807423e+02
2.603006e-01, 1.806940e+02
2.603329e-01, 1.806457e+02
2.603651e-01, 1.805975e+02
2.603974e-01, 1.805492e+02
2.604296e-01, 1.805010e+02
2.604619e-01, 1.804528e+02
2.604941e-01, 1.804047e+02
2.605264e-01, 1.803565e+02
2.605586e-01, 1.803084e+02
2.605909e-01, 1.802603e+02
2.606231e-01, 1.802122e+02
2.606554e-01, 1.801641e+02
2.606876e-01, 1.801160e+02
2.607199e-01, 1.800680e+02
2.607521e-01, 1.800200e+02
2.607843e-01, 1.799720e+02
2.608166e-01, 1.799240e+02
2.608488e-01, 1.798761e+02
2.608811e-01, 1.798281e+02
2.609133e-01, 1.797802e+02
2.609456e-01, 1.797323e+02
2.609778e-01, 1.796845e+02
2.610101e-01, 1.796366e+02
2.610423e-01, 1.795888e+02
2.610746e-01, 1.795409e+02
2.611068e-01, 1.794932e+02
2.611391e-01, 1.794454e+02
2.611713e-01, 1.793976e+02
2.612036e-01, 1.793499e+02
2.612358e-01, 1.793022e+02
2.612681e-01, 1.792545e+02
2.613003e-01, 1.792068e+02
2.613325e-01, 1.791591e+02
2.613648e-01, 1.791115e+02
2.613970e-01, 1.790639e+02
2.614293e-01, 1.790163e+02
2.614615e-01, 1.789687e+02
2.614938e-01, 1.789211e+02
2.615260e-01, 1.788736e+02
2.615583e-01, 1.788261e+02
2.615905e-01, 1.787786e+02
2.616228e-01, 1.787311e+02
2.616550e-01, 1.786836e+02
2.616872e-01, 1.786362e+02
2.617195e-01, 1.785888e+02
2.617517e-01, 1.785413e+02
2.617840e-01, 1.784940e+02
2.618162e-01, 1.784466e+02
2.618485e-01, 1.783993e+02
2.618807e-01, 1.783519e+02
2.619130e-01, 1.783046e+02
2.619452e-01, 1.782573e+02
2.619774e-01, 1.782101e+02
2.620097e-01, 1.781628e+02
2.620419e-01, 1.781156e+02
2.620742e-01, 1.780684e+02
2.621064e-01, 1.780212e+02
2.621387e-01, 1.779740e+02
2.621709e-01, 1.779269e+02
2.622031e-01, 1.778797e+02
2.622354e-01, 1.778326e+02
2.622676e-01, 1.777855e+02
2.622999e-01, 1.777385e+02
2.623321e-01, 1.776914e+02
2.623644e-01, 1.776444e+02
2.623966e-01, 1.775974e+02
2.624288e-01, 1.775504e+02
2.624611e-01, 1.775034e+02
2.624933e-01, 1.774564e+02
2.625256e-01, 1.774095e+02
2.625578e-01, 1.773626e+02
2.625901e-01, 1.773157e+02
2.626223e-01, 1.772688e+02
2.626545e-01, 1.772219e+02
2.626868e-01, 1.771751e+02
2.627190e-01, 1.771283e+02
2.627513e-01, 1.770815e+02
2.627835e-01, 1.770347e+02
2.628157e-01, 1.769879e+02
2.628480e-01, 1.769412e+02
2.628802e-01, 1.768945e+02
2.629125e-01, 1.768478e+02
2.629447e-01, 1.768011e+02
2.629770e-01, 1.767544e+02
2.630092e-01, 1.767078e+02
2.630414e-01, 1.766611e+02
2.630737e-01, 1.766145e+02
2.631059e-01, 1.765679e+02
2.631382e-01, 1.765214e+02
2.631704e-01, 1.764748e+02
2.632026e-01, 1.764283e+02
2.632349e-01, 1.763818e+02
2.632671e-01, 1.763353e+02
2.632994e-01, 1.762888e+02
2.633316e-01, 1.762424e+02
2.633638e-01, 1.761959e+02
2.633961e-01, 1.761495e+02
2.634283e-01, 1.761031e+02
2.634606e-01, 1.760567e+02
2.634928e-01, 1.760104e+02
2.635250e-01, 1.759640e+02
2.635573e-01, 1.759177e+02
2.635895e-01, 1.758714e+02
2.636217e-01, 1.758251e+02
2.636540e-01, 1.757789e+02
2.636862e-01, 1.757326e+02
2.637185e-01, 1.756864e+02
2.637507e-01, 1.756402e+02
2.637829e-01, 1.755940e+02
2.638152e-01, 1.755479e+02
2.638474e-01, 1.755017e+02
2.638796e-01, 1.754556e+02
2.639119e-01, 1.754095e+02
2.639441e-01, 1.753634e+02
2.639764e-01, 1.753173e+02
2.640086e-01, 1.752713e+02
2.640408e-01, 1.752252e+02
2.640731e-01, 1.751792e+02
2.641053e-01, 1.751332e+02
2.641375e-01, 1.750873e+02
2.641698e-01, 1.750413e+02
2.642020e-01, 1.749954e+02
2.642343e-01, 1.749494e+02
2.642665e-01, 1.749035e+02
2.642987e-01, 1.748577e+02
2.643310e-01, 1.748118e+02
2.643632e-01, 1.747660e+02
2.643954e-01, 1.747201e+02
2.644277e-01, 1.746743e+02
2.644599e-01, 1.746285e+02
2.644921e-01, 1.745828e+02
2.645244e-01, 1.745370e+02
2.645566e-01, 1.744913e+02
2.645889e-01, 1.744456e+02
2.646211e-01, 1.743999e+02
2.646533e-01, 1.743542e+02
2.646856e-01, 1.743086e+02
2.647178e-01, 1.742630e+02
2.647500e-01, 1.742173e+02
2.647823e-01, 1.741717e+02
2.648145e-01, 1.741262e+02
2.648467e-01, 1.740806e+02
2.648790e-01, 1.740351e+02
2.649112e-01, 1.739896e+02
2.649434e-01, 1.739441e+02
2.649757e-01, 1.738986e+02
2.650079e-01, 1.738531e+02
2.650401e-01, 1.738077e+02
2.650724e-01, 1.737622e+02
2.651046e-01, 1.737168e+02
2.651368e-01, 1.736714e+02
2.651691e-01, 1.736261e+02
2.652013e-01, 1.735807e+02
2.652335e-01, 1.735354e+02
2.652658e-01, 1.734901e+02
2.652980e-01, 1.734448e+02
2.653302e-01, 1.733995e+02
2.653625e-01, 1.733543e+02
2.653947e-01, 1.733090e+02
2.654269e-01, 1.732638e+02
2.654592e-01, 1.732186e+02
2.654914e-01, 1.731734e+02
2.655236e-01, 1.731283e+02
2.655559e-01, 1.730831e+02
2.655881e-01, 1.730380e+02
2.656203e-01, 1.729929e+02
2.656525e-01, 1.729478e+02
2.656848e-01, 1.729027e+02
2.657170e-01, 1.728577e+02
2.657492e-01, 1.728127e+02
2.657815e-01, 1.727677e+02
2.658137e-01, 1.727227e+02
2.658459e-01, 1.726777e+02
2.658782e-01, 1.726327e+02
2.659104e-01, 1.725878e+02
2.659426e-01, 1.725429e+02
2.659749e-01, 1.724980e+02
2.660071e-01, 1.724531e+02
2.660393e-01, 1.724082e+02
2.660715e-01, 1.723634e+02
2.661038e-01, 1.723186e+02
2.661360e-01, 1.722738e+02
2.661682e-01, 1.722290e+02
2.662005e-01, 1.721842e+02
2.662327e-01, 1.721395e+02
2.662649e-01, 1.720947e+02
2.662972e-01, 1.720500e+02
2.663294e-01, 1.720053e+02
2.663616e-01, 1.719606e+02
2.663938e-01, 1.719160e+02
2.664261e-01, 1.718713e+02
2.664583e-01, 1.718267e+02
2.664905e-01, 1.717821e+02
2.665228e-01, 1.717375e+02
2.665550e-01, 1.716930e+02
2.665872e-01, 1.716484e+02
2.666194e-01, 1.716039e+02
2.666517e-01, 1.715594e+02
2.666839e-01, 1.715149e+02
2.667161e-01, 1.714704e+02
2.667484e-01, 1.714260e+02
2.667806e-01, 1.713815e+02
2.668128e-01, 1.713371e+02
2.668450e-01, 1.712927e+02
2.668773e-01, 1.712483e+02
2.669095e-01, 1.712040e+02
2.669417e-01, 1.711596e+02
2.669739e-01, 1.711153e+02
2.670062e-01, 1.710710e+02
2.670384e-01, 1.710267e+02
2.670706e-01, 1.709825e+02
2.671028e-01, 1.709382e+02
2.671351e-01, 1.708940e+02
2.671673e-01, 1.708498e+02
2.671995e-01, 1.708056e+02
2.672317e-01, 1.707614e+02
2.672640e-01, 1.707172e+02
2.672962e-01, 1.706731e+02
2.673284e-01, 1.706290e+02
2.673607e-01, 1.705849e+02
2.673929e-01, 1.705408e+02
2.674251e-01, 1.704967e+02
2.674573e-01, 1.704527e+02
2.674895e-01, 1.704086e+02
2.675218e-01, 1.703646e+02
2.675540e-01, 1.703206e+02
2.675862e-01, 1.702766e+02
2.676184e-01, 1.702327e+02
2.676507e-01, 1.701887e+02
2.676829e-01, 1.701448e+02
2.677151e-01, 1.701009e+02
2.677473e-01, 1.700570e+02
2.677796e-01, 1.700132e+02
2.678118e-01, 1.699693e+02
2.678440e-01, 1.699255e+02
2.678762e-01, 1.698817e+02
2.679085e-01, 1.698379e+02
2.679407e-01, 1.697941e+02
2.679729e-01, 1.697504e+02
2.680051e-01, 1.697066e+02
2.680374e-01, 1.696629e+02
2.680696e-01, 1.696192e+02
2.681018e-01, 1.695755e+02
2.681340e-01, 1.695319e+02
2.681662e-01, 1.694882e+02
2.681985e-01, 1.694446e+02
2.682307e-01, 1.694010e+02
2.682629e-01, 1.693574e+02
2.682951e-01, 1.693138e+02
2.683274e-01, 1.692702e+02
2.683596e-01, 1.692267e+02
2.683918e-01, 1.691832e+02
2.684240e-01, 1.691397e+02
2.684562e-01, 1.690962e+02
2.684885e-01, 1.690527e+02
2.685207e-01, 1.690093e+02
2.685529e-01, 1.689658e+02
2.685851e-01, 1.689224e+02
2.686173e-01, 1.688790e+02
2.686496e-01, 1.688357e+02
2.686818e-01, 1.687923e+02
2.687140e-01, 1.687490e+02
2.687462e-01, 1.687056e+02
2.687784e-01, 1.686623e+02
2.688107e-01, 1.686191e+02
2.688429e-01, 1.685758e+02
2.688751e-01, 1.685325e+02
2.689073e-01, 1.684893e+02
2.689395e-01, 1.684461e+02
2.689718e-01, 1.684029e+02
2.690040e-01, 1.683597e+02
2.690362e-01, 1.683166e+02
2.690684e-01, 1.682734e+02
2.691006e-01, 1.682303e+02
2.691328e-01, 1.681872e+02
2.691651e-01, 1.681441e+02
2.691973e-01, 1.681010e+02
2.692295e-01, 1.680580e+02
2.692617e-01, 1.680149e+02
2.692939e-01, 1.679719e+02
2.693262e-01, 1.679289e+02
2.693584e-01, 1.678859e+02
2.693906e-01, 1.678430e+02
2.694228e-01, 1.678000e+02
2.694550e-01, 1.677571e+02
2.694872e-01, 1.677142e+02
2.695195e-01, 1.676713e+02
2.695517e-01, 1.676284e+02
2.695839e-01, 1.675856e+02
2.696161e-01, 1.675427e+02
2.696483e-01, 1.674999e+02
2.696805e-01, 1.674571e+02
2.697128e-01, 1.674143e+02
2.697450e-01, 1.673716e+02
2.697772e-01, 1.673288e+02
2.698094e-01, 1.672861e+02
2.698416e-01, 1.672434e+02
2.698738e-01, 1.672007e+02
2.699061e-01, 1.671580e+02
2.699383e-01, 1.671153e+02
2.699705e-01, 1.670727e+02
2.700027e-01, 1.670301e+02
2.700349e-01, 1.669875e+02
2.700671e-01, 1.669449e+02
2.700993e-01, 1.669023e+02
2.701316e-01, 1.668597e+02
2.701638e-01, 1.668172e+02
2.701960e-01, 1.667747e+02
2.702282e-01, 1.667322e+02
2.702604e-01, 1.666897e+02
2.702926e-01, 1.666472e+02
2.703248e-01, 1.666048e+02
2.703571e-01, 1.665624e+02
2.703893e-01, 1.665199e+02
2.704215e-01, 1.664775e+02
2.704537e-01, 1.664352e+02
2.704859e-01, 1.663928e+02
2.705181e-01, 1.663505e+02
2.705503e-01, 1.663081e+02
2.705825e-01, 1.662658e+02
2.706148e-01, 1.662235e+02
2.706470e-01, 1.661813e+02
2.706792e-01, 1.661390e+02
2.707114e-01, 1.660968e+02
2.707436e-01, 1.660546e+02
2.707758e-01, 1.660123e+02
2.708080e-01, 1.659702e+02
2.708402e-01, 1.659280e+02
2.708725e-01, 1.658858e+02
2.709047e-01, 1.658437e+02
2.709369e-01, 1.658016e+02
2.709691e-01, 1.657595e+02
2.710013e-01, 1.657174e+02
2.710335e-01, 1.656754e+02
2.710657e-01, 1.656333e+02
2.710979e-01, 1.655913e+02
2.711301e-01, 1.655493e+02
2.711624e-01, 1.655073e+02
2.711946e-01, 1.654653e+02
2.712268e-01, 1.654234e+02
2.712590e-01, 1.653814e+02
2.712912e-01, 1.653395e+02
2.713234e-01, 1.652976e+02
2.713556e-01, 1.652557e+02
2.713878e-01, 1.652138e+02
2.714200e-01, 1.651720e+02
2.714522e-01, 1.651301e+02
2.714845e-01, 1.650883e+02
2.715167e-01, 1.650465e+02
2.715489e-01, 1.650047e+02
2.715811e-01, 1.649630e+02
2.716133e-01, 1.649212e+02
2.716455e-01, 1.648795e+02
2.716777e-01, 1.648378e+02
2.717099e-01, 1.647961e+02
2.717421e-01, 1.647544e+02
2.717743e-01, 1.647127e+02
2.718065e-01, 1.646711e+02
2.718387e-01, 1.646295e+02
2.718710e-01, 1.645878e+02
2.719032e-01, 1.645462e+02
2.719354e-01, 1.645047e+02
2.719676e-01, 1.644631e+02
2.719998e-01, 1.644216e+02
2.720320e-01, 1.643800e+02
2.720642e-01, 1.643385e+02
2.720964e-01, 1.642970e+02
2.721286e-01, 1.642556e+02
2.721608e-01, 1.642141e+02
2.721930e-01, 1.641727e+02
2.722252e-01, 1.641313e+02
2.722574e-01, 1.640899e+02
2.722896e-01, 1.640485e+02
2.723218e-01, 1.640071e+02
2.723541e-01, 1.639657e+02
2.723863e-01, 1.639244e+02
2.724185e-01, 1.638831e+02
2.724507e-01, 1.638418e+02
2.724829e-01, 1.638005e+02
2.725151e-01, 1.637592e+02
2.725473e-01, 1.637180e+02
2.725795e-01, 1.636767e+02
2.726117e-01, 1.636355e+02
2.726439e-01, 1.635943e+02
2.726761e-01, 1.635531e+02
2.727083e-01, 1.635120e+02
2.727405e-01, 1.634708e+02
2.727727e-01, 1.634297e+02
2.728049e-01, 1.633886e+02
2.728371e-01, 1.633475e+02
2.728693e-01, 1.633064e+02
2.729015e-01, 1.632653e+02
2.729337e-01, 1.632243e+02
2.729659e-01, 1.631833e+02
2.729981e-01, 1.631423e+02
2.730303e-01, 1.631013e+02
2.730625e-01, 1.630603e+02
2.730947e-01, 1.630193e+02
2.731270e-01, 1.629784e+02
2.731592e-01, 1.629375e+02
2.731914e-01, 1.628965e+02
2.732236e-01, 1.628557e+02
2.732558e-01, 1.628148e+02
2.732880e-01, 1.627739e+02
2.733202e-01, 1.627331e+02
2.733524e-01, 1.626922e+02
2.733846e-01, 1.626514e+02
2.734168e-01, 1.626106e+02
2.734490e-01, 1.625699e+02
2.734812e-01, 1.625291e+02
2.735134e-01, 1.624884e+02
2.735456e-01, 1.624476e+02
2.735778e-01, 1.624069e+02
2.736100e-01, 1.623662e+02
2.736422e-01, 1.623256e+02
2.736744e-01, 1.622849e+02
2.737066e-01, 1.622443e+02
2.737388e-01, 1.622037e+02
2.737710e-01, 1.621630e+02
2.738032e-01, 1.621225e+02
2.738354e-01, 1.620819e+02
2.738676e-01, 1.620413e+02
2.738998e-01, 1.620008e+02
2.739320e-01, 1.619603e+02
2.739642e-01, 1.619198e+02
2.739964e-01, 1.618793e+02
2.740286e-01, 1.618388e+02
2.740608e-01, 1.617983e+02
2.740930e-01, 1.617579e+02
2.741252e-01, 1.617175e+02
2.741574e-01, 1.616771e+02
2.741896e-01, 1.616367e+02
2.742218e-01, 1.615963e+02
2.742540e-01, 1.615560e+02
2.742862e-01, 1.615156e+02
2.743184e-01, 1.614753e+02
2.743506e-01, 1.614350e+02
2.743827e-01, 1.613947e+02
2.744149e-01, 1.613544e+02
2.744471e-01, 1.613142e+02
2.744793e-01, 1.612739e+02
2.745115e-01, 1.612337e+02
2.745437e-01, 1.611935e+02
2.745759e-01, 1.611533e+02
2.746081e-01, 1.611131e+02
2.746403e-01, 1.610730e+02
2.746725e-01, 1.610328e+02
2.747047e-01, 1.609927e+02
2.747369e-01, 1.609526e+02
2.747691e-01, 1.609125e+02
2.748013e-01, 1.608724e+02
2.748335e-01, 1.608324e+02
2.748657e-01, 1.607923e+02
2.748979e-01, 1.607523e+02
2.749301e-01, 1.607123e+02
2.749623e-01, 1.606723e+02
2.749945e-01, 1.606323e+02
2.750267e-01, 1.605924e+02
2.750589e-01, 1.605524e+02
2.750911e-01, 1.605125e+02
2.751233e-01, 1.604726e+02
2.751554e-01, 1.604327e+02
2.751876e-01, 1.603928e+02
2.752198e-01, 1.603530e+02
2.752520e-01, 1.603131e+02
2.752842e-01, 1.602733e+02
2.753164e-01, 1.602335e+02
2.753486e-01, 1.601937e+02
2.753808e-01, 1.601539e+02
2.754130e-01, 1.601142e+02
2.754452e-01, 1.600744e+02
2.754774e-01, 1.600347e+02
2.755096e-01, 1.599950e+02
2.755418e-01, 1.599553e+02
2.755740e-01, 1.599156e+02
2.756061e-01, 1.598760e+02
2.756383e-01, 1.598363e+02
2.756705e-01, 1.597967e+02
2.757027e-01, 1.597571e+02
2.757349e-01, 1.597175e+02
2.757671e-01, 1.596779e+02
2.757993e-01, 1.596383e+02
2.758315e-01, 1.595988e+02
2.758637e-01, 1.595592e+02
2.758959e-01, 1.595197e+02
2.759281e-01, 1.594802e+02
2.759603e-01, 1.594407e+02
2.759924e-01, 1.594013e+02
2.760246e-01, 1.593618e+02
2.760568e-01, 1.593224e+02
2.760890e-01, 1.592830e+02
2.761212e-01, 1.592436e+02
2.761534e-01, 1.592042e+02
2.761856e-01, 1.591648e+02
2.762178e-01, 1.591255e+02
2.762500e-01, 1.590861e+02
2.762822e-01, 1.590468e+02
2.763143e-01, 1.590075e+02
2.763465e-01, 1.589682e+02
2.763787e-01, 1.589289e+02
2.764109e-01, 1.588897e+02
2.764431e-01, 1.588504e+02
2.764753e-01, 1.588112e+02
2.765075e-01, 1.587720e+02
2.765397e-01, 1.587328e+02
2.765718e-01, 1.586936e+02
2.766040e-01, 1.586545e+02
2.766362e-01, 1.586153e+02
2.766684e-01, 1.585762e+02
2.767006e-01, 1.585371e+02
2.767328e-01, 1.584980e+02
2.767650e-01, 1.584589e+02
2.767972e-01, 1.584199e+02
2.768293e-01, 1.583808e+02
2.768615e-01, 1.583418e+02
2.768937e-01, 1.583028e+02
2.769259e-01, 1.582638e+02
2.769581e-01, 1.582248e+02
2.769903e-01, 1.581858e+02
2.770225e-01, 1.581469e+02
2.770547e-01, 1.581079e+02
2.770868e-01, 1.580690e+02
2.771190e-01, 1.580301e+02
2.771512e-01, 1.579912e+02
2.771834e-01, 1.579523e+02
2.772156e-01, 1.579135e+02
2.772478e-01, 1.578747e+02
2.772800e-01, 1.578358e+02
2.773121e-01, 1.577970e+02
2.773443e-01, 1.577582e+02
2.773765e-01, 1.577195e+02
2.774087e-01, 1.576807e+02
2.774409e-01, 1.576419e+02
2.774731e-01, 1.576032e+02
2.775052e-01, 1.575645e+02
2.775374e-01, 1.575258e+02
2.775696e-01, 1.574871e+02
2.776018e-01, 1.574485e+02
2.776340e-01, 1.574098e+02
2.776662e-01, 1.573712e+02
2.776983e-01, 1.573326e+02
2.777305e-01, 1.572940e+02
2.777627e-01, 1.572554e+02
2.777949e-01, 1.572168e+02
2.778271e-01, 1.571783e+02
2.778593e-01, 1.571397e+02
2.778914e-01, 1.571012e+02
2.779236e-01, 1.570627e+02
2.779558e-01, 1.570242e+02
2.779880e-01, 1.569857e+02
2.780202e-01, 1.569473e+02
2.780524e-01, 1.569088e+02
2.780845e-01, 1.568704e+02
2.781167e-01, 1.568320e+02
2.781489e-01, 1.567936e+02
2.781811e-01, 1.567552e+02
2.782133e-01, 1.567168e+02
2.782454e-01, 1.566785e+02
2.782776e-01, 1.566402e+02
2.783098e-01, 1.566018e+02
2.783420e-01, 1.565635e+02
2.783742e-01, 1.565252e+02
2.784063e-01, 1.564870e+02
2.784385e-01, 1.564487e+02
2.784707e-01, 1.564105e+02
2.785029e-01, 1.563723e+02
2.785351e-01, 1.563341e+02
2.785672e-01, 1.562959e+02
2.785994e-01, 1.562577e+02
2.786316e-01, 1.562195e+02
2.786638e-01, 1.561814e+02
2.786960e-01, 1.561432e+02
2.787281e-01, 1.561051e+02
2.787603e-01, 1.560670e+02
2.787925e-01, 1.560289e+02
2.788247e-01, 1.559909e+02
2.788569e-01, 1.559528e+02
2.788890e-01, 1.559148e+02
2.789212e-01, 1.558768e+02
2.789534e-01, 1.558388e+02
2.789856e-01, 1.558008e+02
2.790177e-01, 1.557628e+02
2.790499e-01, 1.557248e+02
2.790821e-01, 1.556869e+02
2.791143e-01, 1.556490e+02
2.791465e-01, 1.556111e+02
2.791786e-01, 1.555732e+02
2.792108e-01, 1.555353e+02
2.792430e-01, 1.554974e+02
2.792752e-01, 1.554596e+02
2.793073e-01, 1.554217e+02
2.793395e-01, 1.553839e+02
2.793717e-01, 1.553461e+02
2.794039e-01, 1.553083e+02
2.794360e-01, 1.552705e+02
2.794682e-01, 1.552328e+02
2.795004e-01, 1.551950e+02
2.795326e-01, 1.551573e+02
2.795647e-01, 1.551196e+02
2.795969e-01, 1.550819e+02
2.796291e-01, 1.550442e+02
2.796613e-01, 1.550065e+02
2.796934e-01, 1.549689e+02
2.797256e-01, 1.549313e+02
2.797578e-01, 1.548936e+02
2.797900e-01, 1.548560e+02
2.798221e-01, 1.548184e+02
2.798543e-01, 1.547809e+02
2.798865e-01, 1.547433e+02
2.799187e-01, 1.547058e+02
2.799508e-01, 1.546682e+02
2.799830e-01, 1.546307e+02
2.800152e-01, 1.545932e+02
2.800474e-01, 1.545557e+02
2.800795e-01, 1.545183e+02
2.801117e-01, 1.544808e+02
2.801439e-01, 1.544434e+02
2.801761e-01, 1.544060e+02
2.802082e-01, 1.543686e+02
2.802404e-01, 1.543312e+02
2.802726e-01, 1.542938e+02
2.803047e-01, 1.542564e+02
2.803369e-01, 1.542191e+02
2.803691e-01, 1.541818e+02
2.804013e-01, 1.541444e+02
2.804334e-01, 1.541071e+02
2.804656e-01, 1.540699e+02
2.804978e-01, 1.540326e+02
2.805299e-01, 1.539953e+02
2.805621e-01, 1.539581e+02
2.805943e-01, 1.539209e+02
2.806265e-01, 1.538837e+02
2.806586e-01, 1.538465e+02
2.806908e-01, 1.538093e+02
2.807230e-01, 1.537721e+02
2.807551e-01, 1.537350e+02
2.807873e-01, 1.536979e+02
2.808195e-01, 1.536607e+02
2.808517e-01, 1.536236e+02
2.808838e-01, 1.535865e+02
2.809160e-01, 1.535495e+02
2.809482e-01, 1.535124e+02
2.809803e-01, 1.534754e+02
2.810125e-01, 1.534383e+02
2.810447e-01, 1.534013e+02
2.810768e-01, 1.533643e+02
2.811090e-01, 1.533273e+02
2.811412e-01, 1.532904e+02
2.811733e-01, 1.532534e+02
2.812055e-01, 1.532165e+02
2.812377e-01, 1.531796e+02
2.812699e-01, 1.531427e+02
2.813020e-01, 1.531058e+02
2.813342e-01, 1.530689e+02
2.813664e-01, 1.530320e+02
2.813985e-01, 1.529952e+02
2.814307e-01, 1.529583e+02
2.814629e-01, 1.529215e+02
2.814950e-01, 1.528847e+02
2.815272e-01, 1.528479e+02
2.815594e-01, 1.528112e+02
2.815915e-01, 1.527744e+02
2.816237e-01, 1.527377e+02
2.816559e-01, 1.527009e+02
2.816880e-01, 1.526642e+02
2.817202e-01, 1.526275e+02
2.817524e-01, 1.525908e+02
2.817845e-01, 1.525542e+02
2.818167e-01, 1.525175e+02
2.818489e-01, 1.524809e+02
2.818810e-01, 1.524442e+02
2.819132e-01, 1.524076e+02
2.819454e-01, 1.523710e+02
2.819775e-01, 1.523345e+02
2.820097e-01, 1.522979e+02
2.820419e-01, 1.522613e+02
2.820740e-01, 1.522248e+02
2.821062e-01, 1.521883e+02
2.821383e-01, 1.521518e+02
2.821705e-01, 1.521153e+02
2.822027e-01, 1.520788e+02
2.822348e-01, 1.520424e+02
2.822670e-01, 1.520059e+02
2.822992e-01, 1.519695e+02
2.823313e-01, 1.519331e+02
2.823635e-01, 1.518967e+02
2.823957e-01, 1.518603e+02
2.824278e-01, 1.518239e+02
2.824600e-01, 1.517875e+02
2.824921e-01, 1.517512e+02
2.825243e-01, 1.517149e+02
2.825565e-01, 1.516786e+02
2.825886e-01, 1.516423e+02
2.826208e-01, 1.516060e+02
2.826530e-01, 1.515697e+02
2.826851e-01, 1.515334e+02
2.827173e-01, 1.514972e+02
2.827495e-01, 1.514610e+02
2.827816e-01, 1.514248e+02
2.828138e-01, 1.513886e+02
2.828459e-01, 1.513524e+02
2.828781e-01, 1.513162e+02
2.829103e-01, 1.512801e+02
2.829424e-01, 1.512439e+02
2.829746e-01, 1.512078e+02
2.830067e-01, 1.511717e+02
2.830389e-01, 1.511356e+02
2.830711e-01, 1.510995e+02
2.831032e-01, 1.510634e+02
2.831354e-01, 1.510274e+02
2.831675e-01, 1.509914e+02
2.831997e-01, 1.509553e+02
2.832319e-01, 1.509193e+02
2.832640e-01, 1.508833e+02
2.832962e-01, 1.508474e+02
2.833283e-01, 1.508114e+02
2.833605e-01, 1.507754e+02
2.833927e-01, 1.507395e+02
2.834248e-01, 1.507036e+02
2.834570e-01, 1.506677e+02
2.834891e-01, 1.506318e+02
2.835213e-01, 1.505959e+02
2.835535e-01, 1.505600e+02
2.835856e-01, 1.505242e+02
2.836178e-01, 1.504884e+02
2.836499e-01, 1.504525e+02
2.836821e-01, 1.504167e+02
2.837143e-01, 1.503810e+02
2.837464e-01, 1.503452e+02
2.837786e-01, 1.503094e+02
2.838107e-01, 1.502737e+02
2.838429e-01, 1.502379e+02
2.838750e-01, 1.502022e+02
2.839072e-01, 1.501665e+02
2.839394e-01, 1.501308e+02
2.839715e-01, 1.500951e+02
2.840037e-01, 1.500595e+02
2.840358e-01, 1.500238e+02
2.840680e-01, 1.499882e+02
2.841001e-01, 1.499526e+02
2.841323e-01, 1.499170e+02
2.841644e-01, 1.498814e+02
2.841966e-01, 1.498458e+02
2.842288e-01, 1.498103e+02
2.842609e-01, 1.497747e+02
2.842931e-01, 1.497392e+02
2.843252e-01, 1.497037e+02
2.843574e-01, 1.496682e+02
2.843895e-01, 1.496327e+02
2.844217e-01, 1.495972e+02
2.844538e-01, 1.495617e+02
2.844860e-01, 1.495263e+02
2.845182e-01, 1.494909e+02
2.845503e-01, 1.494554e+02
2.845825e-01, 1.494200e+02
2.846146e-01, 1.493846e+02
2.846468e-01, 1.493493e+02
2.846789e-01, 1.493139e+02
2.847111e-01, 1.492786e+02
2.847432e-01, 1.492432e+02
2.847754e-01, 1.492079e+02
2.848075e-01, 1.491726e+02
2.848397e-01, 1.491373e+02
2.848719e-01, 1.491020e+02
2.849040e-01, 1.490668e+02
2.849362e-01, 1.490315e+02
2.849683e-01, 1.489963e+02
2.850005e-01, 1.489611e+02
2.850326e-01, 1.489259e+02
2.850648e-01, 1.488907e+02
2.850969e-01, 1.488555e+02
2.851291e-01, 1.488203e+02
2.851612e-01, 1.487852e+02
2.851934e-01, 1.487500e+02
2.852255e-01, 1.487149e+02
2.852577e-01, 1.486798e+02
2.852898e-01, 1.486447e+02
2.853220e-01, 1.486096e+02
2.853541e-01, 1.485746e+02
2.853863e-01, 1.485395e+02
2.854184e-01, 1.485045e+02
2.854506e-01, 1.484695e+02
2.854827e-01, 1.484345e+02
2.855149e-01, 1.483995e+02
2.855470e-01, 1.483645e+02
2.855792e-01, 1.483295e+02
2.856113e-01, 1.482946e+02
2.856435e-01, 1.482596e+02
2.856756e-01, 1.482247e+02
2.857078e-01, 1.481898e+02
2.857399e-01, 1.481549e+02
2.857721e-01, 1.481200e+02
2.858042e-01, 1.480851e+02
2.858364e-01, 1.480503e+02
2.858685e-01, 1.480155e+02
2.859007e-01, 1.479806e+02
2.859328e-01, 1.479458e+02
2.859650e-01, 1.479110e+02
2.859971e-01, 1.478762e+02
2.860293e-01, 1.478415e+02
2.860614e-01, 1.478067e+02
2.860936e-01, 1.477720e+02
2.861257e-01, 1.477372e+02
2.861579e-01, 1.477025e+02
2.861900e-01, 1.476678e+02
2.862222e-01, 1.476331e+02
2.862543e-01, 1.475985e+02
2.862865e-01, 1.475638e+02
2.863186e-01, 1.475291e+02
2.863508e-01, 1.474945e+02
2.863829e-01, 1.474599e+02
2.864150e-01, 1.474253e+02
2.864472e-01, 1.473907e+02
2.864793e-01, 1.473561e+02
2.865115e-01, 1.473216e+02
2.865436e-01, 1.472870e+02
2.865758e-01, 1.472525e+02
2.866079e-01, 1.472179e+02
2.866401e-01, 1.471834e+02
2.866722e-01, 1.471489e+02
2.867044e-01, 1.471145e+02
2.867365e-01, 1.470800e+02
2.867687e-01, 1.470455e+02
2.868008e-01, 1.470111e+02
2.868329e-01, 1.469767e+02
2.868651e-01, 1.469423e+02
2.868972e-01, 1.469079e+02
2.869294e-01, 1.468735e+02
2.869615e-01, 1.468391e+02
2.869937e-01, 1.468048e+02
2.870258e-01, 1.467704e+02
2.870580e-01, 1.467361e+02
2.870901e-01, 1.467018e+02
2.871222e-01, 1.466675e+02
2.871544e-01, 1.466332e+02
2.871865e-01, 1.465989e+02
2.872187e-01, 1.465646e+02
2.872508e-01, 1.465304e+02
2.872830e-01, 1.464962e+02
2.873151e-01, 1.464619e+02
2.873472e-01, 1.464277e+02
2.873794e-01, 1.463935e+02
2.874115e-01, 1.463594e+02
2.874437e-01, 1.463252e+02
2.874758e-01, 1.462910e+02
2.875080e-01, 1.462569e+02
2.875401e-01, 1.462228e+02
2.875722e-01, 1.461887e+02
2.876044e-01, 1.461546e+02
2.876365e-01, 1.461205e+02
2.876687e-01, 1.460864e+02
2.877008e-01, 1.460524e+02
2.877330e-01, 1.460183e+02
2.877651e-01, 1.459843e+02
2.877972e-01, 1.459503e+02
2.878294e-01, 1.459163e+02
2.878615e-01, 1.458823e+02
2.878937e-01, 1.458483e+02
2.879258e-01, 1.458143e+02
2.879579e-01, 1.457804e+02
2.879901e-01, 1.457464e+02
2.880222e-01, 1.457125e+02
2.880544e-01, 1.456786e+02
2.880865e-01, 1.456447e+02
2.881186e-01, 1.456108e+02
2.881508e-01, 1.455770e+02
2.881829e-01, 1.455431e+02
2.882151e-01, 1.455093e+02
2.882472e-01, 1.454754e+02
2.882793e-01, 1.454416e+02
2.883115e-01, 1.454078e+02
2.883436e-01, 1.453740e+02
2.883758e-01, 1.453403e+02
2.884079e-01, 1.453065e+02
2.884400e-01, 1.452728e+02
2.884722e-01, 1.452390e+02
2.885043e-01, 1.452053e+02
2.885364e-01, 1.451716e+02
2.885686e-01, 1.451379e+02
2.886007e-01, 1.451042e+02
2.886329e-01, 1.450705e+02
2.886650e-01, 1.450369e+02
2.886971e-01, 1.450033e+02
2.887293e-01, 1.449696e+02
2.887614e-01, 1.449360e+02
2.887935e-01, 1.449024e+02
2.888257e-01, 1.448688e+02
2.888578e-01, 1.448352e+02
2.888900e-01, 1.448017e+02
2.889221e-01, 1.447681e+02
2.889542e-01, 1.447346e+02
2.889864e-01, 1.447011e+02
2.890185e-01, 1.446676e+02
2.890506e-01, 1.446341e+02
2.890828e-01, 1.446006e+02
2.891149e-01, 1.445671e+02
2.891470e-01, 1.445337e+02
2.891792e-01, 1.445002e+02
2.892113e-01, 1.444668e+02
2.892434e-01, 1.444334e+02
2.892756e-01, 1.444000e+02
2.893077e-01, 1.443666e+02
2.893399e-01, 1.443332e+02
2.893720e-01, 1.442999e+02
2.894041e-01, 1.442665e+02
2.894363e-01, 1.442332e+02
2.894684e-01, 1.441999e+02
2.895005e-01, 1.441665e+02
2.895327e-01, 1.441332e+02
2.895648e-01, 1.441000e+02
2.895969e-01, 1.440667e+02
2.896291e-01, 1.440334e+02
2.896612e-01, 1.440002e+02
2.896933e-01, 1.439670e+02
2.897255e-01, 1.439337e+02
2.897576e-01, 1.439005e+02
2.897897e-01, 1.438673e+02
2.898219e-01, 1.438342e+02
2.898540e-01, 1.438010e+02
2.898861e-01, 1.437679e+02
2.899183e-01, 1.437347e+02
2.899504e-01, 1.437016e+02
2.899825e-01, 1.436685e+02
2.900147e-01, 1.436354e+02
2.900468e-01, 1.436023e+02
2.900789e-01, 1.435692e+02
2.901110e-01, 1.435362e+02
2.901432e-01, 1.435031e+02
2.901753e-01, 1.434701e+02
2.902074e-01, 1.434370e+02
2.902396e-01, 1.434040e+02
2.902717e-01, 1.433710e+02
2.903038e-01, 1.433381e+02
2.903360e-01, 1.433051e+02
2.903681e-01, 1.432721e+02
2.904002e-01, 1.432392e+02
2.904324e-01, 1.432063e+02
2.904645e-01, 1.431733e+02
2.904966e-01, 1.431404e+02
2.905287e-01, 1.431075e+02
2.905609e-01, 1.430747e+02
2.905930e-01, 1.430418e+02
2.906251e-01, 1.430089e+02
2.906573e-01, 1.429761e+02
2.906894e-01, 1.429433e+02
2.907215e-01, 1.429105e+02
2.907537e-01, 1.428777e+02
2.907858e-01, 1.428449e+02
2.908179e-01, 1.428121e+02
2.908500e-01, 1.427793e+02
2.908822e-01, 1.427466e+02
2.909143e-01, 1.427139e+02
2.909464e-01, 1.426811e+02
2.909786e-01, 1.426484e+02
2.910107e-01, 1.426157e+02
2.910428e-01, 1.425830e+02
2.910749e-01, 1.425504e+02
2.911071e-01, 1.425177e+02
2.911392e-01, 1.424851e+02
2.911713e-01, 1.424524e+02
2.912034e-01, 1.424198e+02
2.912356e-01, 1.423872e+02
2.912677e-01, 1.423546e+02
2.912998e-01, 1.423220e+02
2.913320e-01, 1.422894e+02
2.913641e-01, 1.422569e+02
2.913962e-01, 1.422243e+02
2.914283e-01, 1.421918e+02
2.914605e-01, 1.421593e+02
2.914926e-01, 1.421268e+02
2.915247e-01, 1.420943e+02
2.915568e-01, 1.420618e+02
2.915890e-01, 1.420293e+02
2.916211e-01, 1.419969e+02
2.916532e-01, 1.419644e+02
2.916853e-01, 1.419320e+02
2.917175e-01, 1.418996e+02
2.917496e-01, 1.418672e+02
2.917817e-01, 1.418348e+02
2.918138e-01, 1.418024e+02
2.918460e-01, 1.417701e+02
2.918781e-01, 1.417377e+02
2.919102e-01, 1.417054e+02
2.919423e-01, 1.416730e+02
2.919745e-01, 1.416407e+02
2.920066e-01, 1.416084e+02
2.920387e-01, 1.415761e+02
2.920708e-01, 1.415438e+02
2.921030e-01, 1.415116e+02
2.921351e-01, 1.414793e+02
2.921672e-01, 1.414471e+02
2.921993e-01, 1.414149e+02
2.922314e-01, 1.413826e+02
2.922636e-01, 1.413504e+02
2.922957e-01, 1.413183e+02
2.923278e-01, 1.412861e+02
2.923599e-01, 1.412539e+02
2.923921e-01, 1.412218e+02
2.924242e-01, 1.411896e+02
2.924563e-01, 1.411575e+02
2.924884e-01, 1.411254e+02
2.925206e-01, 1.410933e+02
2.925527e-01, 1.410612e+02
2.925848e-01, 1.410291e+02
2.926169e-01, 1.409971e+02
2.926490e-01, 1.409650e+02
2.926812e-01, 1.409330e+02
2.927133e-01, 1.409009e+02
2.927454e-01, 1.408689e+02
2.927775e-01, 1.408369e+02
2.928096e-01, 1.408049e+02
2.928418e-01, 1.407730e+02
2.928739e-01, 1.407410e+02
2.929060e-01, 1.407090e+02
2.929381e-01, 1.406771e+02
2.929702e-01, 1.406452e+02
2.930024e-01, 1.406133e+02
2.930345e-01, 1.405814e+02
2.930666e-01, 1.405495e+02
2.930987e-01, 1.405176e+02
2.931308e-01, 1.404857e+02
2.931630e-01, 1.404539e+02
2.931951e-01, 1.404220e+02
2.932272e-01, 1.403902e+02
2.932593e-01, 1.403584e+02
2.932914e-01, 1.403266e+02
2.933236e-01, 1.402948e+02
2.933557e-01, 1.402630e+02
2.933878e-01, 1.402313e+02
2.934199e-01, 1.401995e+02
2.934520e-01, 1.401678e+02
2.934841e-01, 1.401361e+02
2.935163e-01, 1.401043e+02
2.935484e-01, 1.400726e+02
2.935805e-01, 1.400409e+02
2.936126e-01, 1.400093e+02
2.936447e-01, 1.399776e+02
2.936769e-01, 1.399460e+02
2.937090e-01, 1.399143e+02
2.937411e-01, 1.398827e+02
2.937732e-01, 1.398511e+02
2.938053e-01, 1.398195e+02
2.938374e-01, 1.397879e+02
2.938696e-01, 1.397563e+02
2.939017e-01, 1.397247e+02
2.939338e-01, 1.396932e+02
2.939659e-01, 1.396616e+02
2.939980e-01, 1.396301e+02
2.940301e-01, 1.395986e+02
2.940623e-01, 1.395671e+02
2.940944e-01, 1.395356e+02
2.941265e-01, 1.395041e+02
2.941586e-01, 1.394726e+02
2.941907e-01, 1.394412e+02
2.942228e-01, 1.394097e+02
2.942549e-01, 1.393783e+02
2.942871e-01, 1.393469e+02
2.943192e-01, 1.393155e+02
2.943513e-01, 1.392841e+02
2.943834e-01, 1.392527e+02
2.944155e-01, 1.392213e+02
2.944476e-01, 1.391900e+02
2.944797e-01, 1.391586e+02
2.945119e-01, 1.391273e+02
2.945440e-01, 1.390959e+02
2.945761e-01, 1.390646e+02
2.946082e-01, 1.390333e+02
2.946403e-01, 1.390021e+02
2.946724e-01, 1.389708e+02
2.947045e-01, 1.389395e+02
2.947367e-01, 1.389083e+02
2.947688e-01, 1.388770e+02
2.948009e-01, 1.388458e+02
2.948330e-01, 1.388146e+02
2.948651e-01, 1.387834e+02
2.948972e-01, 1.387522e+02
2.949293e-01, 1.387210e+02
2.949614e-01, 1.386899e+02
2.949936e-01, 1.386587e+02
2.950257e-01, 1.386276e+02
2.950578e-01, 1.385964e+02
2.950899e-01, 1.385653e+02
2.951220e-01, 1.385342e+02
2.951541e-01, 1.385031e+02
2.951862e-01, 1.384720e+02
2.952183e-01, 1.384410e+02
2.952504e-01, 1.384099e+02
2.952826e-01, 1.383789e+02
2.953147e-01, 1.383478e+02
2.953468e-01, 1.383168e+02
2.953789e-01, 1.382858e+02
2.954110e-01, 1.382548e+02
2.954431e-01, 1.382238e+02
2.954752e-01, 1.381929e+02
2.955073e-01, 1.381619e+02
2.955394e-01, 1.381309e+02
2.955716e-01, 1.381000e+02
2.956037e-01, 1.380691e+02
2.956358e-01, 1.380382e+02
2.956679e-01, 1.380073e+02
2.957000e-01, 1.379764e+02
2.957321e-01, 1.379455e+02
2.957642e-01, 1.379146e+02
2.957963e-01, 1.378838e+02
2.958284e-01, 1.378529e+02
2.958605e-01, 1.378221e+02
2.958926e-01, 1.377913e+02
2.959248e-01, 1.377605e+02
2.959569e-01, 1.377297e+02
2.959890e-01, 1.376989e+02
2.960211e-01, 1.376681e+02
2.960532e-01, 1.376374e+02
2.960853e-01, 1.376066e+02
2.961174e-01, 1.375759e+02
2.961495e-01, 1.375452e+02
2.961816e-01, 1.375145e+02
2.962137e-01, 1.374838e+02
2.962458e-01, 1.374531e+02
2.962779e-01, 1.374224e+02
2.963100e-01, 1.373918e+02
2.963422e-01, 1.373611e+02
2.963743e-01, 1.373305e+02
2.964064e-01, 1.372998e+02
2.964385e-01, 1.372692e+02
2.964706e-01, 1.372386e+02
2.965027e-01, 1.372080e+02
2.965348e-01, 1.371774e+02
2.965669e-01, 1.371469e+02
2.965990e-01, 1.371163e+02
2.966311e-01, 1.370858e+02
2.966632e-01, 1.370552e+02
2.966953e-01, 1.370247e+02
2.967274e-01, 1.369942e+02
2.967595e-01, 1.369637e+02
2.967916e-01, 1.369332e+02
2.968237e-01, 1.369027e+02
2.968558e-01, 1.368723e+02
2.968879e-01, 1.368418e+02
2.969201e-01, 1.368114e+02
2.969522e-01, 1.367810e+02
2.969843e-01, 1.367505e+02
2.970164e-01, 1.367201e+02
2.970485e-01, 1.366898e+02
2.970806e-01, 1.366594e+02
2.971127e-01, 1.366290e+02
2.971448e-01, 1.365986e+02
2.971769e-01, 1.365683e+02
2.972090e-01, 1.365380e+02
2.972411e-01, 1.365076e+02
2.972732e-01, 1.364773e+02
2.973053e-01, 1.364470e+02
2.973374e-01, 1.364167e+02
2.973695e-01, 1.363865e+02
2.974016e-01, 1.363562e+02
2.974337e-01, 1.363260e+02
2.974658e-01, 1.362957e+02
2.974979e-01, 1.362655e+02
2.975300e-01, 1.362353e+02
2.975621e-01, 1.362051e+02
2.975942e-01, 1.361749e+02
2.976263e-01, 1.361447e+02
2.976584e-01, 1.361145e+02
2.976905e-01, 1.360843e+02
2.977226e-01, 1.360542e+02
2.977547e-01, 1.360241e+02
2.977868e-01, 1.359939e+02
2.978189e-01, 1.359638e+02
2.978510e-01, 1.359337e+02
2.978831e-01, 1.359036e+02
2.979152e-01, 1.358736e+02
2.979473e-01, 1.358435e+02
2.979794e-01, 1.358134e+02
2.980115e-01, 1.357834e+02
2.980436e-01, 1.357534e+02
2.980757e-01, 1.357233e+02
2.981078e-01, 1.356933e+02
2.981399e-01, 1.356633e+02
2.981720e-01, 1.356333e+02
2.982041e-01, 1.356034e+02
2.982362e-01, 1.355734e+02
2.982683e-01, 1.355434e+02
2.983004e-01, 1.355135e+02
2.983325e-01, 1.354836e+02
2.983646e-01, 1.354537e+02
2.983967e-01, 1.354238e+02
2.984288e-01, 1.353939e+02
2.984609e-01, 1.353640e+02
2.984930e-01, 1.353341e+02
2.985251e-01, 1.353042e+02
2.985572e-01, 1.352744e+02
2.985893e-01, 1.352446e+02
2.986214e-01, 1.352147e+02
2.986535e-01, 1.351849e+02
2.986856e-01, 1.351551e+02
2.987177e-01, 1.351253e+02
2.987498e-01, 1.350955e+02
2.987819e-01, 1.350658e+02
2.988140e-01, 1.350360e+02
2.988461e-01, 1.350063e+02
2.988782e-01, 1.349765e+02
2.989103e-01, 1.349468e+02
2.989424e-01, 1.349171e+02
2.989745e-01, 1.348874e+02
2.990066e-01, 1.348577e+02
2.990387e-01, 1.348280e+02
2.990708e-01, 1.347983e+02
2.991029e-01, 1.347687e+02
2.991350e-01, 1.347390e+02
2.991671e-01, 1.347094e+02
2.991992e-01, 1.346798e+02
2.992313e-01, 1.346502e+02
2.992634e-01, 1.346206e+02
2.992955e-01, 1.345910e+02
2.993275e-01, 1.345614e+02
2.993596e-01, 1.345319e+02
2.993917e-01, 1.345023e+02
2.994238e-01, 1.344728e+02
2.994559e-01, 1.344432e+02
2.994880e-01, 1.344137e+02
2.995201e-01, 1.343842e+02
2.995522e-01, 1.343547e+02
2.995843e-01, 1.343252e+02
2.996164e-01, 1.342957e+02
2.996485e-01, 1.342663e+02
2.996806e-01, 1.342368e+02
2.997127e-01, 1.342074e+02
2.997448e-01, 1.341779e+02
2.997769e-01, 1.341485e+02
2.998090e-01, 1.341191e+02
2.998411e-01, 1.340897e+02
2.998732e-01, 1.340603e+02
2.999052e-01, 1.340310e+02
2.999373e-01, 1.340016e+02
2.999694e-01, 1.339722e+02
3.000015e-01, 1.339429e+02
3.000336e-01, 1.339136e+02
3.000657e-01, 1.338843e+02
3.000978e-01, 1.338549e+02
3.001299e-01, 1.338256e+02
3.001620e-01, 1.337964e+02
3.001941e-01, 1.337671e+02
3.002262e-01, 1.337378e+02
3.002583e-01, 1.337086e+02
3.002904e-01, 1.336793e+02
3.003224e-01, 1.336501e+02
3.003545e-01, 1.336209e+02
3.003866e-01, 1.335917e+02
3.004187e-01, 1.335625e+02
3.004508e-01, 1.335333e+02
3.004829e-01, 1.335041e+02
3.005150e-01, 1.334750e+02
3.005471e-01, 1.334458e+02
3.005792e-01, 1.334167e+02
3.006113e-01, 1.333875e+02
3.006434e-01, 1.333584e+02
3.006754e-01, 1.333293e+02
3.007075e-01, 1.333002e+02
3.007396e-01, 1.332711e+02
3.007717e-01, 1.332421e+02
3.008038e-01, 1.332130e+02
3.008359e-01, 1.331839e+02
3.008680e-01, 1.331549e+02
3.009001e-01, 1.331259e+02
3.009322e-01, 1.330968e+02
3.009643e-01, 1.330678e+02
3.009963e-01, 1.330388e+02
3.010284e-01, 1.330099e+02
3.010605e-01, 1.329809e+02
3.010926e-01, 1.329519e+02
3.011247e-01, 1.329230e+02
3.011568e-01, 1.328940e+02
3.011889e-01, 1.328651e+02
3.012210e-01, 1.328362e+02
3.012531e-01, 1.328073e+02
3.012851e-01, 1.327784e+02
3.013172e-01, 1.327495e+02
3.013493e-01, 1.327206e+02
3.013814e-01, 1.326917e+02
3.014135e-01, 1.326629e+02
3.014456e-01, 1.326340e+02
3.014777e-01, 1.326052e+02
3.015098e-01, 1.325764e+02
3.015418e-01, 1.325476e+02
3.015739e-01, 1.325188e+02
3.016060e-01, 1.324900e+02
3.016381e-01, 1.324612e+02
3.016702e-01, 1.324324e+02
3.017023e-01, 1.324037e+02
3.017344e-01, 1.323749e+02
3.017664e-01, 1.323462e+02
3.017985e-01, 1.323175e+02
3.018306e-01, 1.322887e+02
3.018627e-01, 1.322600e+02
3.018948e-01, 1.322314e+02
3.019269e-01, 1.322027e+02
3.019590e-01, 1.321740e+02
3.019910e-01, 1.321453e+02
3.020231e-01, 1.321167e+02
3.020552e-01, 1.320881e+02
3.020873e-01, 1.320594e+02
3.021194e-01, 1.320308e+02
3.021515e-01, 1.320022e+02
3.021836e-01, 1.319736e+02
3.022156e-01, 1.319450e+02
3.022477e-01, 1.319165e+02
3.022798e-01, 1.318879e+02
3.023119e-01, 1.318593e+02
3.023440e-01, 1.318308e+02
3.023761e-01, 1.318023e+02
3.024081e-01, 1.317738e+02
3.024402e-01, 1.317452e+02
3.024723e-01, 1.317168e+02
3.025044e-01, 1.316883e+02
3.025365e-01, 1.316598e+02
3.025686e-01, 1.316313e+02
3.026006e-01, 1.316029e+02
3.026327e-01, 1.315744e+02
3.026648e-01, 1.315460e+02
3.026969e-01, 1.315176e+02
3.027290e-01, 1.314892e+02
3.027611e-01, 1.314608e+02
3.027931e-01, 1.314324e+02
3.028252e-01, 1.314040e+02
3.028573e-01, 1.313756e+02
3.028894e-01, 1.313473e+02
3.029215e-01, 1.313189e+02
3.029536e-01, 1.312906e+02
3.029856e-01, 1.312623e+02
3.030177e-01, 1.312339e+02
3.030498e-01, 1.312056e+02
3.030819e-01, 1.311773e+02
3.031140e-01, 1.311491e+02
3.031460e-01, 1.311208e+02
3.031781e-01, 1.310925e+02
3.032102e-01, 1.310643e+02
3.032423e-01, 1.310360e+02
3.032744e-01, 1.310078e+02
3.033064e-01, 1.309796e+02
3.033385e-01, 1.309514e+02
3.033706e-01, 1.309232e+02
3.034027e-01, 1.308950e+02
3.034348e-01, 1.308668e+02
3.034668e-01, 1.308386e+02
3.034989e-01, 1.308105e+02
3.035310e-01, 1.307823e+02
3.035631e-01, 1.307542e+02
3.035952e-01, 1.307261e+02
3.036272e-01, 1.306980e+02
3.036593e-01, 1.306699e+02
3.036914e-01, 1.306418e+02
3.037235e-01, 1.306137e+02
3.037556e-01, 1.305856e+02
3.037876e-01, 1.305576e+02
3.038197e-01, 1.305295e+02
3.038518e-01, 1.305015e+02
3.038839e-01, 1.304734e+02
3.039160e-01, 1.304454e+02
3.039480e-01, 1.304174e+02
3.039801e-01, 1.303894e+02
3.040122e-01, 1.303614e+02
3.040443e-01, 1.303334e+02
3.040763e-01, 1.303055e+02
3.041084e-01, 1.302775e+02
3.041405e-01, 1.302496e+02
3.041726e-01, 1.302216e+02
3.042047e-01, 1.301937e+02
3.042367e-01, 1.301658e+02
3.042688e-01, 1.301379e+02
3.043009e-01, 1.301100e+02
3.043330e-01, 1.300821e+02
3.043650e-01, 1.300543e+02
3.043971e-01, 1.300264e+02
3.044292e-01, 1.299985e+02
3.044613e-01, 1.299707e+02
3.044933e-01, 1.299429e+02
3.045254e-01, 1.299150e+02
3.045575e-01, 1.298872e+02
3.045896e-01, 1.298594e+02
3.046216e-01, 1.298316e+02
3.046537e-01, 1.298039e+02
3.046858e-01, 1.297761e+02
3.047179e-01, 1.297483e+02
3.047500e-01, 1.297206e+02
3.047820e-01, 1.296929e+02
3.048141e-01, 1.296651e+02
3.048462e-01, 1.296374e+02
3.048783e-01, 1.296097e+02
3.049103e-01, 1.295820e+02
3.049424e-01, 1.295543e+02
3.049745e-01, 1.295267e+02
3.050066e-01, 1.294990e+02
3.050386e-01, 1.294713e+02
3.050707e-01, 1.294437e+02
3.051028e-01, 1.294161e+02
3.051348e-01, 1.293884e+02
3.051669e-01, 1.293608e+02
3.051990e-01, 1.293332e+02
3.052311e-01, 1.293056e+02
3.052631e-01, 1.292780e+02
3.052952e-01, 1.292505e+02
3.053273e-01, 1.292229e+02
3.053594e-01, 1.291954e+02
3.053914e-01, 1.291678e+02
3.054235e-01, 1.291403e+02
3.054556e-01, 1.291128e+02
3.054877e-01, 1.290853e+02
3.055197e-01, 1.290578e+02
3.055518e-01, 1.290303e+02
3.055839e-01, 1.290028e+02
3.056159e-01, 1.289753e+02
3.056480e-01, 1.289479e+02
3.056801e-01, 1.289204e+02
3.057122e-01, 1.288930e+02
3.057442e-01, 1.288656e+02
3.057763e-01, 1.288381e+02
3.058084e-01, 1.288107e+02
3.058404e-01, 1.287833e+02
3.058725e-01, 1.287559e+02
3.059046e-01, 1.287286e+02
3.059367e-01, 1.287012e+02
3.059687e-01, 1.286738e+02
3.060008e-01, 1.286465e+02
3.060329e-01, 1.286192e+02
3.060649e-01, 1.285918e+02
3.060970e-01, 1.285645e+02
3.061291e-01, 1.285372e+02
3.061612e-01, 1.285099e+02
3.061932e-01, 1.284826e+02
3.062253e-01, 1.284554e+02
3.062574e-01, 1.284281e+02
3.062894e-01, 1.284008e+02
3.063215e-01, 1.283736e+02
3.063536e-01, 1.283464e+02
3.063856e-01, 1.283191e+02
3.064177e-01, 1.282919e+02
3.064498e-01, 1.282647e+02
3.064818e-01, 1.282375e+02
3.065139e-01, 1.282103e+02
3.065460e-01, 1.281832e+02
3.065781e-01, 1.281560e+02
3.066101e-01, 1.281288e+02
3.066422e-01, 1.281017e+02
3.066743e-01, 1.280746e+02
3.067063e-01, 1.280474e+02
3.067384e-01, 1.280203e+02
3.067705e-01, 1.279932e+02
3.068025e-01, 1.279661e+02
3.068346e-01, 1.279390e+02
3.068667e-01, 1.279120e+02
3.068987e-01, 1.278849e+02
3.069308e-01, 1.278579e+02
3.069629e-01, 1.278308e+02
3.069949e-01, 1.278038e+02
3.070270e-01, 1.277768e+02
3.070591e-01, 1.277497e+02
3.070911e-01, 1.277227e+02
3.071232e-01, 1.276958e+02
3.071553e-01, 1.276688e+02
3.071873e-01, 1.276418e+02
3.072194e-01, 1.276148e+02
3.072515e-01, 1.275879e+02
3.072835e-01, 1.275609e+02
3.073156e-01, 1.275340e+02
3.073477e-01, 1.275071e+02
3.073797e-01, 1.274802e+02
3.074118e-01, 1.274533e+02
3.074439e-01, 1.274264e+02
3.074759e-01, 1.273995e+02
3.075080e-01, 1.273726e+02
3.075401e-01, 1.273458e+02
3.075721e-01, 1.273189e+02
3.076042e-01, 1.272921e+02
3.076363e-01, 1.272652e+02
3.076683e-01, 1.272384e+02
3.077004e-01, 1.272116e+02
3.077325e-01, 1.271848e+02
3.077645e-01, 1.271580e+02
3.077966e-01, 1.271312e+02
3.078287e-01, 1.271044e+02
3.078607e-01, 1.270777e+02
3.078928e-01, 1.270509e+02
3.079248e-01, 1.270242e+02
3.079569e-01, 1.269974e+02
3.079890e-01, 1.269707e+02
3.080210e-01, 1.269440e+02
3.080531e-01, 1.269173e+02
3.080852e-01, 1.268906e+02
3.081172e-01, 1.268639e+02
3.081493e-01, 1.268372e+02
3.081814e-01, 1.268106e+02
3.082134e-01, 1.267839e+02
3.082455e-01, 1.267573e+02
3.082775e-01, 1.267306e+02
3.083096e-01, 1.267040e+02
3.083417e-01, 1.266774e+02
3.083737e-01, 1.266508e+02
3.084058e-01, 1.266242e+02
3.084379e-01, 1.265976e+02
3.084699e-01, 1.265710e+02
3.085020e-01, 1.265445e+02
3.085340e-01, 1.265179e+02
3.085661e-01, 1.264913e+02
3.085982e-01, 1.264648e+02
3.086302e-01, 1.264383e+02
3.086623e-01, 1.264118e+02
3.086943e-01, 1.263853e+02
3.087264e-01, 1.263588e+02
3.087585e-01, 1.263323e+02
3.087905e-01, 1.263058e+02
3.088226e-01, 1.262793e+02
3.088547e-01, 1.262529e+02
3.088867e-01, 1.262264e+02
3.089188e-01, 1.262000e+02
3.089508e-01, 1.261735e+02
3.089829e-01, 1.261471e+02
3.090150e-01, 1.261207e+02
3.090470e-01, 1.260943e+02
3.090791e-01, 1.260679e+02
3.091111e-01, 1.260415e+02
3.091432e-01, 1.260152e+02
3.091753e-01, 1.259888e+02
3.092073e-01, 1.259624e+02
3.092394e-01, 1.259361e+02
3.092714e-01, 1.259098e+02
3.093035e-01, 1.258834e+02
3.093356e-01, 1.258571e+02
3.093676e-01, 1.258308e+02
3.093997e-01, 1.258045e+02
3.094317e-01, 1.257783e+02
3.094638e-01, 1.257520e+02
3.094958e-01, 1.257257e+02
3.095279e-01, 1.256995e+02
3.095600e-01, 1.256732e+02
3.095920e-01, 1.256470e+02
3.096241e-01, 1.256207e+02
3.096561e-01, 1.255945e+02
3.096882e-01, 1.255683e+02
3.097203e-01, 1.255421e+02
3.097523e-01, 1.255159e+02
3.097844e-01, 1.254898e+02
3.098164e-01, 1.254636e+02
3.098485e-01, 1.254374e+02
3.098805e-01, 1.254113e+02
3.099126e-01, 1.253851e+02
3.099447e-01, 1.253590e+02
3.099767e-01, 1.253329e+02
3.100088e-01, 1.253068e+02
3.100408e-01, 1.252807e+02
3.100729e-01, 1.252546e+02
3.101049e-01, 1.252285e+02
3.101370e-01, 1.252024e+02
3.101691e-01, 1.251764e+02
3.102011e-01, 1.251503e+02
3.102332e-01, 1.251243e+02
3.102652e-01, 1.250982e+02
3.102973e-01, 1.250722e+02
3.103293e-01, 1.250462e+02
3.103614e-01, 1.250202e+02
3.103934e-01, 1.249942e+02
3.104255e-01, 1.249682e+02
3.104576e-01, 1.249422e+02
3.104896e-01, 1.249162e+02
3.105217e-01, 1.248903e+02
3.105537e-01, 1.248643e+02
3.105858e-01, 1.248384e+02
3.106178e-01, 1.248125e+02
3.106499e-01, 1.247865e+02
3.106819e-01, 1.247606e+02
3.107140e-01, 1.247347e+02
3.107460e-01, 1.247088e+02
3.107781e-01, 1.246830e+02
3.108102e-01, 1.246571e+02
3.108422e-01, 1.246312e+02
3.108743e-01, 1.246054e+02
3.109063e-01, 1.245795e+02
3.109384e-01, 1.245537e+02
3.109704e-01, 1.245279e+02
3.110025e-01, 1.245020e+02
3.110345e-01, 1.244762e+02
3.110666e-01, 1.244504e+02
3.110986e-01, 1.244246e+02
3.111307e-01, 1.243989e+02
3.111627e-01, 1.243731e+02
3.111948e-01, 1.243473e+02
3.112269e-01, 1.243216e+02
3.112589e-01, 1.242958e+02
3.112910e-01, 1.242701e+02
3.113230e-01, 1.242444e+02
3.113551e-01, 1.242187e+02
3.113871e-01, 1.241930e+02
3.114192e-01, 1.241673e+02
3.114512e-01, 1.241416e+02
3.114833e-01, 1.241159e+02
3.115153e-01, 1.240902e+02
3.115474e-01, 1.240646e+02
3.115794e-01, 1.240389e+02
3.116115e-01, 1.240133e+02
3.116435e-01, 1.239877e+02
3.116756e-01, 1.239621e+02
3.117076e-01, 1.239364e+02
3.117397e-01, 1.239108e+02
3.117717e-01, 1.238853e+02
3.118038e-01, 1.238597e+02
3.118358e-01, 1.238341e+02
3.118679e-01, 1.238085e+02
3.118999e-01, 1.237830e+02
3.119320e-01, 1.237574e+02
3.119640e-01, 1.237319e+02
3.119961e-01, 1.237064e+02
3.120281e-01, 1.236809e+02
3.120602e-01, 1.236553e+02
3.120922e-01, 1.236298e+02
3.121243e-01, 1.236044e+02
3.121563e-01, 1.235789e+02
3.121884e-01, 1.235534e+02
3.122204e-01, 1.235279e+02
3.122525e-01, 1.235025e+02
3.122845e-01, 1.234771e+02
3.123166e-01, 1.234516e+02
3.123486e-01, 1.234262e+02
3.123807e-01, 1.234008e+02
3.124127e-01, 1.233754e+02
3.124448e-01, 1.233500e+02
3.124768e-01, 1.233246e+02
3.125089e-01, 1.232992e+02
3.125409e-01, 1.232738e+02
3.125730e-01, 1.232485e+02
3.126050e-01, 1.232231e+02
3.126371e-01, 1.231978e+02
3.126691e-01, 1.231725e+02
3.127012e-01, 1.231471e+02
3.127332e-01, 1.231218e+02
3.127653e-01, 1.230965e+02
3.127973e-01, 1.230712e+02
3.128294e-01, 1.230459e+02
3.128614e-01, 1.230207e+02
3.128934e-01, 1.229954e+02
3.129255e-01, 1.229701e+02
3.129575e-01, 1.229449e+02
3.129896e-01, 1.229196e+02
3.130216e-01, 1.228944e+02
3.130537e-01, 1.228692e+02
3.130857e-01, 1.228440e+02
3.131178e-01, 1.228188e+02
3.131498e-01, 1.227936e+02
3.131819e-01, 1.227684e+02
3.132139e-01, 1.227432e+02
3.132460e-01, 1.227180e+02
3.132780e-01, 1.226929e+02
3.133100e-01, 1.226677e+02
3.133421e-01, 1.226426e+02
3.133741e-01, 1.226175e+02
3.134062e-01, 1.225923e+02
3.134382e-01, 1.225672e+02
3.134703e-01, 1.225421e+02
3.135023e-01, 1.225170e+02
3.135344e-01, 1.224919e+02
3.135664e-01, 1.224669e+02
3.135985e-01, 1.224418e+02
3.136305e-01, 1.224167e+02
3.136625e-01, 1.223917e+02
3.136946e-01, 1.223667e+02
3.137266e-01, 1.223416e+02
3.137587e-01, 1.223166e+02
3.137907e-01, 1.222916e+02
3.138228e-01, 1.222666e+02
3.138548e-01, 1.222416e+02
3.138869e-01, 1.222166e+02
3.139189e-01, 1.221916e+02
3.139509e-01, 1.221667e+02
3.139830e-01, 1.221417e+02
3.140150e-01, 1.221168e+02
3.140471e-01, 1.220918e+02
3.140791e-01, 1.220669e+02
3.141112e-01, 1.220420e+02
3.141432e-01, 1.220170e+02
3.141752e-01, 1.219921e+02
3.142073e-01, 1.219672e+02
3.142393e-01, 1.219424e+02
3.142714e-01, 1.219175e+02
3.143034e-01, 1.218926e+02
3.143355e-01, 1.218678e+02
3.143675e-01, 1.218429e+02
3.143995e-01, 1.218181e+02
3.144316e-01, 1.217932e+02
3.144636e-01, 1.217684e+02
3.144957e-01, 1.217436e+02
3.145277e-01, 1.217188e+02
3.145597e-01, 1.216940e+02
3.145918e-01, 1.216692e+02
3.146238e-01, 1.216444e+02
3.146559e-01, 1.216197e+02
3.146879e-01, 1.215949e+02
3.147200e-01, 1.215701e+02
3.147520e-01, 1.215454e+02
3.147840e-01, 1.215207e+02
3.148161e-01, 1.214959e+02
3.148481e-01, 1.214712e+02
3.148802e-01, 1.214465e+02
3.149122e-01, 1.214218e+02
3.149442e-01, 1.213971e+02
3.149763e-01, 1.213724e+02
3.150083e-01, 1.213478e+02
3.150404e-01, 1.213231e+02
3.150724e-01, 1.212985e+02
3.151044e-01, 1.212738e+02
3.151365e-01, 1.212492e+02
3.151685e-01, 1.212245e+02
3.152006e-01, 1.211999e+02
3.152326e-01, 1.211753e+02
3.152646e-01, 1.211507e+02
3.152967e-01, 1.211261e+02
3.153287e-01, 1.211015e+02
3.153608e-01, 1.210770e+02
3.153928e-01, 1.210524e+02
3.154248e-01, 1.210278e+02
3.154569e-01, 1.210033e+02
3.154889e-01, 1.209788e+02
3.155210e-01, 1.209542e+02
3.155530e-01, 1.209297e+02
3.155850e-01, 1.209052e+02
3.156171e-01, 1.208807e+02
3.156491e-01, 1.208562e+02
3.156811e-01, 1.208317e+02
3.157132e-01, 1.208072e+02
3.157452e-01, 1.207828e+02
3.157773e-01, 1.207583e+02
3.158093e-01, 1.207339e+02
3.158413e-01, 1.207094e+02
3.158734e-01, 1.206850e+02
3.159054e-01, 1.206606e+02
3.159374e-01, 1.206361e+02
3.159695e-01, 1.206117e+02
3.160015e-01, 1.205873e+02
3.160336e-01, 1.205629e+02
3.160656e-01, 1.205386e+02
3.160976e-01, 1.205142e+02
3.161297e-01, 1.204898e+02
3.161617e-01, 1.204655e+02
