1 1 13 329
2 329 138 1
3 13 14 330
4 330 329 13
5 14 15 331
6 331 330 14
7 15 16 332
8 332 331 15
9 16 17 333
10 333 332 16
11 17 18 334
12 334 333 17
13 18 19 335
14 335 334 18
15 19 20 336
16 336 335 19
17 20 21 337
18 337 336 20
19 21 22 338
20 338 337 21
21 22 23 339
22 339 338 22
23 23 24 340
24 340 339 23
25 24 25 341
26 341 340 24
27 25 26 342
28 342 341 25
29 26 27 343
30 343 342 26
31 27 28 344
32 344 343 27
33 28 29 345
34 345 344 28
35 29 30 346
36 346 345 29
37 30 31 347
38 347 346 30
39 31 32 348
40 348 347 31
41 32 33 349
42 349 348 32
43 33 34 350
44 350 349 33
45 34 35 351
46 351 350 34
47 35 36 352
48 352 351 35
49 36 37 353
50 353 352 36
51 37 38 354
52 354 353 37
53 38 39 355
54 355 354 38
55 39 40 356
56 356 355 39
57 40 41 357
58 357 356 40
59 41 42 358
60 358 357 41
61 42 43 359
62 359 358 42
63 43 44 360
64 360 359 43
65 44 45 361
66 361 360 44
67 45 46 362
68 362 361 45
69 46 47 363
70 363 362 46
71 47 48 364
72 364 363 47
73 48 49 365
74 365 364 48
75 49 50 366
76 366 365 49
77 50 51 367
78 367 366 50
79 51 52 368
80 368 367 51
81 52 53 369
82 369 368 52
83 53 54 370
84 370 369 53
85 54 55 371
86 371 370 54
87 55 56 372
88 372 371 55
89 56 57 373
90 373 372 56
91 57 58 374
92 374 373 57
93 58 59 375
94 375 374 58
95 59 60 376
96 376 375 59
97 60 61 377
98 377 376 60
99 61 2 62
100 62 377 61
101 138 329 378
102 378 137 138
103 329 330 379
104 379 378 329
105 330 331 380
106 380 379 330
107 331 332 381
108 381 380 331
109 332 333 382
110 382 381 332
111 333 334 383
112 383 382 333
113 334 335 384
114 384 383 334
115 335 336 385
116 385 384 335
117 336 337 386
118 386 385 336
119 337 338 387
120 387 386 337
121 338 339 388
122 388 387 338
123 339 340 389
124 389 388 339
125 340 341 390
126 390 389 340
127 341 342 391
128 391 390 341
129 342 343 392
130 392 391 342
131 343 344 393
132 393 392 343
133 344 345 394
134 394 393 344
135 345 346 395
136 395 394 345
137 346 347 396
138 396 395 346
139 347 348 397
140 397 396 347
141 348 349 398
142 398 397 348
143 349 350 399
144 399 398 349
145 350 351 400
146 400 399 350
147 351 352 401
148 401 400 351
149 352 353 402
150 402 401 352
151 353 354 403
152 403 402 353
153 354 355 404
154 404 403 354
155 355 356 405
156 405 404 355
157 356 357 406
158 406 405 356
159 357 358 407
160 407 406 357
161 358 359 408
162 408 407 358
163 359 360 409
164 409 408 359
165 360 361 410
166 410 409 360
167 361 362 411
168 411 410 361
169 362 363 412
170 412 411 362
171 363 364 413
172 413 412 363
173 364 365 414
174 414 413 364
175 365 366 415
176 415 414 365
177 366 367 416
178 416 415 366
179 367 368 417
180 417 416 367
181 368 369 418
182 418 417 368
183 369 370 419
184 419 418 369
185 370 371 420
186 420 419 370
187 371 372 421
188 421 420 371
189 372 373 422
190 422 421 372
191 373 374 423
192 423 422 373
193 374 375 424
194 424 423 374
195 375 376 425
196 425 424 375
197 376 377 426
198 426 425 376
199 377 62 63
200 63 426 377
201 137 378 427
202 427 136 137
203 378 379 428
204 428 427 378
205 379 380 429
206 429 428 379
207 380 381 430
208 430 429 380
209 381 382 431
210 431 430 381
211 382 383 432
212 432 431 382
213 383 384 433
214 433 432 383
215 384 385 434
216 434 433 384
217 385 386 435
218 435 434 385
219 386 387 436
220 436 435 386
221 387 388 437
222 437 436 387
223 388 389 438
224 438 437 388
225 389 390 439
226 439 438 389
227 390 391 440
228 440 439 390
229 391 392 441
230 441 440 391
231 392 393 442
232 442 441 392
233 393 394 443
234 443 442 393
235 394 395 444
236 444 443 394
237 395 396 445
238 445 444 395
239 396 397 446
240 446 445 396
241 397 398 447
242 447 446 397
243 398 399 448
244 448 447 398
245 399 400 449
246 449 448 399
247 400 401 450
248 450 449 400
249 401 402 451
250 451 450 401
251 402 403 452
252 452 451 402
253 403 404 453
254 453 452 403
255 404 405 454
256 454 453 404
257 405 406 455
258 455 454 405
259 406 407 456
260 456 455 406
261 407 408 457
262 457 456 407
263 408 409 458
264 458 457 408
265 409 410 459
266 459 458 409
267 410 411 460
268 460 459 410
269 411 412 461
270 461 460 411
271 412 413 462
272 462 461 412
273 413 414 463
274 463 462 413
275 414 415 464
276 464 463 414
277 415 416 465
278 465 464 415
279 416 417 466
280 466 465 416
281 417 418 467
282 467 466 417
283 418 419 468
284 468 467 418
285 419 420 469
286 469 468 419
287 420 421 470
288 470 469 420
289 421 422 471
290 471 470 421
291 422 423 472
292 472 471 422
293 423 424 473
294 473 472 423
295 424 425 474
296 474 473 424
297 425 426 475
298 475 474 425
299 426 63 64
300 64 475 426
301 136 427 476
302 476 135 136
303 427 428 477
304 477 476 427
305 428 429 478
306 478 477 428
307 429 430 479
308 479 478 429
309 430 431 480
310 480 479 430
311 431 432 481
312 481 480 431
313 432 433 482
314 482 481 432
315 433 434 483
316 483 482 433
317 434 435 484
318 484 483 434
319 435 436 485
320 485 484 435
321 436 437 486
322 486 485 436
323 437 438 487
324 487 486 437
325 438 439 488
326 488 487 438
327 439 440 489
328 489 488 439
329 440 441 490
330 490 489 440
331 441 442 491
332 491 490 441
333 442 443 492
334 492 491 442
335 443 444 493
336 493 492 443
337 444 445 494
338 494 493 444
339 445 446 495
340 495 494 445
341 446 447 496
342 496 495 446
343 447 448 497
344 497 496 447
345 448 449 498
346 498 497 448
347 449 450 499
348 499 498 449
349 450 451 500
350 500 499 450
351 451 452 501
352 501 500 451
353 452 453 502
354 502 501 452
355 453 454 503
356 503 502 453
357 454 455 504
358 504 503 454
359 455 456 505
360 505 504 455
361 456 457 506
362 506 505 456
363 457 458 507
364 507 506 457
365 458 459 508
366 508 507 458
367 459 460 509
368 509 508 459
369 460 461 510
370 510 509 460
371 461 462 511
372 511 510 461
373 462 463 512
374 512 511 462
375 463 464 513
376 513 512 463
377 464 465 514
378 514 513 464
379 465 466 515
380 515 514 465
381 466 467 516
382 516 515 466
383 467 468 517
384 517 516 467
385 468 469 518
386 518 517 468
387 469 470 519
388 519 518 469
389 470 471 520
390 520 519 470
391 471 472 521
392 521 520 471
393 472 473 522
394 522 521 472
395 473 474 523
396 523 522 473
397 474 475 524
398 524 523 474
399 475 64 65
400 65 524 475
401 135 476 525
402 525 134 135
403 476 477 526
404 526 525 476
405 477 478 527
406 527 526 477
407 478 479 528
408 528 527 478
409 479 480 529
410 529 528 479
411 480 481 530
412 530 529 480
413 481 482 531
414 531 530 481
415 482 483 532
416 532 531 482
417 483 484 533
418 533 532 483
419 484 485 534
420 534 533 484
421 485 486 535
422 535 534 485
423 486 487 536
424 536 535 486
425 487 488 537
426 537 536 487
427 488 489 538
428 538 537 488
429 489 490 539
430 539 538 489
431 490 491 540
432 540 539 490
433 491 492 541
434 541 540 491
435 492 493 542
436 542 541 492
437 493 494 543
438 543 542 493
439 494 495 544
440 544 543 494
441 495 496 545
442 545 544 495
443 496 497 546
444 546 545 496
445 497 498 547
446 547 546 497
447 498 499 548
448 548 547 498
449 499 500 549
450 549 548 499
451 500 501 550
452 550 549 500
453 501 502 551
454 551 550 501
455 502 503 552
456 552 551 502
457 503 504 553
458 553 552 503
459 504 505 554
460 554 553 504
461 505 506 555
462 555 554 505
463 506 507 556
464 556 555 506
465 507 508 557
466 557 556 507
467 508 509 558
468 558 557 508
469 509 510 559
470 559 558 509
471 510 511 560
472 560 559 510
473 511 512 561
474 561 560 511
475 512 513 562
476 562 561 512
477 513 514 563
478 563 562 513
479 514 515 564
480 564 563 514
481 515 516 565
482 565 564 515
483 516 517 566
484 566 565 516
485 517 518 567
486 567 566 517
487 518 519 568
488 568 567 518
489 519 520 569
490 569 568 519
491 520 521 570
492 570 569 520
493 521 522 571
494 571 570 521
495 522 523 572
496 572 571 522
497 523 524 573
498 573 572 523
499 524 65 66
500 66 573 524
501 134 525 574
502 574 133 134
503 525 526 575
504 575 574 525
505 526 527 576
506 576 575 526
507 527 528 577
508 577 576 527
509 528 529 578
510 578 577 528
511 529 530 579
512 579 578 529
513 530 531 580
514 580 579 530
515 531 532 581
516 581 580 531
517 532 533 582
518 582 581 532
519 533 534 583
520 583 582 533
521 534 535 584
522 584 583 534
523 535 536 585
524 585 584 535
525 536 537 586
526 586 585 536
527 537 538 587
528 587 586 537
529 538 539 588
530 588 587 538
531 539 540 589
532 589 588 539
533 540 541 590
534 590 589 540
535 541 542 591
536 591 590 541
537 542 543 592
538 592 591 542
539 543 544 593
540 593 592 543
541 544 545 594
542 594 593 544
543 545 546 595
544 595 594 545
545 546 547 596
546 596 595 546
547 547 548 597
548 597 596 547
549 548 549 598
550 598 597 548
551 549 550 599
552 599 598 549
553 550 551 600
554 600 599 550
555 551 552 601
556 601 600 551
557 552 553 602
558 602 601 552
559 553 554 603
560 603 602 553
561 554 555 604
562 604 603 554
563 555 556 605
564 605 604 555
565 556 557 606
566 606 605 556
567 557 558 607
568 607 606 557
569 558 559 608
570 608 607 558
571 559 560 609
572 609 608 559
573 560 561 610
574 610 609 560
575 561 562 611
576 611 610 561
577 562 563 612
578 612 611 562
579 563 564 613
580 613 612 563
581 564 565 614
582 614 613 564
583 565 566 615
584 615 614 565
585 566 567 616
586 616 615 566
587 567 568 617
588 617 616 567
589 568 569 618
590 618 617 568
591 569 570 619
592 619 618 569
593 570 571 620
594 620 619 570
595 571 572 621
596 621 620 571
597 572 573 622
598 622 621 572
599 573 66 67
600 67 622 573
601 133 574 623
602 623 132 133
603 574 575 624
604 624 623 574
605 575 576 625
606 625 624 575
607 576 577 626
608 626 625 576
609 577 578 627
610 627 626 577
611 578 579 628
612 628 627 578
613 579 580 629
614 629 628 579
615 580 581 630
616 630 629 580
617 581 582 631
618 631 630 581
619 582 583 632
620 632 631 582
621 583 584 633
622 633 632 583
623 584 585 634
624 634 633 584
625 585 586 635
626 635 634 585
627 586 587 636
628 636 635 586
629 587 588 637
630 637 636 587
631 588 589 638
632 638 637 588
633 589 590 639
634 639 638 589
635 590 591 640
636 640 639 590
637 591 592 641
638 641 640 591
639 592 593 642
640 642 641 592
641 593 594 643
642 643 642 593
643 594 595 644
644 644 643 594
645 595 596 645
646 645 644 595
647 596 597 646
648 646 645 596
649 597 598 647
650 647 646 597
651 598 599 648
652 648 647 598
653 599 600 649
654 649 648 599
655 600 601 650
656 650 649 600
657 601 602 651
658 651 650 601
659 602 603 652
660 652 651 602
661 603 604 653
662 653 652 603
663 604 605 654
664 654 653 604
665 605 606 655
666 655 654 605
667 606 607 656
668 656 655 606
669 607 608 657
670 657 656 607
671 608 609 658
672 658 657 608
673 609 610 659
674 659 658 609
675 610 611 660
676 660 659 610
677 611 612 661
678 661 660 611
679 612 613 662
680 662 661 612
681 613 614 663
682 663 662 613
683 614 615 664
684 664 663 614
685 615 616 665
686 665 664 615
687 616 617 666
688 666 665 616
689 617 618 667
690 667 666 617
691 618 619 668
692 668 667 618
693 619 620 669
694 669 668 619
695 620 621 670
696 670 669 620
697 621 622 671
698 671 670 621
699 622 67 68
700 68 671 622
701 132 623 672
702 672 131 132
703 623 624 673
704 673 672 623
705 624 625 674
706 674 673 624
707 625 626 675
708 675 674 625
709 626 627 676
710 676 675 626
711 627 628 677
712 677 676 627
713 628 629 678
714 678 677 628
715 629 630 679
716 679 678 629
717 630 631 680
718 680 679 630
719 631 632 681
720 681 680 631
721 632 633 682
722 682 681 632
723 633 634 683
724 683 682 633
725 634 635 684
726 684 683 634
727 635 636 685
728 685 684 635
729 636 637 686
730 686 685 636
731 637 638 687
732 687 686 637
733 638 639 688
734 688 687 638
735 639 640 689
736 689 688 639
737 640 641 690
738 690 689 640
739 641 642 691
740 691 690 641
741 642 643 692
742 692 691 642
743 643 644 693
744 693 692 643
745 644 645 694
746 694 693 644
747 645 646 695
748 695 694 645
749 646 647 696
750 696 695 646
751 647 648 697
752 697 696 647
753 648 649 698
754 698 697 648
755 649 650 699
756 699 698 649
757 650 651 700
758 700 699 650
759 651 652 701
760 701 700 651
761 652 653 702
762 702 701 652
763 653 654 703
764 703 702 653
765 654 655 704
766 704 703 654
767 655 656 705
768 705 704 655
769 656 657 706
770 706 705 656
771 657 658 707
772 707 706 657
773 658 659 708
774 708 707 658
775 659 660 709
776 709 708 659
777 660 661 710
778 710 709 660
779 661 662 711
780 711 710 661
781 662 663 712
782 712 711 662
783 663 664 713
784 713 712 663
785 664 665 714
786 714 713 664
787 665 666 715
788 715 714 665
789 666 667 716
790 716 715 666
791 667 668 717
792 717 716 667
793 668 669 718
794 718 717 668
795 669 670 719
796 719 718 669
797 670 671 720
798 720 719 670
799 671 68 69
800 69 720 671
801 131 672 721
802 721 130 131
803 672 673 722
804 722 721 672
805 673 674 723
806 723 722 673
807 674 675 724
808 724 723 674
809 675 676 725
810 725 724 675
811 676 677 726
812 726 725 676
813 677 678 727
814 727 726 677
815 678 679 728
816 728 727 678
817 679 680 729
818 729 728 679
819 680 681 730
820 730 729 680
821 681 682 731
822 731 730 681
823 682 683 732
824 732 731 682
825 683 684 733
826 733 732 683
827 684 685 734
828 734 733 684
829 685 686 735
830 735 734 685
831 686 687 736
832 736 735 686
833 687 688 737
834 737 736 687
835 688 689 738
836 738 737 688
837 689 690 739
838 739 738 689
839 690 691 740
840 740 739 690
841 691 692 741
842 741 740 691
843 692 693 742
844 742 741 692
845 693 694 743
846 743 742 693
847 694 695 744
848 744 743 694
849 695 696 745
850 745 744 695
851 696 697 746
852 746 745 696
853 697 698 747
854 747 746 697
855 698 699 748
856 748 747 698
857 699 700 749
858 749 748 699
859 700 701 750
860 750 749 700
861 701 702 751
862 751 750 701
863 702 703 752
864 752 751 702
865 703 704 753
866 753 752 703
867 704 705 754
868 754 753 704
869 705 706 755
870 755 754 705
871 706 707 756
872 756 755 706
873 707 708 757
874 757 756 707
875 708 709 758
876 758 757 708
877 709 710 759
878 759 758 709
879 710 711 760
880 760 759 710
881 711 712 761
882 761 760 711
883 712 713 762
884 762 761 712
885 713 714 763
886 763 762 713
887 714 715 764
888 764 763 714
889 715 716 765
890 765 764 715
891 716 717 766
892 766 765 716
893 717 718 767
894 767 766 717
895 718 719 768
896 768 767 718
897 719 720 769
898 769 768 719
899 720 69 70
900 70 769 720
901 130 721 770
902 770 129 130
903 721 722 771
904 771 770 721
905 722 723 772
906 772 771 722
907 723 724 773
908 773 772 723
909 724 725 774
910 774 773 724
911 725 726 775
912 775 774 725
913 726 727 776
914 776 775 726
915 727 728 777
916 777 776 727
917 728 729 778
918 778 777 728
919 729 730 779
920 779 778 729
921 730 731 780
922 780 779 730
923 731 732 781
924 781 780 731
925 732 733 782
926 782 781 732
927 733 734 783
928 783 782 733
929 734 735 784
930 784 783 734
931 735 736 785
932 785 784 735
933 736 737 786
934 786 785 736
935 737 738 787
936 787 786 737
937 738 739 788
938 788 787 738
939 739 740 789
940 789 788 739
941 740 741 790
942 790 789 740
943 741 742 791
944 791 790 741
945 742 743 792
946 792 791 742
947 743 744 793
948 793 792 743
949 744 745 794
950 794 793 744
951 745 746 795
952 795 794 745
953 746 747 796
954 796 795 746
955 747 748 797
956 797 796 747
957 748 749 798
958 798 797 748
959 749 750 799
960 799 798 749
961 750 751 800
962 800 799 750
963 751 752 801
964 801 800 751
965 752 753 802
966 802 801 752
967 753 754 803
968 803 802 753
969 754 755 804
970 804 803 754
971 755 756 805
972 805 804 755
973 756 757 806
974 806 805 756
975 757 758 807
976 807 806 757
977 758 759 808
978 808 807 758
979 759 760 809
980 809 808 759
981 760 761 810
982 810 809 760
983 761 762 811
984 811 810 761
985 762 763 812
986 812 811 762
987 763 764 813
988 813 812 763
989 764 765 814
990 814 813 764
991 765 766 815
992 815 814 765
993 766 767 816
994 816 815 766
995 767 768 817
996 817 816 767
997 768 769 818
998 818 817 768
999 769 70 71
1000 71 818 769
1001 129 770 819
1002 819 128 129
1003 770 771 820
1004 820 819 770
1005 771 772 821
1006 821 820 771
1007 772 773 822
1008 822 821 772
1009 773 774 823
1010 823 822 773
1011 774 775 824
1012 824 823 774
1013 775 776 825
1014 825 824 775
1015 776 777 826
1016 826 825 776
1017 777 778 827
1018 827 826 777
1019 778 779 828
1020 828 827 778
1021 779 780 829
1022 829 828 779
1023 780 781 830
1024 830 829 780
1025 781 782 831
1026 831 830 781
1027 782 783 832
1028 832 831 782
1029 783 784 833
1030 833 832 783
1031 784 785 834
1032 834 833 784
1033 785 786 835
1034 835 834 785
1035 786 787 836
1036 836 835 786
1037 787 788 837
1038 837 836 787
1039 788 789 838
1040 838 837 788
1041 789 790 839
1042 839 838 789
1043 790 791 840
1044 840 839 790
1045 791 792 841
1046 841 840 791
1047 792 793 842
1048 842 841 792
1049 793 794 843
1050 843 842 793
1051 794 795 844
1052 844 843 794
1053 795 796 845
1054 845 844 795
1055 796 797 846
1056 846 845 796
1057 797 798 847
1058 847 846 797
1059 798 799 848
1060 848 847 798
1061 799 800 849
1062 849 848 799
1063 800 801 850
1064 850 849 800
1065 801 802 851
1066 851 850 801
1067 802 803 852
1068 852 851 802
1069 803 804 853
1070 853 852 803
1071 804 805 854
1072 854 853 804
1073 805 806 855
1074 855 854 805
1075 806 807 856
1076 856 855 806
1077 807 808 857
1078 857 856 807
1079 808 809 858
1080 858 857 808
1081 809 810 859
1082 859 858 809
1083 810 811 860
1084 860 859 810
1085 811 812 861
1086 861 860 811
1087 812 813 862
1088 862 861 812
1089 813 814 863
1090 863 862 813
1091 814 815 864
1092 864 863 814
1093 815 816 865
1094 865 864 815
1095 816 817 866
1096 866 865 816
1097 817 818 867
1098 867 866 817
1099 818 71 72
1100 72 867 818
1101 128 819 868
1102 868 127 128
1103 819 820 869
1104 869 868 819
1105 820 821 870
1106 870 869 820
1107 821 822 871
1108 871 870 821
1109 822 823 872
1110 872 871 822
1111 823 824 873
1112 873 872 823
1113 824 825 874
1114 874 873 824
1115 825 826 875
1116 875 874 825
1117 826 827 876
1118 876 875 826
1119 827 828 877
1120 877 876 827
1121 828 829 878
1122 878 877 828
1123 829 830 879
1124 879 878 829
1125 830 831 880
1126 880 879 830
1127 831 832 881
1128 881 880 831
1129 832 833 882
1130 882 881 832
1131 833 834 883
1132 883 882 833
1133 834 835 884
1134 884 883 834
1135 835 836 885
1136 885 884 835
1137 836 837 886
1138 886 885 836
1139 837 838 887
1140 887 886 837
1141 838 839 888
1142 888 887 838
1143 839 840 889
1144 889 888 839
1145 840 841 890
1146 890 889 840
1147 841 842 891
1148 891 890 841
1149 842 843 892
1150 892 891 842
1151 843 844 893
1152 893 892 843
1153 844 845 894
1154 894 893 844
1155 845 846 895
1156 895 894 845
1157 846 847 896
1158 896 895 846
1159 847 848 897
1160 897 896 847
1161 848 849 898
1162 898 897 848
1163 849 850 899
1164 899 898 849
1165 850 851 900
1166 900 899 850
1167 851 852 901
1168 901 900 851
1169 852 853 902
1170 902 901 852
1171 853 854 903
1172 903 902 853
1173 854 855 904
1174 904 903 854
1175 855 856 905
1176 905 904 855
1177 856 857 906
1178 906 905 856
1179 857 858 907
1180 907 906 857
1181 858 859 908
1182 908 907 858
1183 859 860 909
1184 909 908 859
1185 860 861 910
1186 910 909 860
1187 861 862 911
1188 911 910 861
1189 862 863 912
1190 912 911 862
1191 863 864 913
1192 913 912 863
1193 864 865 914
1194 914 913 864
1195 865 866 915
1196 915 914 865
1197 866 867 916
1198 916 915 866
1199 867 72 73
1200 73 916 867
1201 127 868 917
1202 917 126 127
1203 868 869 918
1204 918 917 868
1205 869 870 919
1206 919 918 869
1207 870 871 920
1208 920 919 870
1209 871 872 921
1210 921 920 871
1211 872 873 922
1212 922 921 872
1213 873 874 923
1214 923 922 873
1215 874 875 924
1216 924 923 874
1217 875 876 925
1218 925 924 875
1219 876 877 926
1220 926 925 876
1221 877 878 927
1222 927 926 877
1223 878 879 928
1224 928 927 878
1225 879 880 929
1226 929 928 879
1227 880 881 930
1228 930 929 880
1229 881 882 931
1230 931 930 881
1231 882 883 932
1232 932 931 882
1233 883 884 933
1234 933 932 883
1235 884 885 934
1236 934 933 884
1237 885 886 935
1238 935 934 885
1239 886 887 936
1240 936 935 886
1241 887 888 937
1242 937 936 887
1243 888 889 938
1244 938 937 888
1245 889 890 939
1246 939 938 889
1247 890 891 940
1248 940 939 890
1249 891 892 941
1250 941 940 891
1251 892 893 942
1252 942 941 892
1253 893 894 943
1254 943 942 893
1255 894 895 944
1256 944 943 894
1257 895 896 945
1258 945 944 895
1259 896 897 946
1260 946 945 896
1261 897 898 947
1262 947 946 897
1263 898 899 948
1264 948 947 898
1265 899 900 949
1266 949 948 899
1267 900 901 950
1268 950 949 900
1269 901 902 951
1270 951 950 901
1271 902 903 952
1272 952 951 902
1273 903 904 953
1274 953 952 903
1275 904 905 954
1276 954 953 904
1277 905 906 955
1278 955 954 905
1279 906 907 956
1280 956 955 906
1281 907 908 957
1282 957 956 907
1283 908 909 958
1284 958 957 908
1285 909 910 959
1286 959 958 909
1287 910 911 960
1288 960 959 910
1289 911 912 961
1290 961 960 911
1291 912 913 962
1292 962 961 912
1293 913 914 963
1294 963 962 913
1295 914 915 964
1296 964 963 914
1297 915 916 965
1298 965 964 915
1299 916 73 74
1300 74 965 916
1301 126 917 966
1302 966 125 126
1303 917 918 967
1304 967 966 917
1305 918 919 968
1306 968 967 918
1307 919 920 969
1308 969 968 919
1309 920 921 970
1310 970 969 920
1311 921 922 971
1312 971 970 921
1313 922 923 972
1314 972 971 922
1315 923 924 973
1316 973 972 923
1317 924 925 974
1318 974 973 924
1319 925 926 975
1320 975 974 925
1321 926 927 976
1322 976 975 926
1323 927 928 977
1324 977 976 927
1325 928 929 978
1326 978 977 928
1327 929 930 979
1328 979 978 929
1329 930 931 980
1330 980 979 930
1331 931 932 981
1332 981 980 931
1333 932 933 982
1334 982 981 932
1335 933 934 983
1336 983 982 933
1337 934 935 984
1338 984 983 934
1339 935 936 985
1340 985 984 935
1341 936 937 986
1342 986 985 936
1343 937 938 987
1344 987 986 937
1345 938 939 988
1346 988 987 938
1347 939 940 989
1348 989 988 939
1349 940 941 990
1350 990 989 940
1351 941 942 991
1352 991 990 941
1353 942 943 992
1354 992 991 942
1355 943 944 993
1356 993 992 943
1357 944 945 994
1358 994 993 944
1359 945 946 995
1360 995 994 945
1361 946 947 996
1362 996 995 946
1363 947 948 997
1364 997 996 947
1365 948 949 998
1366 998 997 948
1367 949 950 999
1368 999 998 949
1369 950 951 1000
1370 1000 999 950
1371 951 952 1001
1372 1001 1000 951
1373 952 953 1002
1374 1002 1001 952
1375 953 954 1003
1376 1003 1002 953
1377 954 955 1004
1378 1004 1003 954
1379 955 956 1005
1380 1005 1004 955
1381 956 957 1006
1382 1006 1005 956
1383 957 958 1007
1384 1007 1006 957
1385 958 959 1008
1386 1008 1007 958
1387 959 960 1009
1388 1009 1008 959
1389 960 961 1010
1390 1010 1009 960
1391 961 962 1011
1392 1011 1010 961
1393 962 963 1012
1394 1012 1011 962
1395 963 964 1013
1396 1013 1012 963
1397 964 965 1014
1398 1014 1013 964
1399 965 74 75
1400 75 1014 965
1401 125 966 124
1402 124 4 125
1403 966 967 123
1404 123 124 966
1405 967 968 122
1406 122 123 967
1407 968 969 121
1408 121 122 968
1409 969 970 120
1410 120 121 969
1411 970 971 119
1412 119 120 970
1413 971 972 118
1414 118 119 971
1415 972 973 117
1416 117 118 972
1417 973 974 116
1418 116 117 973
1419 974 975 115
1420 115 116 974
1421 975 976 114
1422 114 115 975
1423 976 977 113
1424 113 114 976
1425 977 978 112
1426 112 113 977
1427 978 979 111
1428 111 112 978
1429 979 980 110
1430 110 111 979
1431 980 981 109
1432 109 110 980
1433 981 982 108
1434 108 109 981
1435 982 983 107
1436 107 108 982
1437 983 984 106
1438 106 107 983
1439 984 985 105
1440 105 106 984
1441 985 986 104
1442 104 105 985
1443 986 987 103
1444 103 104 986
1445 987 988 102
1446 102 103 987
1447 988 989 101
1448 101 102 988
1449 989 990 100
1450 100 101 989
1451 990 991 99
1452 99 100 990
1453 991 992 98
1454 98 99 991
1455 992 993 97
1456 97 98 992
1457 993 994 96
1458 96 97 993
1459 994 995 95
1460 95 96 994
1461 995 996 94
1462 94 95 995
1463 996 997 93
1464 93 94 996
1465 997 998 92
1466 92 93 997
1467 998 999 91
1468 91 92 998
1469 999 1000 90
1470 90 91 999
1471 1000 1001 89
1472 89 90 1000
1473 1001 1002 88
1474 88 89 1001
1475 1002 1003 87
1476 87 88 1002
1477 1003 1004 86
1478 86 87 1003
1479 1004 1005 85
1480 85 86 1004
1481 1005 1006 84
1482 84 85 1005
1483 1006 1007 83
1484 83 84 1006
1485 1007 1008 82
1486 82 83 1007
1487 1008 1009 81
1488 81 82 1008
1489 1009 1010 80
1490 80 81 1009
1491 1010 1011 79
1492 79 80 1010
1493 1011 1012 78
1494 78 79 1011
1495 1012 1013 77
1496 77 78 1012
1497 1013 1014 76
1498 76 77 1013
1499 1014 75 3
1500 3 76 1014
1501 5 139 1015
1502 1015 264 5
1503 139 140 1016
1504 1016 1015 139
1505 140 141 1017
1506 1017 1016 140
1507 141 142 1018
1508 1018 1017 141
1509 142 143 1019
1510 1019 1018 142
1511 143 144 1020
1512 1020 1019 143
1513 144 145 1021
1514 1021 1020 144
1515 145 146 1022
1516 1022 1021 145
1517 146 147 1023
1518 1023 1022 146
1519 147 148 1024
1520 1024 1023 147
1521 148 149 1025
1522 1025 1024 148
1523 149 150 1026
1524 1026 1025 149
1525 150 151 1027
1526 1027 1026 150
1527 151 152 1028
1528 1028 1027 151
1529 152 153 1029
1530 1029 1028 152
1531 153 154 1030
1532 1030 1029 153
1533 154 155 1031
1534 1031 1030 154
1535 155 156 1032
1536 1032 1031 155
1537 156 157 1033
1538 1033 1032 156
1539 157 158 1034
1540 1034 1033 157
1541 158 159 1035
1542 1035 1034 158
1543 159 160 1036
1544 1036 1035 159
1545 160 161 1037
1546 1037 1036 160
1547 161 162 1038
1548 1038 1037 161
1549 162 163 1039
1550 1039 1038 162
1551 163 164 1040
1552 1040 1039 163
1553 164 165 1041
1554 1041 1040 164
1555 165 166 1042
1556 1042 1041 165
1557 166 167 1043
1558 1043 1042 166
1559 167 168 1044
1560 1044 1043 167
1561 168 169 1045
1562 1045 1044 168
1563 169 170 1046
1564 1046 1045 169
1565 170 171 1047
1566 1047 1046 170
1567 171 172 1048
1568 1048 1047 171
1569 172 173 1049
1570 1049 1048 172
1571 173 174 1050
1572 1050 1049 173
1573 174 175 1051
1574 1051 1050 174
1575 175 176 1052
1576 1052 1051 175
1577 176 177 1053
1578 1053 1052 176
1579 177 178 1054
1580 1054 1053 177
1581 178 179 1055
1582 1055 1054 178
1583 179 180 1056
1584 1056 1055 179
1585 180 181 1057
1586 1057 1056 180
1587 181 182 1058
1588 1058 1057 181
1589 182 183 1059
1590 1059 1058 182
1591 183 184 1060
1592 1060 1059 183
1593 184 185 1061
1594 1061 1060 184
1595 185 186 1062
1596 1062 1061 185
1597 186 187 1063
1598 1063 1062 186
1599 187 6 188
1600 188 1063 187
1601 264 1015 1064
1602 1064 263 264
1603 1015 1016 1065
1604 1065 1064 1015
1605 1016 1017 1066
1606 1066 1065 1016
1607 1017 1018 1067
1608 1067 1066 1017
1609 1018 1019 1068
1610 1068 1067 1018
1611 1019 1020 1069
1612 1069 1068 1019
1613 1020 1021 1070
1614 1070 1069 1020
1615 1021 1022 1071
1616 1071 1070 1021
1617 1022 1023 1072
1618 1072 1071 1022
1619 1023 1024 1073
1620 1073 1072 1023
1621 1024 1025 1074
1622 1074 1073 1024
1623 1025 1026 1075
1624 1075 1074 1025
1625 1026 1027 1076
1626 1076 1075 1026
1627 1027 1028 1077
1628 1077 1076 1027
1629 1028 1029 1078
1630 1078 1077 1028
1631 1029 1030 1079
1632 1079 1078 1029
1633 1030 1031 1080
1634 1080 1079 1030
1635 1031 1032 1081
1636 1081 1080 1031
1637 1032 1033 1082
1638 1082 1081 1032
1639 1033 1034 1083
1640 1083 1082 1033
1641 1034 1035 1084
1642 1084 1083 1034
1643 1035 1036 1085
1644 1085 1084 1035
1645 1036 1037 1086
1646 1086 1085 1036
1647 1037 1038 1087
1648 1087 1086 1037
1649 1038 1039 1088
1650 1088 1087 1038
1651 1039 1040 1089
1652 1089 1088 1039
1653 1040 1041 1090
1654 1090 1089 1040
1655 1041 1042 1091
1656 1091 1090 1041
1657 1042 1043 1092
1658 1092 1091 1042
1659 1043 1044 1093
1660 1093 1092 1043
1661 1044 1045 1094
1662 1094 1093 1044
1663 1045 1046 1095
1664 1095 1094 1045
1665 1046 1047 1096
1666 1096 1095 1046
1667 1047 1048 1097
1668 1097 1096 1047
1669 1048 1049 1098
1670 1098 1097 1048
1671 1049 1050 1099
1672 1099 1098 1049
1673 1050 1051 1100
1674 1100 1099 1050
1675 1051 1052 1101
1676 1101 1100 1051
1677 1052 1053 1102
1678 1102 1101 1052
1679 1053 1054 1103
1680 1103 1102 1053
1681 1054 1055 1104
1682 1104 1103 1054
1683 1055 1056 1105
1684 1105 1104 1055
1685 1056 1057 1106
1686 1106 1105 1056
1687 1057 1058 1107
1688 1107 1106 1057
1689 1058 1059 1108
1690 1108 1107 1058
1691 1059 1060 1109
1692 1109 1108 1059
1693 1060 1061 1110
1694 1110 1109 1060
1695 1061 1062 1111
1696 1111 1110 1061
1697 1062 1063 1112
1698 1112 1111 1062
1699 1063 188 189
1700 189 1112 1063
1701 263 1064 1113
1702 1113 262 263
1703 1064 1065 1114
1704 1114 1113 1064
1705 1065 1066 1115
1706 1115 1114 1065
1707 1066 1067 1116
1708 1116 1115 1066
1709 1067 1068 1117
1710 1117 1116 1067
1711 1068 1069 1118
1712 1118 1117 1068
1713 1069 1070 1119
1714 1119 1118 1069
1715 1070 1071 1120
1716 1120 1119 1070
1717 1071 1072 1121
1718 1121 1120 1071
1719 1072 1073 1122
1720 1122 1121 1072
1721 1073 1074 1123
1722 1123 1122 1073
1723 1074 1075 1124
1724 1124 1123 1074
1725 1075 1076 1125
1726 1125 1124 1075
1727 1076 1077 1126
1728 1126 1125 1076
1729 1077 1078 1127
1730 1127 1126 1077
1731 1078 1079 1128
1732 1128 1127 1078
1733 1079 1080 1129
1734 1129 1128 1079
1735 1080 1081 1130
1736 1130 1129 1080
1737 1081 1082 1131
1738 1131 1130 1081
1739 1082 1083 1132
1740 1132 1131 1082
1741 1083 1084 1133
1742 1133 1132 1083
1743 1084 1085 1134
1744 1134 1133 1084
1745 1085 1086 1135
1746 1135 1134 1085
1747 1086 1087 1136
1748 1136 1135 1086
1749 1087 1088 1137
1750 1137 1136 1087
1751 1088 1089 1138
1752 1138 1137 1088
1753 1089 1090 1139
1754 1139 1138 1089
1755 1090 1091 1140
1756 1140 1139 1090
1757 1091 1092 1141
1758 1141 1140 1091
1759 1092 1093 1142
1760 1142 1141 1092
1761 1093 1094 1143
1762 1143 1142 1093
1763 1094 1095 1144
1764 1144 1143 1094
1765 1095 1096 1145
1766 1145 1144 1095
1767 1096 1097 1146
1768 1146 1145 1096
1769 1097 1098 1147
1770 1147 1146 1097
1771 1098 1099 1148
1772 1148 1147 1098
1773 1099 1100 1149
1774 1149 1148 1099
1775 1100 1101 1150
1776 1150 1149 1100
1777 1101 1102 1151
1778 1151 1150 1101
1779 1102 1103 1152
1780 1152 1151 1102
1781 1103 1104 1153
1782 1153 1152 1103
1783 1104 1105 1154
1784 1154 1153 1104
1785 1105 1106 1155
1786 1155 1154 1105
1787 1106 1107 1156
1788 1156 1155 1106
1789 1107 1108 1157
1790 1157 1156 1107
1791 1108 1109 1158
1792 1158 1157 1108
1793 1109 1110 1159
1794 1159 1158 1109
1795 1110 1111 1160
1796 1160 1159 1110
1797 1111 1112 1161
1798 1161 1160 1111
1799 1112 189 190
1800 190 1161 1112
1801 262 1113 1162
1802 1162 261 262
1803 1113 1114 1163
1804 1163 1162 1113
1805 1114 1115 1164
1806 1164 1163 1114
1807 1115 1116 1165
1808 1165 1164 1115
1809 1116 1117 1166
1810 1166 1165 1116
1811 1117 1118 1167
1812 1167 1166 1117
1813 1118 1119 1168
1814 1168 1167 1118
1815 1119 1120 1169
1816 1169 1168 1119
1817 1120 1121 1170
1818 1170 1169 1120
1819 1121 1122 1171
1820 1171 1170 1121
1821 1122 1123 1172
1822 1172 1171 1122
1823 1123 1124 1173
1824 1173 1172 1123
1825 1124 1125 1174
1826 1174 1173 1124
1827 1125 1126 1175
1828 1175 1174 1125
1829 1126 1127 1176
1830 1176 1175 1126
1831 1127 1128 1177
1832 1177 1176 1127
1833 1128 1129 1178
1834 1178 1177 1128
1835 1129 1130 1179
1836 1179 1178 1129
1837 1130 1131 1180
1838 1180 1179 1130
1839 1131 1132 1181
1840 1181 1180 1131
1841 1132 1133 1182
1842 1182 1181 1132
1843 1133 1134 1183
1844 1183 1182 1133
1845 1134 1135 1184
1846 1184 1183 1134
1847 1135 1136 1185
1848 1185 1184 1135
1849 1136 1137 1186
1850 1186 1185 1136
1851 1137 1138 1187
1852 1187 1186 1137
1853 1138 1139 1188
1854 1188 1187 1138
1855 1139 1140 1189
1856 1189 1188 1139
1857 1140 1141 1190
1858 1190 1189 1140
1859 1141 1142 1191
1860 1191 1190 1141
1861 1142 1143 1192
1862 1192 1191 1142
1863 1143 1144 1193
1864 1193 1192 1143
1865 1144 1145 1194
1866 1194 1193 1144
1867 1145 1146 1195
1868 1195 1194 1145
1869 1146 1147 1196
1870 1196 1195 1146
1871 1147 1148 1197
1872 1197 1196 1147
1873 1148 1149 1198
1874 1198 1197 1148
1875 1149 1150 1199
1876 1199 1198 1149
1877 1150 1151 1200
1878 1200 1199 1150
1879 1151 1152 1201
1880 1201 1200 1151
1881 1152 1153 1202
1882 1202 1201 1152
1883 1153 1154 1203
1884 1203 1202 1153
1885 1154 1155 1204
1886 1204 1203 1154
1887 1155 1156 1205
1888 1205 1204 1155
1889 1156 1157 1206
1890 1206 1205 1156
1891 1157 1158 1207
1892 1207 1206 1157
1893 1158 1159 1208
1894 1208 1207 1158
1895 1159 1160 1209
1896 1209 1208 1159
1897 1160 1161 1210
1898 1210 1209 1160
1899 1161 190 191
1900 191 1210 1161
1901 261 1162 1211
1902 1211 260 261
1903 1162 1163 1212
1904 1212 1211 1162
1905 1163 1164 1213
1906 1213 1212 1163
1907 1164 1165 1214
1908 1214 1213 1164
1909 1165 1166 1215
1910 1215 1214 1165
1911 1166 1167 1216
1912 1216 1215 1166
1913 1167 1168 1217
1914 1217 1216 1167
1915 1168 1169 1218
1916 1218 1217 1168
1917 1169 1170 1219
1918 1219 1218 1169
1919 1170 1171 1220
1920 1220 1219 1170
1921 1171 1172 1221
1922 1221 1220 1171
1923 1172 1173 1222
1924 1222 1221 1172
1925 1173 1174 1223
1926 1223 1222 1173
1927 1174 1175 1224
1928 1224 1223 1174
1929 1175 1176 1225
1930 1225 1224 1175
1931 1176 1177 1226
1932 1226 1225 1176
1933 1177 1178 1227
1934 1227 1226 1177
1935 1178 1179 1228
1936 1228 1227 1178
1937 1179 1180 1229
1938 1229 1228 1179
1939 1180 1181 1230
1940 1230 1229 1180
1941 1181 1182 1231
1942 1231 1230 1181
1943 1182 1183 1232
1944 1232 1231 1182
1945 1183 1184 1233
1946 1233 1232 1183
1947 1184 1185 1234
1948 1234 1233 1184
1949 1185 1186 1235
1950 1235 1234 1185
1951 1186 1187 1236
1952 1236 1235 1186
1953 1187 1188 1237
1954 1237 1236 1187
1955 1188 1189 1238
1956 1238 1237 1188
1957 1189 1190 1239
1958 1239 1238 1189
1959 1190 1191 1240
1960 1240 1239 1190
1961 1191 1192 1241
1962 1241 1240 1191
1963 1192 1193 1242
1964 1242 1241 1192
1965 1193 1194 1243
1966 1243 1242 1193
1967 1194 1195 1244
1968 1244 1243 1194
1969 1195 1196 1245
1970 1245 1244 1195
1971 1196 1197 1246
1972 1246 1245 1196
1973 1197 1198 1247
1974 1247 1246 1197
1975 1198 1199 1248
1976 1248 1247 1198
1977 1199 1200 1249
1978 1249 1248 1199
1979 1200 1201 1250
1980 1250 1249 1200
1981 1201 1202 1251
1982 1251 1250 1201
1983 1202 1203 1252
1984 1252 1251 1202
1985 1203 1204 1253
1986 1253 1252 1203
1987 1204 1205 1254
1988 1254 1253 1204
1989 1205 1206 1255
1990 1255 1254 1205
1991 1206 1207 1256
1992 1256 1255 1206
1993 1207 1208 1257
1994 1257 1256 1207
1995 1208 1209 1258
1996 1258 1257 1208
1997 1209 1210 1259
1998 1259 1258 1209
1999 1210 191 192
2000 192 1259 1210
2001 260 1211 1260
2002 1260 259 260
2003 1211 1212 1261
2004 1261 1260 1211
2005 1212 1213 1262
2006 1262 1261 1212
2007 1213 1214 1263
2008 1263 1262 1213
2009 1214 1215 1264
2010 1264 1263 1214
2011 1215 1216 1265
2012 1265 1264 1215
2013 1216 1217 1266
2014 1266 1265 1216
2015 1217 1218 1267
2016 1267 1266 1217
2017 1218 1219 1268
2018 1268 1267 1218
2019 1219 1220 1269
2020 1269 1268 1219
2021 1220 1221 1270
2022 1270 1269 1220
2023 1221 1222 1271
2024 1271 1270 1221
2025 1222 1223 1272
2026 1272 1271 1222
2027 1223 1224 1273
2028 1273 1272 1223
2029 1224 1225 1274
2030 1274 1273 1224
2031 1225 1226 1275
2032 1275 1274 1225
2033 1226 1227 1276
2034 1276 1275 1226
2035 1227 1228 1277
2036 1277 1276 1227
2037 1228 1229 1278
2038 1278 1277 1228
2039 1229 1230 1279
2040 1279 1278 1229
2041 1230 1231 1280
2042 1280 1279 1230
2043 1231 1232 1281
2044 1281 1280 1231
2045 1232 1233 1282
2046 1282 1281 1232
2047 1233 1234 1283
2048 1283 1282 1233
2049 1234 1235 1284
2050 1284 1283 1234
2051 1235 1236 1285
2052 1285 1284 1235
2053 1236 1237 1286
2054 1286 1285 1236
2055 1237 1238 1287
2056 1287 1286 1237
2057 1238 1239 1288
2058 1288 1287 1238
2059 1239 1240 1289
2060 1289 1288 1239
2061 1240 1241 1290
2062 1290 1289 1240
2063 1241 1242 1291
2064 1291 1290 1241
2065 1242 1243 1292
2066 1292 1291 1242
2067 1243 1244 1293
2068 1293 1292 1243
2069 1244 1245 1294
2070 1294 1293 1244
2071 1245 1246 1295
2072 1295 1294 1245
2073 1246 1247 1296
2074 1296 1295 1246
2075 1247 1248 1297
2076 1297 1296 1247
2077 1248 1249 1298
2078 1298 1297 1248
2079 1249 1250 1299
2080 1299 1298 1249
2081 1250 1251 1300
2082 1300 1299 1250
2083 1251 1252 1301
2084 1301 1300 1251
2085 1252 1253 1302
2086 1302 1301 1252
2087 1253 1254 1303
2088 1303 1302 1253
2089 1254 1255 1304
2090 1304 1303 1254
2091 1255 1256 1305
2092 1305 1304 1255
2093 1256 1257 1306
2094 1306 1305 1256
2095 1257 1258 1307
2096 1307 1306 1257
2097 1258 1259 1308
2098 1308 1307 1258
2099 1259 192 193
2100 193 1308 1259
2101 259 1260 1309
2102 1309 258 259
2103 1260 1261 1310
2104 1310 1309 1260
2105 1261 1262 1311
2106 1311 1310 1261
2107 1262 1263 1312
2108 1312 1311 1262
2109 1263 1264 1313
2110 1313 1312 1263
2111 1264 1265 1314
2112 1314 1313 1264
2113 1265 1266 1315
2114 1315 1314 1265
2115 1266 1267 1316
2116 1316 1315 1266
2117 1267 1268 1317
2118 1317 1316 1267
2119 1268 1269 1318
2120 1318 1317 1268
2121 1269 1270 1319
2122 1319 1318 1269
2123 1270 1271 1320
2124 1320 1319 1270
2125 1271 1272 1321
2126 1321 1320 1271
2127 1272 1273 1322
2128 1322 1321 1272
2129 1273 1274 1323
2130 1323 1322 1273
2131 1274 1275 1324
2132 1324 1323 1274
2133 1275 1276 1325
2134 1325 1324 1275
2135 1276 1277 1326
2136 1326 1325 1276
2137 1277 1278 1327
2138 1327 1326 1277
2139 1278 1279 1328
2140 1328 1327 1278
2141 1279 1280 1329
2142 1329 1328 1279
2143 1280 1281 1330
2144 1330 1329 1280
2145 1281 1282 1331
2146 1331 1330 1281
2147 1282 1283 1332
2148 1332 1331 1282
2149 1283 1284 1333
2150 1333 1332 1283
2151 1284 1285 1334
2152 1334 1333 1284
2153 1285 1286 1335
2154 1335 1334 1285
2155 1286 1287 1336
2156 1336 1335 1286
2157 1287 1288 1337
2158 1337 1336 1287
2159 1288 1289 1338
2160 1338 1337 1288
2161 1289 1290 1339
2162 1339 1338 1289
2163 1290 1291 1340
2164 1340 1339 1290
2165 1291 1292 1341
2166 1341 1340 1291
2167 1292 1293 1342
2168 1342 1341 1292
2169 1293 1294 1343
2170 1343 1342 1293
2171 1294 1295 1344
2172 1344 1343 1294
2173 1295 1296 1345
2174 1345 1344 1295
2175 1296 1297 1346
2176 1346 1345 1296
2177 1297 1298 1347
2178 1347 1346 1297
2179 1298 1299 1348
2180 1348 1347 1298
2181 1299 1300 1349
2182 1349 1348 1299
2183 1300 1301 1350
2184 1350 1349 1300
2185 1301 1302 1351
2186 1351 1350 1301
2187 1302 1303 1352
2188 1352 1351 1302
2189 1303 1304 1353
2190 1353 1352 1303
2191 1304 1305 1354
2192 1354 1353 1304
2193 1305 1306 1355
2194 1355 1354 1305
2195 1306 1307 1356
2196 1356 1355 1306
2197 1307 1308 1357
2198 1357 1356 1307
2199 1308 193 194
2200 194 1357 1308
2201 258 1309 1358
2202 1358 257 258
2203 1309 1310 1359
2204 1359 1358 1309
2205 1310 1311 1360
2206 1360 1359 1310
2207 1311 1312 1361
2208 1361 1360 1311
2209 1312 1313 1362
2210 1362 1361 1312
2211 1313 1314 1363
2212 1363 1362 1313
2213 1314 1315 1364
2214 1364 1363 1314
2215 1315 1316 1365
2216 1365 1364 1315
2217 1316 1317 1366
2218 1366 1365 1316
2219 1317 1318 1367
2220 1367 1366 1317
2221 1318 1319 1368
2222 1368 1367 1318
2223 1319 1320 1369
2224 1369 1368 1319
2225 1320 1321 1370
2226 1370 1369 1320
2227 1321 1322 1371
2228 1371 1370 1321
2229 1322 1323 1372
2230 1372 1371 1322
2231 1323 1324 1373
2232 1373 1372 1323
2233 1324 1325 1374
2234 1374 1373 1324
2235 1325 1326 1375
2236 1375 1374 1325
2237 1326 1327 1376
2238 1376 1375 1326
2239 1327 1328 1377
2240 1377 1376 1327
2241 1328 1329 1378
2242 1378 1377 1328
2243 1329 1330 1379
2244 1379 1378 1329
2245 1330 1331 1380
2246 1380 1379 1330
2247 1331 1332 1381
2248 1381 1380 1331
2249 1332 1333 1382
2250 1382 1381 1332
2251 1333 1334 1383
2252 1383 1382 1333
2253 1334 1335 1384
2254 1384 1383 1334
2255 1335 1336 1385
2256 1385 1384 1335
2257 1336 1337 1386
2258 1386 1385 1336
2259 1337 1338 1387
2260 1387 1386 1337
2261 1338 1339 1388
2262 1388 1387 1338
2263 1339 1340 1389
2264 1389 1388 1339
2265 1340 1341 1390
2266 1390 1389 1340
2267 1341 1342 1391
2268 1391 1390 1341
2269 1342 1343 1392
2270 1392 1391 1342
2271 1343 1344 1393
2272 1393 1392 1343
2273 1344 1345 1394
2274 1394 1393 1344
2275 1345 1346 1395
2276 1395 1394 1345
2277 1346 1347 1396
2278 1396 1395 1346
2279 1347 1348 1397
2280 1397 1396 1347
2281 1348 1349 1398
2282 1398 1397 1348
2283 1349 1350 1399
2284 1399 1398 1349
2285 1350 1351 1400
2286 1400 1399 1350
2287 1351 1352 1401
2288 1401 1400 1351
2289 1352 1353 1402
2290 1402 1401 1352
2291 1353 1354 1403
2292 1403 1402 1353
2293 1354 1355 1404
2294 1404 1403 1354
2295 1355 1356 1405
2296 1405 1404 1355
2297 1356 1357 1406
2298 1406 1405 1356
2299 1357 194 195
2300 195 1406 1357
2301 257 1358 1407
2302 1407 256 257
2303 1358 1359 1408
2304 1408 1407 1358
2305 1359 1360 1409
2306 1409 1408 1359
2307 1360 1361 1410
2308 1410 1409 1360
2309 1361 1362 1411
2310 1411 1410 1361
2311 1362 1363 1412
2312 1412 1411 1362
2313 1363 1364 1413
2314 1413 1412 1363
2315 1364 1365 1414
2316 1414 1413 1364
2317 1365 1366 1415
2318 1415 1414 1365
2319 1366 1367 1416
2320 1416 1415 1366
2321 1367 1368 1417
2322 1417 1416 1367
2323 1368 1369 1418
2324 1418 1417 1368
2325 1369 1370 1419
2326 1419 1418 1369
2327 1370 1371 1420
2328 1420 1419 1370
2329 1371 1372 1421
2330 1421 1420 1371
2331 1372 1373 1422
2332 1422 1421 1372
2333 1373 1374 1423
2334 1423 1422 1373
2335 1374 1375 1424
2336 1424 1423 1374
2337 1375 1376 1425
2338 1425 1424 1375
2339 1376 1377 1426
2340 1426 1425 1376
2341 1377 1378 1427
2342 1427 1426 1377
2343 1378 1379 1428
2344 1428 1427 1378
2345 1379 1380 1429
2346 1429 1428 1379
2347 1380 1381 1430
2348 1430 1429 1380
2349 1381 1382 1431
2350 1431 1430 1381
2351 1382 1383 1432
2352 1432 1431 1382
2353 1383 1384 1433
2354 1433 1432 1383
2355 1384 1385 1434
2356 1434 1433 1384
2357 1385 1386 1435
2358 1435 1434 1385
2359 1386 1387 1436
2360 1436 1435 1386
2361 1387 1388 1437
2362 1437 1436 1387
2363 1388 1389 1438
2364 1438 1437 1388
2365 1389 1390 1439
2366 1439 1438 1389
2367 1390 1391 1440
2368 1440 1439 1390
2369 1391 1392 1441
2370 1441 1440 1391
2371 1392 1393 1442
2372 1442 1441 1392
2373 1393 1394 1443
2374 1443 1442 1393
2375 1394 1395 1444
2376 1444 1443 1394
2377 1395 1396 1445
2378 1445 1444 1395
2379 1396 1397 1446
2380 1446 1445 1396
2381 1397 1398 1447
2382 1447 1446 1397
2383 1398 1399 1448
2384 1448 1447 1398
2385 1399 1400 1449
2386 1449 1448 1399
2387 1400 1401 1450
2388 1450 1449 1400
2389 1401 1402 1451
2390 1451 1450 1401
2391 1402 1403 1452
2392 1452 1451 1402
2393 1403 1404 1453
2394 1453 1452 1403
2395 1404 1405 1454
2396 1454 1453 1404
2397 1405 1406 1455
2398 1455 1454 1405
2399 1406 195 196
2400 196 1455 1406
2401 256 1407 1456
2402 1456 255 256
2403 1407 1408 1457
2404 1457 1456 1407
2405 1408 1409 1458
2406 1458 1457 1408
2407 1409 1410 1459
2408 1459 1458 1409
2409 1410 1411 1460
2410 1460 1459 1410
2411 1411 1412 1461
2412 1461 1460 1411
2413 1412 1413 1462
2414 1462 1461 1412
2415 1413 1414 1463
2416 1463 1462 1413
2417 1414 1415 1464
2418 1464 1463 1414
2419 1415 1416 1465
2420 1465 1464 1415
2421 1416 1417 1466
2422 1466 1465 1416
2423 1417 1418 1467
2424 1467 1466 1417
2425 1418 1419 1468
2426 1468 1467 1418
2427 1419 1420 1469
2428 1469 1468 1419
2429 1420 1421 1470
2430 1470 1469 1420
2431 1421 1422 1471
2432 1471 1470 1421
2433 1422 1423 1472
2434 1472 1471 1422
2435 1423 1424 1473
2436 1473 1472 1423
2437 1424 1425 1474
2438 1474 1473 1424
2439 1425 1426 1475
2440 1475 1474 1425
2441 1426 1427 1476
2442 1476 1475 1426
2443 1427 1428 1477
2444 1477 1476 1427
2445 1428 1429 1478
2446 1478 1477 1428
2447 1429 1430 1479
2448 1479 1478 1429
2449 1430 1431 1480
2450 1480 1479 1430
2451 1431 1432 1481
2452 1481 1480 1431
2453 1432 1433 1482
2454 1482 1481 1432
2455 1433 1434 1483
2456 1483 1482 1433
2457 1434 1435 1484
2458 1484 1483 1434
2459 1435 1436 1485
2460 1485 1484 1435
2461 1436 1437 1486
2462 1486 1485 1436
2463 1437 1438 1487
2464 1487 1486 1437
2465 1438 1439 1488
2466 1488 1487 1438
2467 1439 1440 1489
2468 1489 1488 1439
2469 1440 1441 1490
2470 1490 1489 1440
2471 1441 1442 1491
2472 1491 1490 1441
2473 1442 1443 1492
2474 1492 1491 1442
2475 1443 1444 1493
2476 1493 1492 1443
2477 1444 1445 1494
2478 1494 1493 1444
2479 1445 1446 1495
2480 1495 1494 1445
2481 1446 1447 1496
2482 1496 1495 1446
2483 1447 1448 1497
2484 1497 1496 1447
2485 1448 1449 1498
2486 1498 1497 1448
2487 1449 1450 1499
2488 1499 1498 1449
2489 1450 1451 1500
2490 1500 1499 1450
2491 1451 1452 1501
2492 1501 1500 1451
2493 1452 1453 1502
2494 1502 1501 1452
2495 1453 1454 1503
2496 1503 1502 1453
2497 1454 1455 1504
2498 1504 1503 1454
2499 1455 196 197
2500 197 1504 1455
2501 255 1456 1505
2502 1505 254 255
2503 1456 1457 1506
2504 1506 1505 1456
2505 1457 1458 1507
2506 1507 1506 1457
2507 1458 1459 1508
2508 1508 1507 1458
2509 1459 1460 1509
2510 1509 1508 1459
2511 1460 1461 1510
2512 1510 1509 1460
2513 1461 1462 1511
2514 1511 1510 1461
2515 1462 1463 1512
2516 1512 1511 1462
2517 1463 1464 1513
2518 1513 1512 1463
2519 1464 1465 1514
2520 1514 1513 1464
2521 1465 1466 1515
2522 1515 1514 1465
2523 1466 1467 1516
2524 1516 1515 1466
2525 1467 1468 1517
2526 1517 1516 1467
2527 1468 1469 1518
2528 1518 1517 1468
2529 1469 1470 1519
2530 1519 1518 1469
2531 1470 1471 1520
2532 1520 1519 1470
2533 1471 1472 1521
2534 1521 1520 1471
2535 1472 1473 1522
2536 1522 1521 1472
2537 1473 1474 1523
2538 1523 1522 1473
2539 1474 1475 1524
2540 1524 1523 1474
2541 1475 1476 1525
2542 1525 1524 1475
2543 1476 1477 1526
2544 1526 1525 1476
2545 1477 1478 1527
2546 1527 1526 1477
2547 1478 1479 1528
2548 1528 1527 1478
2549 1479 1480 1529
2550 1529 1528 1479
2551 1480 1481 1530
2552 1530 1529 1480
2553 1481 1482 1531
2554 1531 1530 1481
2555 1482 1483 1532
2556 1532 1531 1482
2557 1483 1484 1533
2558 1533 1532 1483
2559 1484 1485 1534
2560 1534 1533 1484
2561 1485 1486 1535
2562 1535 1534 1485
2563 1486 1487 1536
2564 1536 1535 1486
2565 1487 1488 1537
2566 1537 1536 1487
2567 1488 1489 1538
2568 1538 1537 1488
2569 1489 1490 1539
2570 1539 1538 1489
2571 1490 1491 1540
2572 1540 1539 1490
2573 1491 1492 1541
2574 1541 1540 1491
2575 1492 1493 1542
2576 1542 1541 1492
2577 1493 1494 1543
2578 1543 1542 1493
2579 1494 1495 1544
2580 1544 1543 1494
2581 1495 1496 1545
2582 1545 1544 1495
2583 1496 1497 1546
2584 1546 1545 1496
2585 1497 1498 1547
2586 1547 1546 1497
2587 1498 1499 1548
2588 1548 1547 1498
2589 1499 1500 1549
2590 1549 1548 1499
2591 1500 1501 1550
2592 1550 1549 1500
2593 1501 1502 1551
2594 1551 1550 1501
2595 1502 1503 1552
2596 1552 1551 1502
2597 1503 1504 1553
2598 1553 1552 1503
2599 1504 197 198
2600 198 1553 1504
2601 254 1505 1554
2602 1554 253 254
2603 1505 1506 1555
2604 1555 1554 1505
2605 1506 1507 1556
2606 1556 1555 1506
2607 1507 1508 1557
2608 1557 1556 1507
2609 1508 1509 1558
2610 1558 1557 1508
2611 1509 1510 1559
2612 1559 1558 1509
2613 1510 1511 1560
2614 1560 1559 1510
2615 1511 1512 1561
2616 1561 1560 1511
2617 1512 1513 1562
2618 1562 1561 1512
2619 1513 1514 1563
2620 1563 1562 1513
2621 1514 1515 1564
2622 1564 1563 1514
2623 1515 1516 1565
2624 1565 1564 1515
2625 1516 1517 1566
2626 1566 1565 1516
2627 1517 1518 1567
2628 1567 1566 1517
2629 1518 1519 1568
2630 1568 1567 1518
2631 1519 1520 1569
2632 1569 1568 1519
2633 1520 1521 1570
2634 1570 1569 1520
2635 1521 1522 1571
2636 1571 1570 1521
2637 1522 1523 1572
2638 1572 1571 1522
2639 1523 1524 1573
2640 1573 1572 1523
2641 1524 1525 1574
2642 1574 1573 1524
2643 1525 1526 1575
2644 1575 1574 1525
2645 1526 1527 1576
2646 1576 1575 1526
2647 1527 1528 1577
2648 1577 1576 1527
2649 1528 1529 1578
2650 1578 1577 1528
2651 1529 1530 1579
2652 1579 1578 1529
2653 1530 1531 1580
2654 1580 1579 1530
2655 1531 1532 1581
2656 1581 1580 1531
2657 1532 1533 1582
2658 1582 1581 1532
2659 1533 1534 1583
2660 1583 1582 1533
2661 1534 1535 1584
2662 1584 1583 1534
2663 1535 1536 1585
2664 1585 1584 1535
2665 1536 1537 1586
2666 1586 1585 1536
2667 1537 1538 1587
2668 1587 1586 1537
2669 1538 1539 1588
2670 1588 1587 1538
2671 1539 1540 1589
2672 1589 1588 1539
2673 1540 1541 1590
2674 1590 1589 1540
2675 1541 1542 1591
2676 1591 1590 1541
2677 1542 1543 1592
2678 1592 1591 1542
2679 1543 1544 1593
2680 1593 1592 1543
2681 1544 1545 1594
2682 1594 1593 1544
2683 1545 1546 1595
2684 1595 1594 1545
2685 1546 1547 1596
2686 1596 1595 1546
2687 1547 1548 1597
2688 1597 1596 1547
2689 1548 1549 1598
2690 1598 1597 1548
2691 1549 1550 1599
2692 1599 1598 1549
2693 1550 1551 1600
2694 1600 1599 1550
2695 1551 1552 1601
2696 1601 1600 1551
2697 1552 1553 1602
2698 1602 1601 1552
2699 1553 198 199
2700 199 1602 1553
2701 253 1554 1603
2702 1603 252 253
2703 1554 1555 1604
2704 1604 1603 1554
2705 1555 1556 1605
2706 1605 1604 1555
2707 1556 1557 1606
2708 1606 1605 1556
2709 1557 1558 1607
2710 1607 1606 1557
2711 1558 1559 1608
2712 1608 1607 1558
2713 1559 1560 1609
2714 1609 1608 1559
2715 1560 1561 1610
2716 1610 1609 1560
2717 1561 1562 1611
2718 1611 1610 1561
2719 1562 1563 1612
2720 1612 1611 1562
2721 1563 1564 1613
2722 1613 1612 1563
2723 1564 1565 1614
2724 1614 1613 1564
2725 1565 1566 1615
2726 1615 1614 1565
2727 1566 1567 1616
2728 1616 1615 1566
2729 1567 1568 1617
2730 1617 1616 1567
2731 1568 1569 1618
2732 1618 1617 1568
2733 1569 1570 1619
2734 1619 1618 1569
2735 1570 1571 1620
2736 1620 1619 1570
2737 1571 1572 1621
2738 1621 1620 1571
2739 1572 1573 1622
2740 1622 1621 1572
2741 1573 1574 1623
2742 1623 1622 1573
2743 1574 1575 1624
2744 1624 1623 1574
2745 1575 1576 1625
2746 1625 1624 1575
2747 1576 1577 1626
2748 1626 1625 1576
2749 1577 1578 1627
2750 1627 1626 1577
2751 1578 1579 1628
2752 1628 1627 1578
2753 1579 1580 1629
2754 1629 1628 1579
2755 1580 1581 1630
2756 1630 1629 1580
2757 1581 1582 1631
2758 1631 1630 1581
2759 1582 1583 1632
2760 1632 1631 1582
2761 1583 1584 1633
2762 1633 1632 1583
2763 1584 1585 1634
2764 1634 1633 1584
2765 1585 1586 1635
2766 1635 1634 1585
2767 1586 1587 1636
2768 1636 1635 1586
2769 1587 1588 1637
2770 1637 1636 1587
2771 1588 1589 1638
2772 1638 1637 1588
2773 1589 1590 1639
2774 1639 1638 1589
2775 1590 1591 1640
2776 1640 1639 1590
2777 1591 1592 1641
2778 1641 1640 1591
2779 1592 1593 1642
2780 1642 1641 1592
2781 1593 1594 1643
2782 1643 1642 1593
2783 1594 1595 1644
2784 1644 1643 1594
2785 1595 1596 1645
2786 1645 1644 1595
2787 1596 1597 1646
2788 1646 1645 1596
2789 1597 1598 1647
2790 1647 1646 1597
2791 1598 1599 1648
2792 1648 1647 1598
2793 1599 1600 1649
2794 1649 1648 1599
2795 1600 1601 1650
2796 1650 1649 1600
2797 1601 1602 1651
2798 1651 1650 1601
2799 1602 199 200
2800 200 1651 1602
2801 252 1603 1652
2802 1652 251 252
2803 1603 1604 1653
2804 1653 1652 1603
2805 1604 1605 1654
2806 1654 1653 1604
2807 1605 1606 1655
2808 1655 1654 1605
2809 1606 1607 1656
2810 1656 1655 1606
2811 1607 1608 1657
2812 1657 1656 1607
2813 1608 1609 1658
2814 1658 1657 1608
2815 1609 1610 1659
2816 1659 1658 1609
2817 1610 1611 1660
2818 1660 1659 1610
2819 1611 1612 1661
2820 1661 1660 1611
2821 1612 1613 1662
2822 1662 1661 1612
2823 1613 1614 1663
2824 1663 1662 1613
2825 1614 1615 1664
2826 1664 1663 1614
2827 1615 1616 1665
2828 1665 1664 1615
2829 1616 1617 1666
2830 1666 1665 1616
2831 1617 1618 1667
2832 1667 1666 1617
2833 1618 1619 1668
2834 1668 1667 1618
2835 1619 1620 1669
2836 1669 1668 1619
2837 1620 1621 1670
2838 1670 1669 1620
2839 1621 1622 1671
2840 1671 1670 1621
2841 1622 1623 1672
2842 1672 1671 1622
2843 1623 1624 1673
2844 1673 1672 1623
2845 1624 1625 1674
2846 1674 1673 1624
2847 1625 1626 1675
2848 1675 1674 1625
2849 1626 1627 1676
2850 1676 1675 1626
2851 1627 1628 1677
2852 1677 1676 1627
2853 1628 1629 1678
2854 1678 1677 1628
2855 1629 1630 1679
2856 1679 1678 1629
2857 1630 1631 1680
2858 1680 1679 1630
2859 1631 1632 1681
2860 1681 1680 1631
2861 1632 1633 1682
2862 1682 1681 1632
2863 1633 1634 1683
2864 1683 1682 1633
2865 1634 1635 1684
2866 1684 1683 1634
2867 1635 1636 1685
2868 1685 1684 1635
2869 1636 1637 1686
2870 1686 1685 1636
2871 1637 1638 1687
2872 1687 1686 1637
2873 1638 1639 1688
2874 1688 1687 1638
2875 1639 1640 1689
2876 1689 1688 1639
2877 1640 1641 1690
2878 1690 1689 1640
2879 1641 1642 1691
2880 1691 1690 1641
2881 1642 1643 1692
2882 1692 1691 1642
2883 1643 1644 1693
2884 1693 1692 1643
2885 1644 1645 1694
2886 1694 1693 1644
2887 1645 1646 1695
2888 1695 1694 1645
2889 1646 1647 1696
2890 1696 1695 1646
2891 1647 1648 1697
2892 1697 1696 1647
2893 1648 1649 1698
2894 1698 1697 1648
2895 1649 1650 1699
2896 1699 1698 1649
2897 1650 1651 1700
2898 1700 1699 1650
2899 1651 200 201
2900 201 1700 1651
2901 251 1652 250
2902 250 8 251
2903 1652 1653 249
2904 249 250 1652
2905 1653 1654 248
2906 248 249 1653
2907 1654 1655 247
2908 247 248 1654
2909 1655 1656 246
2910 246 247 1655
2911 1656 1657 245
2912 245 246 1656
2913 1657 1658 244
2914 244 245 1657
2915 1658 1659 243
2916 243 244 1658
2917 1659 1660 242
2918 242 243 1659
2919 1660 1661 241
2920 241 242 1660
2921 1661 1662 240
2922 240 241 1661
2923 1662 1663 239
2924 239 240 1662
2925 1663 1664 238
2926 238 239 1663
2927 1664 1665 237
2928 237 238 1664
2929 1665 1666 236
2930 236 237 1665
2931 1666 1667 235
2932 235 236 1666
2933 1667 1668 234
2934 234 235 1667
2935 1668 1669 233
2936 233 234 1668
2937 1669 1670 232
2938 232 233 1669
2939 1670 1671 231
2940 231 232 1670
2941 1671 1672 230
2942 230 231 1671
2943 1672 1673 229
2944 229 230 1672
2945 1673 1674 228
2946 228 229 1673
2947 1674 1675 227
2948 227 228 1674
2949 1675 1676 226
2950 226 227 1675
2951 1676 1677 225
2952 225 226 1676
2953 1677 1678 224
2954 224 225 1677
2955 1678 1679 223
2956 223 224 1678
2957 1679 1680 222
2958 222 223 1679
2959 1680 1681 221
2960 221 222 1680
2961 1681 1682 220
2962 220 221 1681
2963 1682 1683 219
2964 219 220 1682
2965 1683 1684 218
2966 218 219 1683
2967 1684 1685 217
2968 217 218 1684
2969 1685 1686 216
2970 216 217 1685
2971 1686 1687 215
2972 215 216 1686
2973 1687 1688 214
2974 214 215 1687
2975 1688 1689 213
2976 213 214 1688
2977 1689 1690 212
2978 212 213 1689
2979 1690 1691 211
2980 211 212 1690
2981 1691 1692 210
2982 210 211 1691
2983 1692 1693 209
2984 209 210 1692
2985 1693 1694 208
2986 208 209 1693
2987 1694 1695 207
2988 207 208 1694
2989 1695 1696 206
2990 206 207 1695
2991 1696 1697 205
2992 205 206 1696
2993 1697 1698 204
2994 204 205 1697
2995 1698 1699 203
2996 203 204 1698
2997 1699 1700 202
2998 202 203 1699
2999 1700 201 7
3000 7 202 1700
3001 2052 187 186
3002 1968 1967 327
3003 1967 1952 326
3004 1953 323 324
3005 1969 322 1966
3006 1959 319 320
3007 2102 1972 316
3008 1970 317 318
3009 1973 186 185
3010 2264 2204 1701
3011 2203 2167 2143
3012 2551 2495 1713
3013 2472 2411 2356
3014 2177 2172 1725
3015 2158 1742 2148
3016 2308 1754 2276
3017 2697 2678 1776
3018 2521 2435 1778
3019 2404 2340 2281
3020 2513 2329 2393
3021 2089 1975 1802
3022 2393 1974 2089
3023 1975 35 34
3024 2265 2208 1802
3025 2205 2168 2144
3026 2466 1778 2402
3027 2674 2634 1767
3028 2366 2313 1743
3029 2134 1951 2110
3030 1950 11 1725
3031 2132 1976 1720
3032 2130 2051 2127
3033 2111 314 2101
3034 2104 2101 1972
3035 2186 2165 2104
3036 2165 2141 2104
3037 2170 2146 2106
3038 2173 2149 2130
3039 2175 2151 2132
3040 2132 1725 1976
3041 1976 11 309
3042 1977 185 184
3043 2053 1706 1977
3044 2703 2663 1712
3045 2664 1718 2605
3046 2295 2237 1724
3047 2314 2271 1740
3048 2315 1753 2238
3049 2515 1765 2432
3050 2730 1777 2697
3051 2603 2497 2486
3052 2815 2746 2563
3053 2303 2211 1813
3054 1979 39 38
3055 1979 1978 39
3056 2266 2211 1824
3057 1981 1980 182
3058 1981 1711 1980
3059 2894 1716 2586
3060 2055 1983 178
3061 1985 1984 176
3062 2056 175 174
3063 2056 1737 1985
3064 1986 174 173
3065 2057 1748 1986
3066 2189 2159 1760
3067 2457 2419 2413
3068 2567 2434 2484
3069 2738 2679 2710
3070 2851 2844 1807
3071 2826 1820 2802
3072 2688 2670 1832
3073 2547 2490 1855
3074 2289 2230 1856
3075 2311 1868 2251
3076 2084 49 48
3077 2084 1879 1987
3078 1988 48 47
3079 2085 1868 1988
3080 2196 2163 1856
3081 2456 2416 2414
3082 2568 2433 2485
3083 2739 2680 2711
3084 2852 2845 1809
3085 2827 1796 2801
3086 2687 2669 1784
3087 2550 2493 1761
3088 2293 2234 1760
3089 2310 1748 2241
3090 2241 2135 2189
3091 2135 1748 2113
3092 1989 172 171
3093 1990 1989 171
3094 2446 2297 2334
3095 2474 2219 2339
3096 2606 1795 2484
3097 2798 2761 2755
3098 2850 1819 2837
3099 2810 2784 1831
3100 2713 2682 1854
3101 2490 2441 1855
3102 2542 2479 2421
3103 2423 2318 2383
3104 2083 1991 52
3105 1992 1987 1879
3106 1992 50 1987
3107 1990 1759 1989
3108 1993 169 168
3109 2398 1994 1781
3110 2114 2059 1995
3111 2267 2212 1792
3112 2061 1997 1814
3113 2394 1996 2061
3114 1997 161 160
3115 2268 2207 1814
3116 2206 2169 2145
3117 2467 1838 2403
3118 2706 1850 2635
3119 2822 2805 1861
3120 2832 1873 2776
3121 2847 2831 2760
3122 2681 2620 1898
3123 2512 2437 1910
3124 2406 2344 2283
3125 2898 2079 1934
3126 2080 61 60
3127 1998 288 61
3128 1999 60 59
3129 2269 2202 1934
3130 2201 2166 2142
3131 2381 2321 2290
3132 2549 2440 2519
3133 2732 2698 2643
3134 2885 2777 2833
3135 2873 2858 1862
3136 2766 2729 2640
3137 2522 2436 1838
3138 2405 2341 2282
3139 2514 2330 2394
3140 2324 2207 2262
3141 2262 2207 2169
3142 2000 160 159
3143 2062 1825 2000
3144 2589 1836 2587
3145 2647 1849 2616
3146 2728 1860 2695
3147 2780 2641 2741
3148 2860 2807 2834
3149 2830 1897 2803
3150 2726 2699 1909
3151 2677 2535 2580
3152 2078 2024 284
3153 2079 2001 286
3154 2003 2002 157
3155 2003 1836 2002
3156 2895 1847 2587
3157 2064 2005 153
3158 2007 2006 151
3159 2065 150 149
3160 2065 1869 2007
3161 2008 149 148
3162 2066 1880 2008
3163 2197 2161 1892
3164 2508 2369 2417
3165 2701 1916 2656
3166 2450 2073 1928
3167 2074 2010 1929
3168 2074 1928 2009
3169 2010 276 277
3170 2011 2010 277
3171 2778 2719 2748
3172 2835 2809 2779
3173 2846 2803 1896
3174 2878 1896 2863
3175 2834 2807 1884
3176 2714 2628 2683
3177 2560 2442 2492
3178 2478 2231 2352
3179 2252 2137 2197
3180 2161 2137 1891
3181 2012 147 146
3182 2013 2012 146
3183 2448 2301 2331
3184 2408 2229 2349
3185 2891 1927 2579
3186 2073 2014 273
3187 2013 1891 2012
3188 2015 144 143
3189 2395 2016 1913
3190 2117 2068 2017
3191 2069 265 266
3192 2018 2017 140
3193 2019 266 267
3194 2182 2019 2070
3195 2227 2156 2218
3196 2459 1913 2227
3197 2067 2015 1902
3198 2020 268 269
3199 2288 2020 2071
3200 2229 1914 2218
3201 2021 270 271
3202 2022 279 280
3203 2076 2022 280
3204 2582 2461 2535
3205 2808 2650 2726
3206 2023 281 282
3207 2077 2023 282
3208 2677 2580 2496
3209 2024 283 284
3210 2025 59 58
3211 2081 1923 2025
3212 2299 2194 2249
3213 2350 2290 2232
3214 2611 2519 2559
3215 2781 2769 1876
3216 2848 2841 1863
3217 2854 2838 1840
3218 2731 1839 2696
3219 2604 2498 2487
3220 2816 2747 2564
3221 2304 2212 1803
3222 2026 1995 165
3223 2028 2027 56
3224 2028 1912 2027
3225 2892 1901 2194
3226 2128 1991 1890
3227 2250 2139 1890
3228 2383 2318 1890
3229 2594 2420 2481
3230 2636 2559 2594
3231 2420 2409 1889
3232 2409 2232 1889
3233 2198 2162 2139
3234 2162 1901 2139
3235 2892 2028 2082
3236 2030 46 45
3237 2031 2030 45
3238 2449 2300 2332
3239 2475 2220 2338
3240 2607 1821 2485
3241 2799 2762 2756
3242 2849 1797 2836
3243 2763 1786 2727
3244 2655 1774 2575
3245 2493 2443 1761
3246 2576 2541 1739
3247 2502 1737 2427
3248 1984 177 176
3249 2031 1857 2030
3250 2032 43 42
3251 2396 2033 1835
3252 2087 1835 2033
3253 2154 2129 1824
3254 2211 2180 1824
3255 2469 2337 1812
3256 2631 2607 2500
3257 2338 2280 1822
3258 2338 2220 2280
3259 2273 2154 2214
3260 2285 1835 2273
3261 2033 2032 42
3262 2034 34 33
3263 2090 1791 2034
3264 2590 1780 2584
3265 2648 1767 2617
3266 2505 2361 1755
3267 2270 2209 2178
3268 1951 10 1726
3269 11 1726 10
3270 2036 2035 31
3271 2036 1780 2035
3272 2893 1769 2584
3273 2092 2038 27
3274 2040 2039 25
3275 2093 24 23
3276 2093 1747 2040
3277 2041 23 22
3278 2094 1731 2041
3279 2191 2160 1733
3280 2510 2431 2388
3281 2225 2215 1943
3282 1964 1948 1955
3283 1954 299 300
3284 2097 1954 300
3285 2042 301 302
3286 2185 2171 1943
3287 2358 2278 1734
3288 2292 2233 1733
3289 2309 1731 2242
3290 2242 2136 2191
3291 2136 1731 2121
3292 2043 21 20
3293 2044 2043 20
3294 2447 2298 2333
3295 2407 2228 2348
3296 2890 1963 1948
3297 1964 297 298
3298 2044 1732 2043
3299 2045 18 17
3300 2397 2046 1940
3301 2122 2096 2047
3302 1960 13 289
3303 2048 13 1960
3304 1956 290 291
3305 2181 1956 1961
3306 2226 2155 2217
3307 2458 1940 2226
3308 2095 2045 1935
3309 1957 292 293
3310 2346 1962 2287
3311 2228 1941 2217
3312 1958 294 295
3313 2097 2042 1949
3314 2123 2049 2105
3315 2174 2147 2131
3316 2307 2216 2277
3317 2468 2399 2335
3318 2503 1747 2426
3319 2039 26 25
3320 2124 2049 305
3321 2131 2124 2050
3322 2176 2150 2133
3323 2317 2277 2236
3324 2499 1746 2455
3325 2652 2462 1758
3326 2452 2037 2038
3327 2125 2050 307
3328 2099 308 10
3329 2209 2152 2178
3330 2438 2363 1744
3331 2573 1757 2525
3332 2536 1769 2462
3333 2893 2036 2091
3334 1965 1959 320
3335 2108 1966 1703
3336 1966 1953 1703
3337 2897 1967 1701
3338 2167 1706 2143
3339 2326 2204 2258
3340 2255 1708 2164
3341 2199 2140 2164
3342 2140 1704 2108
3343 2200 2164 1703
3344 2551 2328 1712
3345 2316 2255 1707
3346 2355 2294 1713
3347 2235 1709 2199
3348 2111 2100 313
3349 2106 1715 2100
3350 2143 2112 1711
3351 2552 2495 1718
3352 2495 2445 1713
3353 2051 310 311
3354 2130 1720 2051
3355 2894 1981 2054
3356 2663 2586 2537
3357 2585 2537 2463
3358 2494 2444 1723
3359 2412 2362 1740
3360 2429 2377 1752
3361 2693 2692 1774
3362 2764 1775 2727
3363 2704 2667 1788
3364 2722 2675 2708
3365 2563 1811 2469
3366 2605 2495 2551
3367 2453 1982 1983
3368 2463 1716 2453
3369 2673 2627 2502
3370 2483 2376 2428
3371 2516 2473 1750
3372 2530 1763 2507
3373 2693 1775 2684
3374 2823 1787 2804
3375 2786 1799 2750
3376 2720 2631 2675
3377 2622 2494 2465
3378 2411 2295 2356
3379 2172 2148 1950
3380 2172 1950 1725
3381 2152 2133 1727
3382 1951 1727 10
3383 2277 2216 1728
3384 2399 2233 2353
3385 2379 2320 2370
3386 2379 2370 1937
3387 2306 1735 2278
3388 2150 2131 1736
3389 2576 2520 2483
3390 2427 2310 2376
3391 2471 2412 1740
3392 2271 2177 2210
3393 2276 2183 2188
3394 2188 2183 1742
3395 2363 2236 1744
3396 2313 1744 2270
3397 2455 2335 1745
3398 2426 2309 2375
3399 2473 1751 2362
3400 2482 2234 2354
3401 2391 2359 2314
3402 2296 2158 1741
3403 2476 2415 1754
3404 2476 1754 2389
3405 2525 2489 1756
3406 2553 1756 2505
3407 2672 2652 1758
3408 2378 2319 2371
3409 2378 2371 1772
3410 2526 2507 2429
3411 2610 2493 2550
3412 2430 2377 1763
3413 2432 2389 2308
3414 2612 2521 2565
3415 2634 2565 1767
3416 2583 2536 2462
3417 2617 1767 2595
3418 2297 2190 1770
3419 2571 2457 1783
3420 2817 2571 2614
3421 2684 2569 2598
3422 2788 2669 2743
3423 2599 2569 1775
3424 2678 2639 1766
3425 2342 2281 2221
3426 2402 2221 1779
3427 2144 2120 1780
3428 1994 1993 168
3429 2398 2284 2334
3430 2272 2153 2213
3431 2339 2279 1794
3432 2721 2632 2676
3433 2749 2668 2735
3434 2857 2794 2838
3435 2896 1842 2819
3436 2682 2629 1854
3437 2557 2542 1866
3438 2479 2372 2421
3439 2457 2371 2419
3440 2679 2623 1795
3441 2716 2623 2679
3442 2804 2727 1786
3443 2842 2801 1797
3444 2839 2774 2730
3445 2544 2435 2521
3446 2325 2208 2263
3447 2340 2263 1790
3448 2059 1781 1994
3449 2153 2114 1792
3450 2213 2179 1793
3451 2564 1805 2470
3452 2666 2498 2604
3453 2775 2768 1829
3454 2872 2838 2854
3455 2825 1853 2800
3456 2686 2642 1865
3457 2638 2602 2557
3458 2279 2219 1793
3459 2484 2434 1794
3460 2844 2828 2758
3461 2828 2801 2758
3462 2750 2667 2734
3463 2836 2813 1798
3464 2665 2497 2603
3465 2770 2746 1801
3466 2470 2336 1804
3467 2330 1804 2304
3468 2632 2606 2501
3469 2710 2679 1795
3470 2829 2802 2759
3471 2829 1819 2802
3472 2711 2680 1821
3473 2329 1812 2303
3474 2723 2676 2709
3475 2771 2747 1815
3476 2785 1817 2749
3477 2837 2812 1818
3478 2717 2624 2680
3479 2717 2688 2624
3480 2485 2433 1822
3481 2403 2343 2222
3482 2343 2282 2222
3483 2705 2668 1828
3484 2545 2436 2522
3485 2871 2856 2850
3486 2853 2843 1830
3487 2818 2570 2615
3488 2570 2456 1833
3489 2456 2368 2416
3490 2145 2115 1836
3491 2635 2566 1849
3492 2613 2522 2566
3493 2838 2794 1840
3494 2729 2696 2640
3495 2819 2784 2810
3496 2789 2754 1843
3497 2380 2368 1844
3498 2380 2322 2368
3499 2300 2195 1846
3500 2895 2003 2063
3501 2587 2538 2540
3502 2588 2538 2464
3503 2787 1871 2695
3504 2637 2597 2558
3505 2741 2641 2685
3506 2616 1849 2596
3507 2805 2736 1861
3508 2772 2766 1850
3509 2824 2800 2757
3510 2874 2858 2864
3511 2740 2682 2713
3512 2608 2490 2547
3513 2251 2138 2196
3514 2196 2138 2163
3515 2454 2004 2005
3516 2464 1847 2454
3517 2671 2651 1858
3518 2480 2373 2422
3519 2558 2543 1882
3520 2691 2653 1859
3521 2773 2745 1860
3522 2881 2877 2876
3523 2877 2873 2876
3524 2715 2629 2682
3525 2806 2777 1864
3526 2561 2441 2490
3527 2477 2230 2351
3528 2006 152 151
3529 2671 2578 1859
3530 2425 2312 2373
3531 2543 2480 2422
3532 2532 1870 2480
3533 2633 1871 2597
3534 2793 2765 1872
3535 2889 2862 2886
3536 2886 2862 2885
3537 2769 2732 2643
3538 2424 2423 1879
3539 2312 1880 2252
3540 2807 2776 1884
3541 2737 2681 2712
3542 2867 2737 2712
3543 2519 2440 1888
3544 2231 1881 2197
3545 2382 2369 1904
3546 2656 2577 2531
3547 2658 2581 2460
3548 2814 2791 1929
3549 2814 2790 2753
3550 2778 2751 2719
3551 2442 1882 2352
3552 2609 2492 2548
3553 2782 2649 1917
3554 2811 2782 1917
3555 2820 2790 1918
3556 2809 2748 2779
3557 2628 1883 2560
3558 2888 2683 2646
3559 2884 2866 2878
3560 2831 2803 2760
3561 2555 2512 2439
3562 2555 1909 2512
3563 2381 2367 2321
3564 2301 2193 1902
3565 2382 2323 2369
3566 2548 2492 1893
3567 2901 1905 2733
3568 2718 2620 2681
3569 2345 2283 2224
3570 2509 1911 2367
3571 2142 2118 1912
3572 2529 1914 2408
3573 2701 2660 1916
3574 2649 1916 2581
3575 2546 2488 2437
3576 2327 2202 2256
3577 2344 2256 1922
3578 2068 1913 2016
3579 2156 2117 1924
3580 2660 2579 2534
3581 2460 1927 2450
3582 2461 1930 2451
3583 2904 2902 1933
3584 2298 2192 1935
3585 2286 1942 2225
3586 2511 1938 2390
3587 2147 2105 1939
3588 2533 2418 2447
3589 2184 2107 1949
3590 2215 2157 1943
3591 2096 1940 2046
3592 2155 2122 1945
3593 2900 2215 2225
3594 2052 1973 1701
3595 2112 2053 1980
3596 2054 180 1982
3597 2055 178 177
3598 2056 1986 1748
3599 2113 1989 1759
3600 2058 170 169
3601 2114 1995 1792
3602 2060 163 1996
3603 2061 161 1997
3604 2115 2062 2002
3605 2063 155 2004
3606 2064 153 152
3607 2065 2008 1880
3608 2116 2012 1891
3609 2067 145 144
3610 2117 2017 1924
3611 139 5 265
3612 2069 2019 1924
3613 2070 268 2020
3614 2071 270 2021
3615 2072 272 2014
3616 2073 274 2009
3617 2074 276 2010
3618 2011 1929 2010
3619 2075 278 279
3620 2076 280 281
3621 2077 282 283
3622 2078 285 2001
3623 2079 287 1998
3624 288 2 61
3625 2080 1999 1934
3626 2118 2081 2027
3627 2082 54 2029
3628 2083 52 51
3629 2084 1988 1868
3630 2119 2030 1857
3631 2086 44 43
3632 2087 2033 41
3633 2088 37 1974
3634 2089 35 1975
3635 2120 2090 2035
3636 2091 29 2037
3637 2092 27 26
3638 2093 2041 1731
3639 2121 2043 1732
3640 2095 19 18
3641 2122 2047 1945
3642 13 1 289
3643 1960 290 1956
3644 1961 292 1957
3645 1962 294 1958
3646 1963 296 1955
3647 1964 1955 297
3648 300 299 9
3649 2097 301 2042
3650 2123 2098 303
3651 2123 303 304
3652 2124 305 306
3653 2125 307 308
3654 2099 10 1727
3655 2126 310 2051
3656 2127 312 2100
3657 2100 312 313
3658 2101 314 315
3659 2102 316 317
3660 317 12 318
3661 1970 318 319
3662 1965 320 321
3663 1966 322 323
3664 1971 325 1952
3665 1967 326 327
3666 328 6 187
3667 2148 2110 1950
3668 1950 1726 11
3669 2110 1951 1726
3670 2187 2178 1727
3671 1971 1953 324
3672 1952 325 326
3673 1971 324 325
3674 2254 2200 1703
3675 2107 1964 1954
3676 1954 298 299
3677 2890 1958 1963
3678 1955 296 297
3679 1961 1957 1946
3680 1960 1956 1945
3681 1962 1958 1947
3682 2181 1961 1946
3683 1963 1958 295
3684 2287 1962 1947
3685 2109 1959 1704
3686 2109 1970 1959
3687 2048 1945 2047
3688 1960 289 290
3689 1961 1956 291
3690 1961 291 292
3691 1962 1957 293
3692 1962 293 294
3693 1963 295 296
3694 1963 1955 1948
3695 1964 298 1954
3696 2107 1954 1949
3697 1969 321 322
3698 1965 1704 1959
3699 1966 323 1953
3700 2108 1969 1966
3701 1968 327 328
3702 2897 1701 2326
3703 1968 328 187
3704 1968 1701 1967
3705 1969 1704 1965
3706 1969 1965 321
3707 1970 319 1959
3708 2102 1970 1705
3709 1971 1952 1702
3710 2254 1971 1702
3711 2104 1972 1705
3712 1972 315 316
3713 1977 1973 185
3714 2052 1701 1968
3715 2266 1813 2211
3716 1974 37 36
3717 2034 1975 34
3718 2513 2393 1802
3719 1976 1725 11
3720 2126 1976 309
3721 2053 184 183
3722 2264 1706 2204
3723 2129 2087 1978
3724 1978 40 39
3725 2088 1979 38
3726 1979 1824 1978
3727 1980 183 182
3728 2112 1980 1711
3729 1981 182 181
3730 2054 1982 1716
3731 1982 180 179
3732 1983 1982 179
3733 1983 179 178
3734 2453 1983 1721
3735 2627 1984 1737
3736 2055 1984 1721
3737 1985 1737 1984
3738 1985 176 175
3739 2057 173 172
3740 2387 2056 1748
3741 2383 1992 1879
3742 1987 50 49
3743 2085 47 46
3744 2384 2084 1868
3745 1990 171 170
3746 2113 2057 1989
3747 2058 1990 170
3748 2239 2190 1759
3749 2128 2029 1991
3750 1991 53 52
3751 2083 1992 1890
3752 1992 51 50
3753 2398 2334 1770
3754 2058 1993 1770
3755 1994 168 167
3756 2059 167 166
3757 1995 166 165
3758 2026 165 164
3759 2267 1803 2212
3760 1996 163 162
3761 2000 1997 160
3762 2514 2394 1814
3763 2898 1934 2327
3764 1998 287 288
3765 2025 1999 59
3766 2080 1934 1998
3767 2062 159 158
3768 2268 1825 2207
3769 2902 2078 1933
3770 2001 285 286
3771 2002 158 157
3772 2115 2002 1836
3773 2003 157 156
3774 2063 2004 1847
3775 2004 155 154
3776 2005 2004 154
3777 2005 154 153
3778 2454 2005 1858
3779 2625 2006 1869
3780 2064 2006 1858
3781 2007 1869 2006
3782 2007 151 150
3783 2066 148 147
3784 2385 2065 1880
3785 2450 2014 2073
3786 2009 274 275
3787 2011 277 278
3788 2791 2074 1929
3789 2075 2011 278
3790 2751 2011 1930
3791 2013 146 145
3792 2116 2066 2012
3793 2067 2013 145
3794 2245 2193 1891
3795 2891 2021 2072
3796 2014 272 273
3797 2016 2015 143
3798 2395 2331 1902
3799 2016 143 142
3800 2068 142 141
3801 2017 141 140
3802 2018 140 139
3803 2018 139 265
3804 2018 1924 2017
3805 2070 2020 1925
3806 2069 1924 2018
3807 2071 2021 1926
3808 2182 2070 1925
3809 2072 2021 271
3810 2288 2071 1926
3811 2451 2022 2076
3812 2075 2022 1930
3813 2661 2580 1931
3814 2076 2023 1931
3815 2902 2024 2078
3816 2077 2024 1932
3817 2081 58 57
3818 2269 1923 2202
3819 2060 2026 164
3820 2026 1792 1995
3821 2027 57 56
3822 2118 2027 1912
3823 2028 56 55
3824 2082 2029 1901
3825 2029 54 53
3826 2029 53 1991
3827 2031 45 44
3828 2119 2085 2030
3829 2086 2031 44
3830 2246 2195 1857
3831 2396 2332 1846
3832 2086 2032 1846
3833 2033 42 41
3834 2087 41 40
3835 2090 33 32
3836 2265 1791 2208
3837 2035 32 31
3838 2120 2035 1780
3839 2036 31 30
3840 2091 2037 1769
3841 2037 29 28
3842 2038 2037 28
3843 2038 28 27
3844 2452 2038 1758
3845 2626 2039 1747
3846 2092 2039 1758
3847 2040 1747 2039
3848 2040 25 24
3849 2094 22 21
3850 2386 2093 1731
3851 2098 2042 302
3852 2103 2042 2098
3853 2044 20 19
3854 2121 2094 2043
3855 2095 2044 19
3856 2244 2192 1732
3857 2046 2045 17
3858 2397 2333 1935
3859 2046 17 16
3860 2096 16 15
3861 2047 15 14
3862 2048 2047 14
3863 2048 14 13
3864 2048 1960 1945
3865 2049 304 305
3866 2105 2049 1939
3867 2050 306 307
3868 2131 2050 1736
3869 2126 2051 1720
3870 2127 2051 311
3871 2052 1968 187
3872 2052 186 1973
3873 2053 1977 184
3874 2053 183 1980
3875 2054 1981 181
3876 2054 181 180
3877 2055 177 1984
3878 2055 1721 1983
3879 2056 1985 175
3880 2056 174 1986
3881 2057 1986 173
3882 2057 172 1989
3883 2058 169 1993
3884 2239 2058 1770
3885 2059 1994 167
3886 2059 166 1995
3887 2060 164 163
3888 2060 1996 1803
3889 2061 1996 162
3890 2061 162 161
3891 2062 2000 159
3892 2062 158 2002
3893 2063 2003 156
3894 2063 156 155
3895 2064 152 2006
3896 2064 1858 2005
3897 2065 2007 150
3898 2065 149 2008
3899 2066 2008 148
3900 2066 147 2012
3901 2067 144 2015
3902 2245 2067 1902
3903 2068 2016 142
3904 2068 141 2017
3905 2069 2018 265
3906 2069 266 2019
3907 2070 2019 267
3908 2070 267 268
3909 2071 2020 269
3910 2071 269 270
3911 2072 271 272
3912 2072 2014 1927
3913 2073 273 274
3914 2073 2009 1928
3915 2074 2009 275
3916 2074 275 276
3917 2075 279 2022
3918 2075 1930 2011
3919 2076 281 2023
3920 2451 2076 1931
3921 2077 283 2024
3922 2661 2077 1932
3923 2078 284 285
3924 2078 2001 1933
3925 2079 286 287
3926 2079 1998 1934
3927 2080 1998 61
3928 2080 60 1999
3929 2081 2025 58
3930 2081 57 2027
3931 2082 2028 55
3932 2082 55 54
3933 2083 51 1992
3934 2083 1890 1991
3935 2084 1987 49
3936 2084 48 1988
3937 2085 1988 47
3938 2085 46 2030
3939 2086 43 2032
3940 2246 2086 1846
3941 2087 40 1978
3942 2129 1978 1824
3943 2088 38 37
3944 2088 1974 1813
3945 2089 1974 36
3946 2089 36 35
3947 2090 2034 33
3948 2090 32 2035
3949 2091 2036 30
3950 2091 30 29
3951 2092 26 2039
3952 2092 1758 2038
3953 2093 2040 24
3954 2093 23 2041
3955 2094 2041 22
3956 2094 21 2043
3957 2095 18 2045
3958 2244 2095 1935
3959 2096 2046 16
3960 2096 15 2047
3961 2097 300 301
3962 2097 1949 1954
3963 2098 302 303
3964 2103 2098 1944
3965 2133 2099 1727
3966 2125 2099 1736
3967 2111 2106 2100
3968 2127 2100 1715
3969 2111 2101 1710
3970 2101 315 1972
3971 2102 1705 1972
3972 2102 317 1970
3973 2103 1949 2042
3974 2157 2103 1944
3975 2165 1709 2141
3976 2104 1710 2101
3977 2171 2147 1938
3978 2123 2105 1944
3979 2141 2106 1710
3980 2170 1714 2146
3981 2184 1949 2103
3982 2107 1948 1964
3983 2140 2108 1703
3984 2108 1704 1969
3985 2186 1704 2165
3986 2109 1705 1970
3987 2110 1726 1950
3988 2134 2110 1742
3989 2111 313 314
3990 2111 1710 2106
3991 2259 2143 1711
3992 2112 1706 2053
3993 2135 2113 1759
3994 2113 1748 2057
3995 2179 2153 1792
3996 2114 1781 2059
3997 2261 2145 1836
3998 2115 1825 2062
3999 2137 2116 1891
4000 2116 1880 2066
4001 2182 2156 1924
4002 2117 1913 2068
4003 2257 2142 1912
4004 2118 1923 2081
4005 2138 2119 1857
4006 2119 1868 2085
4007 2260 2144 1780
4008 2120 1791 2090
4009 2136 2121 1732
4010 2121 1731 2094
4011 2181 2155 1945
4012 2122 1940 2096
4013 2123 1944 2098
4014 2123 304 2049
4015 2124 1939 2049
4016 2124 306 2050
4017 2125 1736 2050
4018 2125 308 2099
4019 2126 309 310
4020 2126 1720 1976
4021 2127 311 312
4022 2130 2127 1715
4023 2139 2128 1890
4024 2128 1901 2029
4025 2180 2154 1824
4026 2129 1835 2087
4027 2146 2130 1715
4028 2173 1719 2149
4029 2174 2150 1735
4030 2131 1939 2124
4031 2149 2132 1720
4032 2175 2132 2149
4033 2176 2133 2152
4034 2133 1736 2099
4035 2183 2134 1742
4036 2187 1743 2178
4037 2159 2135 1759
4038 2189 2135 2159
4039 2160 2136 1732
4040 2191 2136 2160
4041 2197 2137 2161
4042 2137 1880 2116
4043 2138 1868 2119
4044 2163 2138 1857
4045 2250 2198 2139
4046 2139 1901 2128
4047 2164 2140 1703
4048 2253 2165 1704
4049 2170 2141 1709
4050 2141 1710 2104
4051 2257 2201 2142
4052 2142 1923 2118
4053 2259 2203 2143
4054 2143 1706 2112
4055 2260 2205 2144
4056 2144 1791 2120
4057 2261 2206 2145
4058 2145 1825 2115
4059 2173 2146 1714
4060 2146 1715 2106
4061 2147 1939 2131
4062 2347 2286 1943
4063 2158 2148 1741
4064 2148 1742 2110
4065 2175 2149 1719
4066 2149 1720 2130
4067 2150 1736 2133
4068 2306 2174 1735
4069 2210 2151 1724
4070 2151 1725 2132
4071 2178 2152 1727
4072 2176 2152 1728
4073 2213 2153 2179
4074 2153 1781 2114
4075 2214 2154 2180
4076 2154 1835 2129
4077 2217 2155 2181
4078 2155 1940 2122
4079 2218 2156 2182
4080 2156 1913 2117
4081 2185 1944 2105
4082 2215 2184 2157
4083 2296 2238 2158
4084 2238 2188 2158
4085 2190 2159 1759
4086 2240 1760 2159
4087 2192 2160 1732
4088 2243 1733 2160
4089 2193 2161 1891
4090 2248 1892 2161
4091 2321 2249 1900
4092 2249 2194 2162
4093 2195 2163 1857
4094 2247 1856 2163
4095 2302 2200 1702
4096 2199 2164 1708
4097 2186 2104 1705
4098 2253 1704 2140
4099 2256 2202 2166
4100 2166 1923 2142
4101 2302 1707 2255
4102 2258 2204 2167
4103 2263 2208 2168
4104 2168 1791 2144
4105 2169 1825 2145
4106 2341 2262 1826
4107 2170 2106 2141
4108 2410 1709 2235
4109 2185 1943 2157
4110 2171 2105 2147
4111 2177 1725 2151
4112 2172 1741 2148
4113 2173 2130 2146
4114 2591 1714 2445
4115 2174 1938 2147
4116 2174 2131 2150
4117 2356 2175 1719
4118 2175 1724 2151
4119 2216 2176 1728
4120 2176 1735 2150
4121 2210 2177 2151
4122 2177 1741 2172
4123 2187 1727 1951
4124 2270 2178 1743
4125 2212 2179 1792
4126 2275 1793 2179
4127 2274 1823 2180
4128 2214 2180 1823
4129 2217 2181 1946
4130 2181 1945 1956
4131 2218 2182 1925
4132 2182 1924 2019
4133 2305 2183 2276
4134 2183 1743 2134
4135 2184 1948 2107
4136 2184 2103 2157
4137 2185 2157 1944
4138 2185 2105 2171
4139 2186 1705 2109
4140 2186 2109 1704
4141 2187 1951 2134
4142 2187 2134 1743
4143 2276 2188 1753
4144 2188 1742 2158
4145 2234 2189 1760
4146 2241 2189 1749
4147 2239 1759 1990
4148 2297 2240 2190
4149 2233 2191 1733
4150 2242 2191 1730
4151 2244 1732 2044
4152 2298 2243 2192
4153 2245 1891 2013
4154 2301 2248 2193
4155 2892 2194 1912
4156 2194 1901 2162
4157 2246 1857 2031
4158 2300 2247 2195
4159 2230 2196 1856
4160 2251 2196 1867
4161 2231 2197 1892
4162 2252 2197 1881
4163 2232 2198 1889
4164 2198 1900 2162
4165 2235 2199 1708
4166 2253 2199 1709
4167 2254 1703 1953
4168 2302 2258 1707
4169 2224 2201 1911
4170 2201 1922 2166
4171 2269 1934 1999
4172 2202 1923 2166
4173 2223 2203 1712
4174 2203 1707 2167
4175 2264 1701 1973
4176 2204 1706 2167
4177 2221 2205 1779
4178 2205 1790 2168
4179 2222 2206 1837
4180 2206 1826 2169
4181 2268 1814 1997
4182 2207 1825 2169
4183 2265 1802 1975
4184 2208 1791 2168
4185 2236 2209 1744
4186 2209 1728 2152
4187 2237 2210 1724
4188 2271 2210 1740
4189 2266 1824 1979
4190 2303 2274 2211
4191 2267 1792 2026
4192 2304 2275 2212
4193 2219 2213 1793
4194 2272 2213 2219
4195 2220 2214 1823
4196 2273 2214 2220
4197 2286 2225 1943
4198 2215 1948 2184
4199 2307 2278 2216
4200 2216 1735 2176
4201 2228 2217 1946
4202 2226 2217 1941
4203 2229 2218 1925
4204 2227 2218 1914
4205 2339 2219 2279
4206 2272 2219 1782
4207 2273 2220 1834
4208 2280 2220 1823
4209 2221 1790 2205
4210 2402 2342 2221
4211 2403 2222 1837
4212 2222 1826 2206
4213 2328 2294 2316
4214 2223 1707 2203
4215 2224 1922 2201
4216 2509 2367 1910
4217 2899 1942 2348
4218 2900 2899 2890
4219 2458 2333 1940
4220 2226 1940 2155
4221 2459 2331 1913
4222 2227 1913 2156
4223 2287 2228 1946
4224 2348 2287 1947
4225 2288 2229 1925
4226 2349 2288 1926
4227 2351 2230 2289
4228 2230 1867 2196
4229 2291 2231 1892
4230 2352 2231 2291
4231 2232 1900 2198
4232 2409 2350 2232
4233 2353 2307 1729
4234 2233 1730 2191
4235 2354 2234 2293
4236 2234 1749 2189
4237 2294 2235 1708
4238 2410 2355 1714
4239 2363 2317 2236
4240 2236 1728 2209
4241 2357 2295 1723
4242 2237 1740 2210
4243 2315 2238 1752
4244 2238 1753 2188
4245 2239 1990 2058
4246 2239 1770 2190
4247 2319 2240 1771
4248 2240 2159 2190
4249 2310 2241 1749
4250 2241 1748 2135
4251 2309 2242 1730
4252 2242 1731 2136
4253 2320 2243 1936
4254 2243 2160 2192
4255 2244 2044 2095
4256 2244 1935 2192
4257 2245 2013 2067
4258 2245 1902 2193
4259 2246 2031 2086
4260 2246 1846 2195
4261 2322 2247 1845
4262 2247 2163 2195
4263 2323 2248 1903
4264 2248 2161 2193
4265 2249 2162 1900
4266 2299 1911 2257
4267 2318 2250 1890
4268 2250 1889 2198
4269 2311 2251 1867
4270 2251 1868 2138
4271 2312 2252 1881
4272 2252 1880 2137
4273 2253 2140 2199
4274 2253 1709 2165
4275 2254 1953 1971
4276 2254 1702 2200
4277 2316 1707 2223
4278 2255 2164 2200
4279 2256 2166 1922
4280 2327 2256 1933
4281 2299 2257 1912
4282 2257 1911 2201
4283 2258 2167 1707
4284 2326 2258 1702
4285 2703 2586 2663
4286 2259 1712 2203
4287 2590 2584 2539
4288 2260 1779 2205
4289 2589 2587 2540
4290 2261 1837 2206
4291 2262 2169 1826
4292 2324 2262 1815
4293 2263 2168 1790
4294 2325 2263 1801
4295 2264 1973 1977
4296 2264 1977 1706
4297 2265 1975 2034
4298 2265 2034 1791
4299 2266 1979 2088
4300 2266 2088 1813
4301 2267 2026 2060
4302 2267 2060 1803
4303 2268 1997 2000
4304 2268 2000 1825
4305 2269 1999 2025
4306 2269 2025 1923
4307 2313 2270 1743
4308 2270 1744 2209
4309 2359 1741 2314
4310 2271 1741 2177
4311 2284 2272 1782
4312 2272 1781 2153
4313 2285 2273 1834
4314 2273 1835 2154
4315 2337 2274 1812
4316 2274 2180 2211
4317 2336 2275 1804
4318 2275 2179 2212
4319 2308 2276 1753
4320 2305 2276 1754
4321 2277 1728 2236
4322 2307 1734 2278
4323 2358 2306 2278
4324 2278 1735 2216
4325 2336 2279 1793
4326 2401 2279 2336
4327 2337 2280 1823
4328 2400 2280 2337
4329 2404 2281 1789
4330 2281 1790 2221
4331 2405 2282 1827
4332 2282 1826 2222
4333 2406 2283 1921
4334 2283 1922 2224
4335 2284 1781 2272
4336 2364 2284 1782
4337 2365 2285 1834
4338 2396 2285 2332
4339 2347 1943 2171
4340 2511 2286 2347
4341 2346 2287 1946
4342 2899 2348 1947
4343 2288 1925 2020
4344 2702 1926 2579
4345 2322 2289 1856
4346 2351 2289 1855
4347 2381 1910 2367
4348 2290 1900 2232
4349 2323 2291 1892
4350 2352 2291 1893
4351 2320 2292 1733
4352 2353 1734 2307
4353 2319 2293 1760
4354 2354 2293 1761
4355 2316 2294 1708
4356 2445 2355 1713
4357 2356 2295 1724
4358 2444 2357 1723
4359 2314 1741 2271
4360 2296 1752 2238
4361 2334 2297 1770
4362 2297 1771 2240
4363 2333 2298 1935
4364 2298 1936 2243
4365 2299 1912 2194
4366 2299 2249 1911
4367 2332 2300 1846
4368 2300 1845 2247
4369 2331 2301 1902
4370 2301 1903 2248
4371 2302 2255 2200
4372 2302 1702 2258
4373 2527 2513 2325
4374 2303 1812 2274
4375 2528 2514 2324
4376 2304 1804 2275
4377 2415 2366 1754
4378 2305 1743 2183
4379 2390 2306 2358
4380 2306 1938 2174
4381 2307 2277 1729
4382 2399 2353 1729
4383 2360 2308 1753
4384 2432 2308 2360
4385 2375 2309 1730
4386 2426 2386 2309
4387 2376 2310 1749
4388 2427 2387 2310
4389 2372 2311 1867
4390 2424 2384 2311
4391 2373 2312 1881
4392 2425 2385 2312
4393 2366 1743 2305
4394 2392 2361 2313
4395 2362 2314 1740
4396 2391 2314 2362
4397 2377 2315 1752
4398 2430 2360 2315
4399 2328 2316 2223
4400 2316 1708 2255
4401 2335 2317 1745
4402 2317 1729 2277
4403 2423 2374 2318
4404 2318 1889 2250
4405 2319 1760 2240
4406 2371 2319 1771
4407 2320 1733 2243
4408 2370 2320 1936
4409 2321 1911 2249
4410 2321 1900 2290
4411 2322 1856 2247
4412 2368 2322 1845
4413 2323 1892 2248
4414 2369 2323 1903
4415 2528 2330 2514
4416 2324 1814 2207
4417 2527 2329 2513
4418 2325 1802 2208
4419 2897 2326 1702
4420 2326 1701 2204
4421 2898 2327 1933
4422 2327 1934 2202
4423 2328 2223 1712
4424 2328 1713 2294
4425 2329 2303 1813
4426 2393 2329 1813
4427 2330 2304 1803
4428 2394 2330 1803
4429 2395 1902 2015
4430 2459 2448 2331
4431 2396 1846 2032
4432 2449 2285 2365
4433 2397 1935 2045
4434 2458 2447 2333
4435 2398 1770 1993
4436 2446 2284 2364
4437 2468 2455 1746
4438 2335 1729 2317
4439 2336 1793 2275
4440 2470 2401 2336
4441 2337 1823 2274
4442 2469 2400 2337
4443 2433 2338 1822
4444 2475 1833 2414
4445 2434 2339 1794
4446 2474 1783 2413
4447 2340 1801 2263
4448 2340 1790 2281
4449 2341 1815 2262
4450 2341 1826 2282
4451 2435 2342 1778
4452 2342 1789 2281
4453 2436 2343 1838
4454 2343 1827 2282
4455 2344 1933 2256
4456 2344 1922 2283
4457 2437 2345 1910
4458 2345 1921 2283
4459 2346 1946 1957
4460 2346 1957 1962
4461 2347 2171 1938
4462 2511 2390 1937
4463 2407 2348 1942
4464 2348 2228 2287
4465 2408 2349 1915
4466 2349 2229 2288
4467 2440 2350 1888
4468 2350 1899 2290
4469 2441 2351 1855
4470 2477 1866 2421
4471 2442 2352 1893
4472 2478 1882 2422
4473 2353 2233 2292
4474 2353 2292 1734
4475 2443 2354 1761
4476 2482 1750 2428
4477 2410 1714 2170
4478 2355 2235 2294
4479 2356 1724 2175
4480 2472 2356 1719
4481 2471 1739 2412
4482 2357 2237 2295
4483 2379 2358 1734
4484 2390 2358 1937
4485 2359 1752 2296
4486 2359 2296 1741
4487 2360 1753 2315
4488 2432 1765 2389
4489 2505 2438 2361
4490 2361 1744 2313
4491 2541 2412 1739
4492 2391 2362 1751
4493 2438 1744 2361
4494 2363 1745 2317
4495 2474 2413 1782
4496 2446 2364 1771
4497 2475 2414 1834
4498 2449 2365 1845
4499 2366 2305 1754
4500 2415 2392 2366
4501 2509 1910 2345
4502 2367 1911 2321
4503 2416 2365 2414
4504 2547 2380 1844
4505 2529 2508 2417
4506 2548 2382 1904
4507 2431 2407 1942
4508 2379 1937 2358
4509 2419 2364 2413
4510 2550 2378 1772
4511 2421 2372 1867
4512 2424 1878 2423
4513 2422 2373 1881
4514 2425 2373 1870
4515 2481 2374 1878
4516 2374 1889 2318
4517 2468 1730 2399
4518 2426 2375 1746
4519 2428 2376 1749
4520 2427 2376 1738
4521 2574 1752 2391
4522 2598 2430 1763
4523 2378 1761 2293
4524 2378 2293 2319
4525 2379 1734 2292
4526 2379 2292 2320
4527 2380 1855 2289
4528 2380 2289 2322
4529 2381 2290 1899
4530 2439 2381 1899
4531 2382 1893 2291
4532 2382 2291 2323
4533 2383 1890 1992
4534 2423 2383 1879
4535 2384 1879 2084
4536 2384 1868 2311
4537 2385 1869 2065
4538 2385 1880 2312
4539 2386 1747 2093
4540 2386 1731 2309
4541 2387 1737 2056
4542 2387 1748 2310
4543 2510 2370 2418
4544 2388 1942 2286
4545 2619 2506 2476
4546 2389 1754 2308
4547 2511 1937 2388
4548 2390 1938 2306
4549 2574 2429 1752
4550 2391 1752 2359
4551 2392 1755 2361
4552 2392 2313 2366
4553 2393 1813 1974
4554 2393 2089 1802
4555 2394 1803 1996
4556 2394 2061 1814
4557 2395 2015 2016
4558 2395 1913 2331
4559 2396 2032 2033
4560 2396 1835 2285
4561 2397 2045 2046
4562 2397 1940 2333
4563 2398 1993 1994
4564 2398 1781 2284
4565 2399 1730 2233
4566 2399 1729 2335
4567 2500 2400 1811
4568 2400 1822 2280
4569 2501 2401 1805
4570 2401 1794 2279
4571 2466 2402 1779
4572 2402 1778 2342
4573 2467 2403 1837
4574 2403 1838 2343
4575 2497 2404 1789
4576 2770 1800 2746
4577 2498 2405 1827
4578 2771 1816 2747
4579 2496 2406 1921
4580 2904 1932 2902
4581 2533 2431 2418
4582 2407 1941 2228
4583 2554 2529 2417
4584 2408 1914 2229
4585 2420 1889 2374
4586 2409 1888 2350
4587 2410 2170 1709
4588 2410 2235 2355
4589 2465 2411 1718
4590 2411 1723 2295
4591 2471 1740 2237
4592 2541 2473 2412
4593 2413 2364 1782
4594 2457 2413 1783
4595 2414 2365 1834
4596 2456 2414 1833
4597 2506 2415 2476
4598 2415 1755 2392
4599 2416 2368 1845
4600 2416 1845 2365
4601 2417 2369 1903
4602 2554 1903 2448
4603 2418 2370 1936
4604 2447 2418 1936
4605 2419 2371 1771
4606 2419 1771 2364
4607 2481 2420 2374
4608 2420 1888 2409
4609 2477 2421 1867
4610 2542 2421 1866
4611 2478 2422 1881
4612 2543 2422 1882
4613 2424 1879 2384
4614 2423 1878 2374
4615 2424 2311 2372
4616 2424 2372 1878
4617 2504 2425 1870
4618 2425 1869 2385
4619 2503 2426 1746
4620 2426 1747 2386
4621 2502 2427 1738
4622 2427 1737 2387
4623 2482 2428 1749
4624 2576 1750 2541
4625 2574 2526 2429
4626 2507 2377 2429
4627 2430 1764 2360
4628 2430 2315 2377
4629 2431 1942 2388
4630 2510 2388 1937
4631 2432 2360 1764
4632 2515 2432 1764
4633 2568 2524 2433
4634 2433 1833 2338
4635 2567 2523 2434
4636 2434 1783 2339
4637 2544 2521 1777
4638 2435 1789 2342
4639 2545 2522 1839
4640 2436 1827 2343
4641 2546 1920 2488
4642 2437 1921 2345
4643 2505 2489 2438
4644 2438 1745 2363
4645 2439 1910 2381
4646 2491 2439 1899
4647 2549 2519 1887
4648 2440 1899 2350
4649 2561 2518 2441
4650 2441 1866 2351
4651 2492 2442 1893
4652 2560 2517 2442
4653 2556 2516 2443
4654 2443 1750 2354
4655 2562 2520 2444
4656 2444 1739 2357
4657 2591 2552 1719
4658 2445 1714 2355
4659 2446 1771 2297
4660 2446 2334 2284
4661 2533 2447 2458
4662 2447 1936 2298
4663 2554 2448 2459
4664 2448 1903 2301
4665 2449 1845 2300
4666 2449 2332 2285
4667 2460 2450 1928
4668 2450 1927 2014
4669 2461 2451 1931
4670 2451 1930 2022
4671 2462 2452 1758
4672 2452 1769 2037
4673 2463 2453 1721
4674 2453 1716 1982
4675 2464 2454 1858
4676 2454 1847 2004
4677 2499 1745 2489
4678 2468 1746 2375
4679 2615 1833 2524
4680 2456 1844 2368
4681 2614 1783 2523
4682 2457 1772 2371
4683 2458 2226 1941
4684 2533 2458 1941
4685 2459 2227 1914
4686 2554 2459 1914
4687 2658 2460 1928
4688 2581 2534 2460
4689 2535 2461 1931
4690 2659 2461 2582
4691 2652 2583 2462
4692 2462 1769 2452
4693 2662 2463 1721
4694 2662 2585 2463
4695 2651 2464 1858
4696 2651 2588 2464
4697 2622 1717 2585
4698 2465 1723 2411
4699 2539 2466 1779
4700 2617 2595 2466
4701 2540 2467 1837
4702 2616 2596 2467
4703 2468 2375 1730
4704 2468 2335 2455
4705 2563 2469 1812
4706 2469 1811 2400
4707 2564 2470 1804
4708 2470 1805 2401
4709 2471 2237 2357
4710 2471 2357 1739
4711 2552 2472 1719
4712 2472 1718 2411
4713 2516 1750 2443
4714 2473 2362 2412
4715 2474 1782 2219
4716 2474 2339 1783
4717 2475 1834 2220
4718 2475 2338 1833
4719 2476 2389 1765
4720 2619 2476 1765
4721 2477 1867 2230
4722 2477 2351 1866
4723 2478 1881 2231
4724 2478 2352 1882
4725 2481 2479 1877
4726 2479 1878 2372
4727 2532 2480 1871
4728 2480 1870 2373
4729 2481 1878 2479
4730 2594 2481 1877
4731 2482 1749 2234
4732 2482 2354 1750
4733 2520 1739 2444
4734 2483 1738 2376
4735 2501 2484 1794
4736 2567 1784 2523
4737 2500 2485 1822
4738 2568 1832 2524
4739 2667 2603 1788
4740 2486 1789 2435
4741 2668 2604 1828
4742 2487 1827 2436
4743 2677 1920 2535
4744 2488 1921 2437
4745 2525 2499 2489
4746 2489 1745 2438
4747 2547 1855 2380
4748 2561 1865 2518
4749 2555 2491 1898
4750 2491 1899 2440
4751 2548 1893 2382
4752 2560 1883 2517
4753 2550 1761 2378
4754 2556 2526 1751
4755 2494 1723 2465
4756 2562 1738 2520
4757 2551 1713 2328
4758 2552 1718 2472
4759 2496 1932 2406
4760 2496 1921 2488
4761 2497 1800 2404
4762 2497 1789 2486
4763 2498 1816 2405
4764 2498 1827 2487
4765 2572 2499 2525
4766 2499 2455 1745
4767 2500 1822 2400
4768 2631 2500 1811
4769 2501 1794 2401
4770 2632 2501 1805
4771 2621 1738 2562
4772 2673 2502 2621
4773 2690 1746 2572
4774 2672 1757 2652
4775 2504 1869 2425
4776 2578 2504 1870
4777 2553 2505 1755
4778 2505 1756 2489
4779 2707 2674 2553
4780 2506 1755 2415
4781 2530 2507 2526
4782 2507 1763 2377
4783 2531 2508 2529
4784 2508 1904 2369
4785 2509 2345 2224
4786 2509 2224 1911
4787 2510 1937 2370
4788 2510 2418 2431
4789 2511 2388 2286
4790 2511 2347 1938
4791 2546 2512 1909
4792 2512 1910 2439
4793 2513 1802 2325
4794 2527 2325 1801
4795 2514 1814 2324
4796 2528 2324 1815
4797 2569 2515 1764
4798 2618 2515 2599
4799 2556 2443 2493
4800 2516 1751 2473
4801 2592 2517 1883
4802 2517 1882 2442
4803 2593 2518 1865
4804 2518 1866 2441
4805 2559 2519 1888
4806 2879 2549 1887
4807 2562 2444 2494
4808 2520 1738 2483
4809 2565 2521 1778
4810 2730 2544 1777
4811 2566 2522 1838
4812 2731 2545 1839
4813 2614 2523 1784
4814 2523 1783 2434
4815 2615 2524 1832
4816 2524 1833 2433
4817 2573 2525 1756
4818 2572 2525 1757
4819 2556 1751 2516
4820 2530 2526 1762
4821 2815 2563 1812
4822 2527 1812 2329
4823 2816 2564 1804
4824 2528 1804 2330
4825 2529 2408 1915
4826 2531 2529 1915
4827 2694 2655 2530
4828 2655 2575 2530
4829 2656 1905 2577
4830 2531 1904 2508
4831 2787 2695 1860
4832 2657 2578 2532
4833 2533 1941 2407
4834 2533 2407 2431
4835 2702 2660 1915
4836 2534 1927 2460
4837 2582 2535 1920
4838 2580 2535 1931
4839 2539 2536 1768
4840 2584 2536 2539
4841 2537 1716 2463
4842 2663 1717 2644
4843 2538 1847 2464
4844 2540 2538 1848
4845 2617 2539 1768
4846 2590 1779 2260
4847 2616 2540 1848
4848 2589 1837 2261
4849 2576 1739 2520
4850 2541 1750 2473
4851 2557 1866 2518
4852 2542 1877 2479
4853 2558 1882 2517
4854 2543 1871 2480
4855 2544 1788 2486
4856 2544 2486 2435
4857 2545 1828 2487
4858 2545 2487 2436
4859 2546 2437 2512
4860 2699 2650 1920
4861 2600 2547 1844
4862 2608 2547 2600
4863 2577 2548 1904
4864 2645 2548 2577
4865 2549 1898 2491
4866 2549 2491 2440
4867 2601 2550 1772
4868 2610 2550 2601
4869 2644 2551 1712
4870 2644 2605 2551
4871 2591 1719 2173
4872 2552 2445 2495
4873 2707 1755 2506
4874 2707 2553 1755
4875 2554 1914 2529
4876 2554 2417 1903
4877 2555 2439 2491
4878 2620 2555 1898
4879 2556 2493 1762
4880 2556 1762 2526
4881 2593 2557 2518
4882 2602 2542 2557
4883 2592 2558 2517
4884 2597 2543 2558
4885 2594 2559 1888
4886 2636 2611 2559
4887 2560 2492 1894
4888 2628 2560 1894
4889 2561 2490 1854
4890 2629 2561 1854
4891 2562 2494 1722
4892 2621 2562 1722
4893 2815 1812 2527
4894 2746 2708 2563
4895 2816 1804 2528
4896 2747 2709 2564
4897 2595 2565 1778
4898 2634 2612 2565
4899 2596 2566 1838
4900 2635 2613 2566
4901 2567 2484 1795
4902 2623 2567 1795
4903 2568 2485 1821
4904 2624 2568 1821
4905 2692 1763 2575
4906 2764 2599 1775
4907 2615 2570 1833
4908 2570 1844 2456
4909 2614 2571 1783
4910 2571 1772 2457
4911 2690 1757 2672
4912 2572 1746 2499
4913 2630 2573 1756
4914 2654 2648 1768
4915 2574 2391 1751
4916 2574 1751 2526
4917 2692 2684 2598
4918 2575 1763 2530
4919 2576 2483 2428
4920 2576 2428 1750
4921 2645 2609 2548
4922 2577 1904 2531
4923 2578 1870 2532
4924 2671 1859 2651
4925 2891 2579 1926
4926 2579 1927 2534
4927 2661 1931 2023
4928 2580 1932 2496
4929 2649 2581 1917
4930 2581 1916 2534
4931 2650 2582 1920
4932 2659 2582 1919
4933 2654 1757 2573
4934 2583 1768 2536
4935 2893 2584 1780
4936 2584 1769 2536
4937 2622 2585 1722
4938 2585 1717 2537
4939 2894 2586 1711
4940 2586 1716 2537
4941 2895 2587 1836
4942 2587 1847 2538
4943 2653 2647 1848
4944 2588 1848 2538
4945 2589 2540 1837
4946 2589 2261 1836
4947 2590 2539 1779
4948 2590 2260 1780
4949 2591 2173 1714
4950 2591 2445 2552
4951 2641 2592 1883
4952 2641 2637 2592
4953 2642 2593 1865
4954 2642 2638 2593
4955 2636 2594 1877
4956 2594 1888 2420
4957 2595 1767 2565
4958 2595 1778 2466
4959 2596 1849 2566
4960 2596 1838 2467
4961 2637 2633 2597
4962 2597 1871 2543
4963 2598 2569 1764
4964 2598 1764 2430
4965 2618 2599 1776
4966 2599 2515 2569
4967 2600 1844 2570
4968 2797 2600 1843
4969 2601 1772 2571
4970 2610 2601 1773
4971 2638 2636 2602
4972 2602 1877 2542
4973 2603 2486 1788
4974 2665 2603 1799
4975 2604 2487 1828
4976 2666 2604 1817
4977 2664 1717 2622
4978 2605 1718 2495
4979 2798 2710 2606
4980 2606 2484 2501
4981 2799 2711 2607
4982 2607 2485 2500
4983 2797 2713 2608
4984 2608 1854 2490
4985 2646 2609 2645
4986 2609 1894 2492
4987 2694 1773 2655
4988 2610 1762 2493
4989 2752 2643 2611
4990 2611 1887 2519
4991 2639 2612 2634
4992 2612 1777 2521
4993 2640 2613 2635
4994 2613 1839 2522
4995 2669 2614 1784
4996 2817 2614 2669
4997 2670 2615 1832
4998 2818 2615 2670
4999 2616 2467 2540
5000 2647 2616 1848
5001 2617 2466 2539
5002 2648 2617 1768
5003 2697 2639 2678
5004 2618 1765 2515
5005 2678 1765 2618
5006 2619 1766 2506
5007 2718 2689 2620
5008 2620 1909 2555
5009 2673 1722 2662
5010 2621 2502 1738
5011 2622 1722 2494
5012 2664 2622 2465
5013 2716 2687 2623
5014 2623 1784 2567
5015 2624 1832 2568
5016 2680 2624 1821
5017 2625 1858 2006
5018 2625 1869 2504
5019 2626 1758 2039
5020 2626 1747 2503
5021 2627 1721 1984
5022 2627 1737 2502
5023 2683 2628 1894
5024 2714 2685 2628
5025 2715 2686 2629
5026 2629 1865 2561
5027 2648 2630 1767
5028 2630 1756 2553
5029 2795 2722 2665
5030 2799 2631 1810
5031 2796 2723 2666
5032 2798 2632 1806
5033 2765 2728 2633
5034 2728 2695 2633
5035 2674 1767 2630
5036 2639 2634 1766
5037 2706 2635 1849
5038 2640 2635 1850
5039 2636 1877 2602
5040 2752 2636 1876
5041 2637 2558 2592
5042 2637 1872 2633
5043 2638 2557 2593
5044 2638 1876 2636
5045 2639 1777 2612
5046 2678 1766 2619
5047 2729 1840 2696
5048 2640 1839 2613
5049 2641 1872 2637
5050 2685 2641 1883
5051 2742 2642 2686
5052 2642 1876 2638
5053 2732 1886 2698
5054 2643 1887 2611
5055 2663 2644 1712
5056 2644 1717 2605
5057 2645 2577 1905
5058 2646 2645 1905
5059 2888 2884 1895
5060 2646 1894 2609
5061 2653 1848 2588
5062 2745 2647 2691
5063 2654 1768 2583
5064 2648 2573 2630
5065 2782 2733 2649
5066 2700 2656 1916
5067 2650 1919 2582
5068 2699 1920 2546
5069 2671 1858 2625
5070 2651 1859 2588
5071 2672 1758 2626
5072 2652 1757 2583
5073 2653 2588 1859
5074 2691 1859 2657
5075 2654 2583 1757
5076 2654 2573 2648
5077 2694 2530 1762
5078 2788 2655 1773
5079 2701 2531 1915
5080 2700 1916 2649
5081 2691 2657 1860
5082 2657 1859 2578
5083 2753 2658 1928
5084 2658 1917 2581
5085 2719 2659 1919
5086 2659 1930 2461
5087 2660 2534 1916
5088 2702 1915 2349
5089 2661 2023 2077
5090 2661 1932 2580
5091 2673 2662 1721
5092 2662 1722 2585
5093 2663 2537 1717
5094 2703 1712 2259
5095 2664 2465 1718
5096 2664 2605 1717
5097 2795 2675 2722
5098 2665 1800 2497
5099 2796 2676 2723
5100 2666 1816 2498
5101 2734 2704 1787
5102 2667 1799 2603
5103 2735 2705 1829
5104 2668 1817 2604
5105 2743 2669 2687
5106 2817 2669 1773
5107 2744 2670 2688
5108 2818 2670 1843
5109 2671 2625 2504
5110 2671 2504 2578
5111 2672 2626 2503
5112 2690 2672 2503
5113 2673 1721 2627
5114 2673 2621 1722
5115 2674 2630 2553
5116 2674 1766 2634
5117 2675 2631 1811
5118 2708 2675 1811
5119 2676 2632 1805
5120 2709 2676 1805
5121 2677 2496 2488
5122 2677 2488 1920
5123 2678 2619 1765
5124 2678 2618 1776
5125 2710 1795 2606
5126 2827 2716 1796
5127 2711 1821 2607
5128 2826 2717 1820
5129 2712 1898 2549
5130 2830 2718 1897
5131 2713 1854 2608
5132 2825 2715 1853
5133 2683 1894 2646
5134 2882 2834 1884
5135 2693 2684 2692
5136 2684 1775 2569
5137 2741 2685 1884
5138 2685 1883 2628
5139 2742 2686 1864
5140 2686 1865 2629
5141 2743 2687 1785
5142 2687 1784 2623
5143 2744 2688 1831
5144 2688 1832 2624
5145 2726 2689 1908
5146 2689 1909 2620
5147 2690 2503 1746
5148 2690 2572 1757
5149 2745 2691 1860
5150 2691 2647 2653
5151 2692 2598 1763
5152 2692 2575 1774
5153 2783 2763 2693
5154 2763 2727 2693
5155 2694 1762 2610
5156 2694 2610 1773
5157 2787 1860 2657
5158 2695 1871 2633
5159 2768 2731 2696
5160 2696 1839 2640
5161 2767 2730 2697
5162 2697 1777 2639
5163 2879 2867 2712
5164 2698 1887 2643
5165 2699 2546 1909
5166 2726 1909 2689
5167 2733 2700 2649
5168 2700 1905 2656
5169 2701 2656 2531
5170 2701 1915 2660
5171 2702 2349 1926
5172 2702 2579 2660
5173 2703 2259 1711
5174 2703 1711 2586
5175 2774 1788 2730
5176 2870 2823 2849
5177 2775 1828 2731
5178 2871 1829 2856
5179 2745 2706 1849
5180 2773 2706 2745
5181 2707 2506 1766
5182 2707 1766 2674
5183 2722 2708 1800
5184 2708 1811 2563
5185 2723 2709 1816
5186 2709 1805 2564
5187 2798 2755 2710
5188 2755 2738 2710
5189 2799 2756 2711
5190 2756 2739 2711
5191 2712 2681 1898
5192 2879 2712 2549
5193 2797 2754 2713
5194 2754 2740 2713
5195 2714 2683 1895
5196 2714 1884 2685
5197 2715 2682 1853
5198 2715 1864 2686
5199 2716 2679 1796
5200 2716 1785 2687
5201 2717 2680 1820
5202 2717 1831 2688
5203 2718 2681 1897
5204 2718 1908 2689
5205 2719 1930 2659
5206 2748 2719 1919
5207 2795 2724 2720
5208 2720 1810 2631
5209 2796 2725 2721
5210 2721 1806 2632
5211 2722 1800 2665
5212 2795 2665 1799
5213 2723 1816 2666
5214 2796 2666 1817
5215 2813 2762 2786
5216 2724 1810 2720
5217 2812 2761 2785
5218 2725 1806 2721
5219 2808 1908 2779
5220 2726 2650 2699
5221 2804 1787 2792
5222 2727 1775 2693
5223 2765 2633 1872
5224 2773 2728 1861
5225 2766 2640 1850
5226 2854 2729 1851
5227 2730 1788 2544
5228 2767 2697 1776
5229 2731 1828 2545
5230 2768 2696 1840
5231 2769 2643 2752
5232 2862 2732 1875
5233 2901 1906 2888
5234 2733 1905 2700
5235 2750 2734 1798
5236 2734 2667 2704
5237 2749 2735 1818
5238 2735 2668 2705
5239 2805 2772 2736
5240 2736 1850 2706
5241 2867 2760 2737
5242 2737 1897 2681
5243 2758 2738 2755
5244 2738 1796 2679
5245 2759 2739 2756
5246 2739 1820 2680
5247 2757 2740 2754
5248 2740 1853 2682
5249 2776 2741 1884
5250 2780 2741 1873
5251 2777 2742 1864
5252 2781 1875 2769
5253 2783 1785 2763
5254 2788 2743 1774
5255 2784 2744 1831
5256 2789 1842 2754
5257 2745 1849 2647
5258 2773 1860 2728
5259 2770 1801 2340
5260 2746 1800 2708
5261 2771 1815 2341
5262 2747 1816 2709
5263 2779 2748 1919
5264 2778 2748 1918
5265 2785 2749 1818
5266 2749 1817 2668
5267 2786 2750 1798
5268 2750 1799 2667
5269 2751 1929 2011
5270 2751 1930 2719
5271 2752 2611 2636
5272 2769 2752 1876
5273 2753 1917 2658
5274 2791 2753 1928
5275 2789 1843 2670
5276 2757 2754 1842
5277 2761 1806 2725
5278 2758 2755 1807
5279 2762 1810 2724
5280 2759 2756 1809
5281 2824 1852 2800
5282 2757 1853 2740
5283 2828 1797 2801
5284 2758 1796 2738
5285 2759 1820 2739
5286 2845 2829 2759
5287 2831 1896 2803
5288 2760 1897 2737
5289 2785 2761 2725
5290 2761 1807 2755
5291 2786 2762 2724
5292 2762 1809 2756
5293 2783 2693 1774
5294 2903 1785 2827
5295 2792 2767 1776
5296 2764 1776 2599
5297 2793 1872 2780
5298 2765 1861 2728
5299 2772 1850 2736
5300 2766 1851 2729
5301 2792 1776 2764
5302 2839 2704 2774
5303 2794 2768 1840
5304 2775 1829 2705
5305 2781 1876 2642
5306 2769 1875 2732
5307 2770 2340 2404
5308 2770 2404 1800
5309 2771 2341 2405
5310 2771 2405 1816
5311 2821 2772 2805
5312 2772 1851 2766
5313 2773 1861 2736
5314 2773 2736 2706
5315 2774 2704 1788
5316 2839 2730 2767
5317 2775 2705 1828
5318 2775 2731 2768
5319 2832 2807 1885
5320 2776 1873 2741
5321 2833 2806 1863
5322 2777 1875 2742
5323 2814 1918 2790
5324 2778 1929 2751
5325 2808 2779 1919
5326 2835 2779 1908
5327 2793 2780 1873
5328 2780 1872 2641
5329 2781 2642 2742
5330 2781 2742 1875
5331 2811 1917 2790
5332 2782 1906 2733
5333 2783 1774 2743
5334 2783 2743 1785
5335 2861 2810 1830
5336 2784 1842 2744
5337 2785 2725 1817
5338 2812 2785 1818
5339 2786 2724 1799
5340 2813 2786 1798
5341 2787 2657 2532
5342 2787 2532 1871
5343 2788 1774 2655
5344 2788 1773 2669
5345 2789 2670 2744
5346 2789 2744 1842
5347 2820 1918 2809
5348 2790 1917 2753
5349 2791 1928 2074
5350 2814 1929 2778
5351 2804 2792 2764
5352 2839 2792 1787
5353 2883 2876 1862
5354 2822 2765 2793
5355 2857 2840 2794
5356 2794 1829 2768
5357 2795 1799 2724
5358 2795 2720 2675
5359 2796 1817 2725
5360 2796 2721 2676
5361 2797 2608 2600
5362 2797 1843 2754
5363 2798 2606 2632
5364 2798 1806 2761
5365 2799 2607 2631
5366 2799 1810 2762
5367 2841 2825 2800
5368 2800 1853 2757
5369 2842 2827 2801
5370 2801 1796 2758
5371 2843 2826 2802
5372 2802 1820 2759
5373 2846 2830 2803
5374 2803 1897 2760
5375 2804 2764 2727
5376 2823 2804 1786
5377 2822 1861 2765
5378 2821 2805 1862
5379 2848 1864 2825
5380 2877 2833 1863
5381 2882 1884 2714
5382 2886 2832 1885
5383 2808 1919 2650
5384 2808 2726 1908
5385 2820 2811 2790
5386 2809 1918 2748
5387 2853 1831 2826
5388 2861 2857 1841
5389 2887 2880 1906
5390 2887 2782 2811
5391 2868 2837 1819
5392 2812 1807 2761
5393 2869 2836 1797
5394 2813 1809 2762
5395 2814 2753 2791
5396 2814 2778 1918
5397 2815 2527 1801
5398 2815 1801 2746
5399 2816 2528 1815
5400 2816 1815 2747
5401 2817 1773 2601
5402 2817 2601 2571
5403 2818 1843 2600
5404 2818 2600 2570
5405 2896 1841 2824
5406 2819 1842 2784
5407 2820 2809 1907
5408 2887 1907 2880
5409 2858 2821 1862
5410 2821 1851 2772
5411 2883 1873 2876
5412 2822 1862 2805
5413 2903 2859 1786
5414 2870 2849 1798
5415 2896 2824 2757
5416 2872 2824 1841
5417 2825 1864 2715
5418 2841 2800 1852
5419 2826 1831 2717
5420 2843 2802 1819
5421 2903 2827 2842
5422 2827 1785 2716
5423 2844 2758 1807
5424 2869 1808 2852
5425 2845 2759 1809
5426 2868 1808 2851
5427 2866 2855 2846
5428 2830 1908 2718
5429 2847 2760 1886
5430 2863 2860 2834
5431 2881 2832 1874
5432 2832 2776 2807
5433 2885 2833 1874
5434 2833 2777 2806
5435 2882 2863 2834
5436 2860 1896 2831
5437 2855 1908 2830
5438 2835 1907 2809
5439 2849 2836 1798
5440 2869 2852 2836
5441 2865 1830 2843
5442 2868 2851 2837
5443 2854 1840 2729
5444 2857 1830 2840
5445 2839 2767 2792
5446 2839 1787 2704
5447 2865 2856 2840
5448 2840 1829 2794
5449 2874 2864 1852
5450 2848 1863 2806
5451 2859 2842 1797
5452 2903 2842 2859
5453 2865 1819 2850
5454 2853 1830 2810
5455 2851 1807 2812
5456 2844 1808 2828
5457 2852 1809 2813
5458 2845 1808 2829
5459 2866 2846 1896
5460 2855 1907 2835
5461 2862 2847 1886
5462 2889 2831 2847
5463 2848 2806 1864
5464 2848 2825 2841
5465 2870 1798 2734
5466 2859 2849 2823
5467 2850 2837 1818
5468 2871 1818 2735
5469 2851 1808 2844
5470 2851 2812 2837
5471 2852 1808 2845
5472 2852 2813 2836
5473 2853 2810 1831
5474 2853 2826 2843
5475 2874 2854 1851
5476 2875 2854 2874
5477 2855 2835 1908
5478 2855 2830 2846
5479 2856 1829 2840
5480 2865 2840 1830
5481 2857 2838 1841
5482 2861 1841 2819
5483 2873 2864 2858
5484 2858 1851 2821
5485 2859 1797 2849
5486 2859 2823 1786
5487 2860 2831 1885
5488 2860 1885 2807
5489 2861 2819 2810
5490 2861 1830 2857
5491 2862 1886 2732
5492 2885 2862 1875
5493 2878 2866 1896
5494 2863 1896 2860
5495 2864 1863 2841
5496 2864 2841 1852
5497 2865 2843 1819
5498 2865 2850 2856
5499 2884 2880 2866
5500 2866 1907 2855
5501 2867 2698 1886
5502 2867 1886 2760
5503 2868 1819 2829
5504 2868 2829 1808
5505 2869 1797 2828
5506 2869 2828 1808
5507 2870 2734 1787
5508 2870 1787 2823
5509 2871 2850 1818
5510 2871 2735 1829
5511 2875 2824 2872
5512 2872 1841 2838
5513 2876 2873 1862
5514 2873 1863 2864
5515 2875 2874 1852
5516 2874 1851 2858
5517 2875 1852 2824
5518 2875 2872 2854
5519 2883 1862 2822
5520 2881 2876 1873
5521 2877 1874 2833
5522 2877 1863 2873
5523 2882 2878 2863
5524 2884 1906 2880
5525 2879 1887 2698
5526 2879 2698 2867
5527 2887 1906 2782
5528 2880 1907 2866
5529 2881 1873 2832
5530 2881 1874 2877
5531 2882 2714 1895
5532 2882 1895 2878
5533 2883 2822 2793
5534 2883 2793 1873
5535 2884 2878 1895
5536 2888 1895 2683
5537 2885 1875 2777
5538 2886 2885 1874
5539 2886 1874 2832
5540 2889 2886 1885
5541 2887 2811 2820
5542 2887 2820 1907
5543 2901 2888 2646
5544 2888 1906 2884
5545 2889 1885 2831
5546 2889 2847 2862
5547 2900 2890 1948
5548 2890 1947 1958
5549 2891 1926 2021
5550 2891 2072 1927
5551 2892 1912 2028
5552 2892 2082 1901
5553 2893 1780 2036
5554 2893 2091 1769
5555 2894 1711 1981
5556 2894 2054 1716
5557 2895 1836 2003
5558 2895 2063 1847
5559 2896 2757 1842
5560 2896 2819 1841
5561 2897 1702 1952
5562 2897 1952 1967
5563 2898 1933 2001
5564 2898 2001 2079
5565 2899 1947 2890
5566 2899 2225 1942
5567 2900 1948 2215
5568 2900 2225 2899
5569 2901 2646 1905
5570 2901 2733 1906
5571 2904 1933 2344
5572 2902 1932 2024
5573 2903 1786 2763
5574 2903 2763 1785
5575 2904 2344 2406
5576 2904 2406 1932
